playerID,sportCode,team_id,team_abbrev,team_name,positionCode,firstName,lastName,dateOfBirth,height,weight,number,college,birthCountry,birthCityState,draftYear,playerID,totalGoals,assists,saves
225561,FIF,624,ALG,Algeria,G,Luca,Zidane,1998-05-13,"6' 0""",172.0,23,NULL,Algeria,NULL,NULL,225561,0,0,8
299346,FIF,624,ALG,Algeria,G,Oussama,Benbot,1994-10-11,"6' 2""",196.0,16,NULL,Algeria,NULL,NULL,299346,0,0,0
324711,FIF,624,ALG,Algeria,G,Melvin,Mastil,2000-02-19,"6' 4""",196.0,1,NULL,Algeria,NULL,NULL,324711,0,0,0
150451,FIF,624,ALG,Algeria,D,Aïssa,Mandi,1991-10-22,"6' 1""",179.0,2,NULL,Algeria,NULL,NULL,150451,0,0,0
220703,FIF,624,ALG,Algeria,D,Ramy,Bensebaini,1995-04-16,"6' 2""",181.0,21,NULL,Algeria,NULL,NULL,220703,0,0,0
272512,FIF,624,ALG,Algeria,D,Rayan,Aït-Nouri,2001-06-06,"5' 11""",174.0,15,NULL,Algeria,NULL,NULL,272512,0,0,0
285539,FIF,624,ALG,Algeria,D,Mohamed Amine,Tougai,2000-01-22,"6' 1""",183.0,4,NULL,Algeria,NULL,NULL,285539,0,0,0
285547,FIF,624,ALG,Algeria,D,Zineddine,Belaïd,1999-03-20,"6' 1""",183.0,5,NULL,Algeria,NULL,NULL,285547,0,0,0
287572,FIF,624,ALG,Algeria,D,Samir,Chergui,1999-02-06,"6' 1""",172.0,26,NULL,Algeria,NULL,NULL,287572,0,0,0
306033,FIF,624,ALG,Algeria,D,Jaouen,Hadjam,2003-03-26,"6' 1""",181.0,13,NULL,Algeria,NULL,NULL,306033,0,0,0
364590,FIF,624,ALG,Algeria,D,Rafik,Belghali,2002-06-07,"5' 10""",150.0,17,NULL,Algeria,NULL,NULL,364590,1,0,0
407797,FIF,624,ALG,Algeria,D,Achraf,Abada,1999-06-15,"6' 1""",172.0,3,NULL,Algeria,NULL,NULL,407797,0,0,0
179187,FIF,624,ALG,Algeria,M,Nabil,Bentaleb,1994-11-24,"6' 2""",168.0,19,NULL,Algeria,NULL,NULL,179187,0,0,0
241116,FIF,624,ALG,Algeria,M,Houssem,Aouar,1998-06-30,"5' 9""",152.0,8,NULL,Algeria,NULL,NULL,241116,0,2,0
287078,FIF,624,ALG,Algeria,M,Hicham,Boudaoui,1999-09-23,"5' 9""",132.0,14,NULL,Algeria,NULL,NULL,287078,0,0,0
290517,FIF,624,ALG,Algeria,M,Ramiz,Zerrouki,1998-05-26,"6' 0""",181.0,6,NULL,Algeria,NULL,NULL,290517,0,0,0
337306,FIF,624,ALG,Algeria,M,Farès,Chaïbi,2002-11-28,"6' 0""",150.0,10,NULL,Algeria,NULL,NULL,337306,0,0,0
341720,FIF,624,ALG,Algeria,M,Yassine,Titraoui,2003-07-26,"5' 7""",152.0,24,NULL,Algeria,NULL,NULL,341720,0,0,0
361212,FIF,624,ALG,Algeria,M,Ibrahim,Maza,2005-11-24,"5' 11""",172.0,22,NULL,Algeria,NULL,NULL,361212,0,0,0
163940,FIF,624,ALG,Algeria,F,Riyad,Mahrez,1991-02-21,"5' 10""",161.0,7,NULL,Algeria,NULL,NULL,163940,2,1,0
259743,FIF,624,ALG,Algeria,F,Amine,Gouiri,2000-02-16,"5' 11""",174.0,9,NULL,Algeria,NULL,NULL,259743,1,0,0
315384,FIF,624,ALG,Algeria,F,Mohamed,Amoura,2000-05-09,"5' 7""",132.0,18,NULL,Algeria,NULL,NULL,315384,0,0,0
341706,FIF,624,ALG,Algeria,F,Adil,Boulbina,2003-05-02,"6' 0""",174.0,20,NULL,Algeria,NULL,NULL,341706,0,0,0
341711,FIF,624,ALG,Algeria,F,Anis,Hadj Moussa,2002-02-11,"5' 9""",163.0,11,NULL,Algeria,NULL,NULL,341711,0,0,0
346186,FIF,624,ALG,Algeria,F,Nadhir,Benbouali,2000-04-17,"6' 3""",185.0,12,NULL,Algeria,NULL,NULL,346186,1,0,0
356536,FIF,624,ALG,Algeria,F,Farès,Ghedjemis,2002-09-06,"6' 0""",181.0,25,NULL,Algeria,NULL,NULL,356536,0,0,0
311743,FIF,202,ARG,Argentina,F,José Manuel,López,2000-12-06,"6' 3""",170.0,21,NULL,Argentina,NULL,NULL,311743,0,1,0
323838,FIF,202,ARG,Argentina,F,Giuliano,Simeone,2002-12-18,"5' 8""",163.0,17,NULL,Argentina,NULL,NULL,323838,0,0,0
158626,FIF,202,ARG,Argentina,G,Emiliano,Martínez,1992-09-02,"6' 5""",214.0,23,NULL,Argentina,NULL,NULL,158626,0,0,20
167192,FIF,202,ARG,Argentina,G,Gerónimo,Rulli,1992-05-20,"6' 2""",174.0,12,NULL,Argentina,NULL,NULL,167192,0,0,0
177927,FIF,202,ARG,Argentina,G,Juan,Musso,1994-05-06,"6' 3""",203.0,1,NULL,Argentina,NULL,NULL,177927,0,0,0
96970,FIF,202,ARG,Argentina,D,Cristian,Romero,1998-04-27,"6' 1""",172.0,13,NULL,Argentina,NULL,NULL,96970,1,0,0
119289,FIF,202,ARG,Argentina,D,Nicolás,Otamendi,1988-02-12,"6' 0""",183.0,19,NULL,Argentina,NULL,NULL,119289,0,0,0
145190,FIF,202,ARG,Argentina,D,Nicolás,Tagliafico,1992-08-31,"5' 8""",141.0,3,NULL,Argentina,NULL,NULL,145190,0,0,0
164826,FIF,202,ARG,Argentina,D,Nahuel,Molina,1998-04-06,"5' 9""",152.0,26,NULL,Argentina,NULL,NULL,164826,0,0,0
228262,FIF,202,ARG,Argentina,D,Gonzalo,Montiel,1997-01-01,"5' 9""",152.0,4,NULL,Argentina,NULL,NULL,228262,0,1,0
233937,FIF,202,ARG,Argentina,D,Lisandro,Martínez,1998-01-18,"5' 9""",172.0,6,NULL,Argentina,NULL,NULL,233937,1,1,0
233945,FIF,202,ARG,Argentina,D,Marcos,Senesi,1997-05-10,"6' 1""",172.0,2,NULL,Argentina,NULL,NULL,233945,0,0,0
249663,FIF,202,ARG,Argentina,D,Facundo,Medina,1999-05-28,"6' 0""",172.0,25,NULL,Argentina,NULL,NULL,249663,0,1,0
153115,FIF,202,ARG,Argentina,M,Leandro,Paredes,1994-06-29,"5' 11""",161.0,5,NULL,Argentina,NULL,NULL,153115,0,0,0
174466,FIF,202,ARG,Argentina,M,Rodrigo,De Paul,1994-05-24,"5' 11""",161.0,7,NULL,Argentina,NULL,NULL,174466,0,1,0
207343,FIF,202,ARG,Argentina,M,Giovani,Lo Celso,1996-04-09,"5' 10""",150.0,11,NULL,Argentina,NULL,NULL,207343,1,0,0
228393,FIF,202,ARG,Argentina,M,Exequiel,Palacios,1998-10-05,"5' 9""",159.0,14,NULL,Argentina,NULL,NULL,228393,0,0,0
249299,FIF,202,ARG,Argentina,M,Alexis,Mac Allister,1998-12-24,"5' 9""",163.0,20,NULL,Argentina,NULL,NULL,249299,1,1,0
277208,FIF,202,ARG,Argentina,M,Thiago,Almada,2001-04-26,"5' 7""",139.0,16,NULL,Argentina,NULL,NULL,277208,0,0,0
285450,FIF,202,ARG,Argentina,M,Enzo,Fernández,2001-01-17,"5' 10""",161.0,24,NULL,Argentina,NULL,NULL,285450,2,0,0
320760,FIF,202,ARG,Argentina,M,Valentín,Barco,2004-07-23,"5' 7""",148.0,8,NULL,Argentina,NULL,NULL,320760,0,0,0
45843,FIF,202,ARG,Argentina,F,Lionel,Messi,1987-06-24,"5' 7""",148.0,10,NULL,Argentina,Rosario,NULL,45843,8,4,0
76017,FIF,202,ARG,Argentina,F,Nico,González,1998-04-06,"5' 11""",170.0,15,NULL,Argentina,NULL,NULL,76017,0,1,0
219713,FIF,202,ARG,Argentina,F,Lautaro,Martínez,1997-08-22,"5' 9""",152.0,22,NULL,Argentina,NULL,NULL,219713,3,1,0
277206,FIF,202,ARG,Argentina,F,Julián,Álvarez,2000-01-31,"5' 7""",157.0,9,NULL,Argentina,NULL,NULL,277206,1,0,0
337970,FIF,202,ARG,Argentina,F,Nico,Paz,2004-09-08,"6' 1""",172.0,18,NULL,Argentina,NULL,NULL,337970,0,0,0
141438,FIF,628,AUS,Australia,G,Mathew,Ryan,1992-04-08,"6' 0""",181.0,1,NULL,Australia,Plumpton,NULL,141438,0,0,0
159494,FIF,628,AUS,Australia,G,Paul,Izzo,1995-01-06,"6' 1""",179.0,12,NULL,Australia,Adelaide,NULL,159494,0,0,0
335240,FIF,628,AUS,Australia,G,Patrick,Beach,2003-08-06,"6' 3""",183.0,18,NULL,Australia,NULL,NULL,335240,0,0,14
159502,FIF,628,AUS,Australia,D,Milos,Degenek,1994-04-28,"6' 2""",181.0,2,NULL,Australia,NULL,NULL,159502,0,0,0
172137,FIF,628,AUS,Australia,D,Jason,Geria,1993-05-10,"6' 0""",163.0,6,NULL,Australia,Canberra,NULL,172137,0,0,0
200414,FIF,628,AUS,Australia,D,Aziz,Behich,1990-12-16,"5' 7""",150.0,16,NULL,Australia,Melbourne,NULL,200414,0,0,0
207350,FIF,628,AUS,Australia,D,Cameron,Burgess,1995-10-21,"6' 4""",203.0,21,NULL,Australia,NULL,NULL,207350,0,0,0
207461,FIF,628,AUS,Australia,D,Harry,Souttar,1998-10-22,"6' 6""",218.0,19,NULL,Australia,NULL,NULL,207461,0,0,0
267053,FIF,628,AUS,Australia,D,Jacob,Italiano,2001-07-30,"5' 10""",159.0,4,NULL,Australia,NULL,NULL,267053,0,0,0
291697,FIF,628,AUS,Australia,D,Kai,Trewin,2001-05-18,"6' 0""",161.0,15,NULL,Australia,NULL,NULL,291697,0,0,0
328541,FIF,628,AUS,Australia,D,Jordan,Bos,2002-10-29,"6' 0""",183.0,5,NULL,Australia,NULL,NULL,328541,0,0,0
332081,FIF,628,AUS,Australia,D,Alessandro,Circati,2003-10-10,"6' 3""",185.0,3,NULL,Australia,NULL,NULL,332081,0,0,0
392320,FIF,628,AUS,Australia,D,Lucas,Herrington,2007-09-05,"6' 4""",174.0,25,NULL,Australia,NULL,NULL,392320,0,0,0
178071,FIF,628,AUS,Australia,M,Jackson,Irvine,1993-03-07,"6' 2""",161.0,22,NULL,Australia,NULL,NULL,178071,0,0,0
181707,FIF,628,AUS,Australia,M,Awer,Mabil,1995-09-15,"5' 10""",161.0,11,NULL,Australia,NULL,NULL,181707,0,0,0
227289,FIF,628,AUS,Australia,M,Ajdin,Hrustic,1996-07-05,"6' 0""",172.0,10,NULL,Australia,NULL,NULL,227289,0,0,0
241031,FIF,628,AUS,Australia,M,Aiden,O'Neill,1998-07-04,"6' 0""",152.0,13,NULL,Australia,NULL,NULL,241031,0,0,0
260643,FIF,628,AUS,Australia,M,Connor,Metcalfe,1999-11-05,"6' 0""",163.0,8,NULL,Australia,NULL,NULL,260643,1,0,0
276917,FIF,628,AUS,Australia,M,Cameron,Devlin,1998-06-07,"5' 7""",150.0,14,NULL,Australia,NULL,NULL,276917,0,0,0
330259,FIF,628,AUS,Australia,M,Cristian,Volpato,2003-11-15,"6' 2""",168.0,20,NULL,Australia,NULL,NULL,330259,0,0,0
403528,FIF,628,AUS,Australia,M,Paul,Okon-Engstler,2005-01-24,"6' 1""",183.0,24,NULL,Australia,NULL,NULL,403528,0,1,0
140994,FIF,628,AUS,Australia,F,Mathew,Leckie,1991-02-04,"5' 11""",172.0,7,NULL,Australia,Melbourne,NULL,140994,0,0,0
302688,FIF,628,AUS,Australia,F,Mohamed,Toure,2004-03-26,"6' 1""",172.0,9,NULL,Australia,NULL,NULL,302688,0,0,0
312261,FIF,628,AUS,Australia,F,Tete,Yengi,2000-11-28,"6' 6""",183.0,26,NULL,Australia,NULL,NULL,312261,0,0,0
318429,FIF,628,AUS,Australia,F,Nishan,Velupillay,2001-05-07,"5' 11""",170.0,23,NULL,Australia,NULL,NULL,318429,0,0,0
328535,FIF,628,AUS,Australia,F,Nestory,Irankunda,2006-02-09,"5' 5""",163.0,17,NULL,Australia,NULL,NULL,328535,1,0,0
195082,FIF,474,AUT,Austria,G,Alexander,Schlager,1996-02-01,"6' 0""",174.0,1,NULL,Austria,NULL,NULL,195082,0,0,13
237966,FIF,474,AUT,Austria,G,Patrick,Pentz,1997-01-02,"6' 0""",179.0,13,NULL,Austria,NULL,NULL,237966,0,0,0
387869,FIF,474,AUT,Austria,G,Florian,Wiegele,2001-03-21,"6' 9""",214.0,12,NULL,Austria,NULL,NULL,387869,0,0,0
118444,FIF,474,AUT,Austria,D,David,Alaba,1992-06-24,"5' 11""",172.0,8,NULL,Austria,NULL,NULL,118444,0,1,0
219316,FIF,474,AUT,Austria,D,Philipp,Lienhart,1996-07-11,"6' 2""",183.0,15,NULL,Austria,NULL,NULL,219316,0,0,0
232477,FIF,474,AUT,Austria,D,Marco,Friedl,1998-03-16,"6' 2""",181.0,23,NULL,Austria,NULL,NULL,232477,0,0,0
238906,FIF,474,AUT,Austria,D,Stefan,Posch,1997-05-14,"6' 3""",181.0,5,NULL,Austria,NULL,NULL,238906,0,0,0
239574,FIF,474,AUT,Austria,D,Phillipp,Mwene,1994-01-29,"5' 7""",146.0,16,NULL,Austria,NULL,NULL,239574,0,0,0
250543,FIF,474,AUT,Austria,D,Kevin,Danso,1998-09-19,"6' 3""",185.0,3,NULL,Austria,NULL,NULL,250543,0,0,0
289942,FIF,474,AUT,Austria,D,Michael,Svoboda,1998-10-15,"6' 5""",190.0,25,NULL,Austria,NULL,NULL,289942,0,0,0
313230,FIF,474,AUT,Austria,D,David,Affengruber,2001-03-19,"6' 1""",172.0,2,NULL,Austria,NULL,NULL,313230,0,0,0
320939,FIF,474,AUT,Austria,D,Alexander,Prass,2001-05-26,"6' 0""",159.0,22,NULL,Austria,NULL,NULL,320939,0,0,0
169189,FIF,474,AUT,Austria,M,Konrad,Laimer,1997-05-27,"5' 11""",159.0,20,NULL,Austria,NULL,NULL,169189,0,1,0
173907,FIF,474,AUT,Austria,M,Marcel,Sabitzer,1994-03-17,"5' 10""",170.0,9,NULL,Austria,NULL,NULL,173907,1,0,0
203868,FIF,474,AUT,Austria,M,Alessandro,Schöpf,1994-02-07,"5' 10""",161.0,26,NULL,Austria,NULL,NULL,203868,0,0,0
219304,FIF,474,AUT,Austria,M,Florian,Grillitsch,1995-08-07,"6' 2""",161.0,10,NULL,Austria,NULL,NULL,219304,0,0,0
238296,FIF,474,AUT,Austria,M,Romano,Schmid,2000-01-27,"5' 6""",150.0,18,NULL,Austria,NULL,NULL,238296,1,0,0
238886,FIF,474,AUT,Austria,M,Xaver,Schlager,1997-09-28,"5' 9""",172.0,4,NULL,Austria,NULL,NULL,238886,0,1,0
294317,FIF,474,AUT,Austria,M,Carney,Chukwuemeka,2003-10-20,"6' 2""",170.0,17,NULL,Austria,NULL,NULL,294317,0,0,0
300095,FIF,474,AUT,Austria,M,Patrick,Wimmer,2001-05-30,"6' 0""",170.0,21,NULL,Austria,NULL,NULL,300095,0,0,0
305956,FIF,474,AUT,Austria,M,Nicolas,Seiwald,2001-05-04,"5' 11""",174.0,6,NULL,Austria,NULL,NULL,305956,0,0,0
333399,FIF,474,AUT,Austria,M,Paul,Wanner,2005-12-23,"6' 1""",163.0,24,NULL,Austria,NULL,NULL,333399,0,0,0
98193,FIF,474,AUT,Austria,F,Marko,Arnautovic,1989-04-19,"6' 4""",192.0,7,NULL,Austria,NULL,NULL,98193,2,0,0
146804,FIF,474,AUT,Austria,F,Michael,Gregoritsch,1994-04-18,"6' 4""",201.0,11,NULL,Austria,NULL,NULL,146804,0,1,0
259131,FIF,474,AUT,Austria,F,Sasa,Kalajdzic,1997-07-07,"6' 7""",196.0,14,NULL,Austria,NULL,NULL,259131,1,0,0
134283,FIF,459,BEL,Belgium,G,Thibaut,Courtois,1992-05-11,"6' 7""",212.0,1,NULL,Belgium,NULL,NULL,134283,0,0,14
301425,FIF,459,BEL,Belgium,G,Senne,Lammens,2002-07-07,"6' 4""",192.0,12,NULL,Belgium,NULL,NULL,301425,0,0,2
332343,FIF,459,BEL,Belgium,G,Mike,Penders,2005-07-31,"6' 7""",227.0,13,NULL,Belgium,NULL,NULL,332343,0,0,0
166473,FIF,459,BEL,Belgium,D,Thomas,Meunier,1991-09-12,"6' 3""",192.0,15,NULL,Belgium,NULL,NULL,166473,0,1,0
191222,FIF,459,BEL,Belgium,D,Brandon,Mechele,1993-01-28,"6' 3""",172.0,4,NULL,Belgium,NULL,NULL,191222,0,0,0
197163,FIF,459,BEL,Belgium,D,Timothy,Castagne,1995-12-05,"6' 1""",174.0,21,NULL,Belgium,NULL,NULL,197163,0,1,0
301327,FIF,459,BEL,Belgium,D,Maxim,De Cuyper,2000-12-22,"6' 0""",157.0,5,NULL,Belgium,NULL,NULL,301327,0,0,0
304222,FIF,459,BEL,Belgium,D,Arthur,Theate,2000-05-25,"6' 1""",172.0,3,NULL,Belgium,NULL,NULL,304222,0,0,0
309570,FIF,459,BEL,Belgium,D,Koni,De Winter,2002-06-12,"6' 3""",172.0,16,NULL,Belgium,NULL,NULL,309570,0,0,0
314473,FIF,459,BEL,Belgium,D,Zeno,Debast,2003-10-24,"6' 3""",163.0,2,NULL,Belgium,NULL,NULL,314473,0,0,0
318577,FIF,459,BEL,Belgium,D,Nathan,Ngoy,2003-06-10,"6' 0""",172.0,25,NULL,Belgium,NULL,NULL,318577,0,0,0
363068,FIF,459,BEL,Belgium,D,Joaquin,Seys,2005-03-28,"5' 10""",157.0,18,NULL,Belgium,NULL,NULL,363068,0,0,0
134947,FIF,459,BEL,Belgium,M,Kevin,De Bruyne,1991-06-28,"5' 11""",172.0,7,NULL,Belgium,NULL,NULL,134947,1,0,0
164895,FIF,459,BEL,Belgium,M,Axel,Witsel,1989-01-12,"6' 1""",181.0,6,NULL,Belgium,NULL,NULL,164895,0,0,0
193297,FIF,459,BEL,Belgium,M,Youri,Tielemans,1997-05-07,"5' 9""",159.0,8,NULL,Belgium,NULL,NULL,193297,2,0,0
193849,FIF,459,BEL,Belgium,M,Hans,Vanaken,1992-08-24,"6' 5""",190.0,20,NULL,Belgium,NULL,NULL,193849,1,2,0
260027,FIF,459,BEL,Belgium,M,Nicolas,Raskin,2001-02-23,"5' 10""",168.0,23,NULL,Belgium,NULL,NULL,260027,0,2,0
304799,FIF,459,BEL,Belgium,M,Amadou,Onana,2001-08-16,"6' 5""",168.0,24,NULL,Belgium,NULL,NULL,304799,0,0,0
139437,FIF,459,BEL,Belgium,F,Romelu,Lukaku,1993-05-13,"6' 3""",225.0,9,NULL,Belgium,NULL,NULL,139437,3,1,0
174980,FIF,459,BEL,Belgium,F,Leandro,Trossard,1994-12-04,"5' 8""",141.0,10,NULL,Belgium,NULL,NULL,174980,2,2,0
229443,FIF,459,BEL,Belgium,F,Dodi,Lukébakio,1997-09-24,"6' 2""",170.0,14,NULL,Belgium,NULL,NULL,229443,0,0,0
271132,FIF,459,BEL,Belgium,F,Alexis,Saelemaekers,1999-06-27,"5' 11""",159.0,22,NULL,Belgium,NULL,NULL,271132,1,0,0
283672,FIF,459,BEL,Belgium,F,Jérémy,Doku,2002-05-27,"5' 8""",181.0,11,NULL,Belgium,NULL,NULL,283672,0,0,0
296319,FIF,459,BEL,Belgium,F,Charles,De Ketelaere,2001-03-10,"6' 4""",183.0,17,NULL,Belgium,NULL,NULL,296319,3,1,0
340678,FIF,459,BEL,Belgium,F,Diego,Moreira,2004-08-06,"5' 10""",161.0,19,NULL,Belgium,NULL,NULL,340678,0,0,0
359651,FIF,459,BEL,Belgium,F,Matias,Fernandez-Pardo,2005-02-03,"6' 0""",190.0,26,NULL,Belgium,NULL,NULL,359651,0,0,0
79941,FIF,452,BIH,Bosnia-Herzegovina,G,Nikola,Vasilj,1995-12-02,"6' 4""",190.0,1,NULL,Bosnia and Herzegovina,NULL,NULL,79941,0,0,6
258757,FIF,452,BIH,Bosnia-Herzegovina,G,Martin,Zlomislic,1998-08-16,"6' 3""",185.0,22,NULL,Bosnia and Herzegovina,NULL,NULL,258757,0,0,0
401246,FIF,452,BIH,Bosnia-Herzegovina,G,Mladen,Jurkas,2007-10-07,"6' 4""",196.0,12,NULL,Bosnia and Herzegovina,NULL,NULL,401246,0,0,0
170553,FIF,452,BIH,Bosnia-Herzegovina,D,Sead,Kolasinac,1993-06-20,"6' 0""",185.0,5,NULL,Bosnia and Herzegovina,NULL,NULL,170553,0,1,0
220538,FIF,452,BIH,Bosnia-Herzegovina,D,Nikola,Katic,1996-10-10,"6' 4""",196.0,18,NULL,Bosnia and Herzegovina,NULL,NULL,220538,0,0,0
246836,FIF,452,BIH,Bosnia-Herzegovina,D,Dennis,Hadzikadunic,1998-07-09,"6' 3""",179.0,3,NULL,Bosnia and Herzegovina,NULL,NULL,246836,0,1,0
257942,FIF,452,BIH,Bosnia-Herzegovina,D,Nihad,Mujakic,1998-04-15,"6' 2""",172.0,2,NULL,Bosnia and Herzegovina,NULL,NULL,257942,0,0,0
275414,FIF,452,BIH,Bosnia-Herzegovina,D,Stjepan,Radeljic,1997-09-05,"6' 7""",192.0,21,NULL,Bosnia and Herzegovina,NULL,NULL,275414,0,0,0
308979,FIF,452,BIH,Bosnia-Herzegovina,D,Amar,Dedic,2002-08-18,"5' 11""",161.0,7,NULL,Bosnia and Herzegovina,NULL,NULL,308979,0,0,0
318390,FIF,452,BIH,Bosnia-Herzegovina,D,Tarik,Muharemovic,2003-02-28,"6' 4""",183.0,4,NULL,Bosnia and Herzegovina,NULL,NULL,318390,0,0,0
387044,FIF,452,BIH,Bosnia-Herzegovina,D,Nidal,Celik,2006-07-17,"6' 4""",183.0,24,NULL,Bosnia and Herzegovina,NULL,NULL,387044,NULL,NULL,NULL
194767,FIF,452,BIH,Bosnia-Herzegovina,M,Ivan,Sunjic,1996-10-09,"6' 1""",152.0,14,NULL,Bosnia and Herzegovina,NULL,NULL,194767,0,0,0
221961,FIF,452,BIH,Bosnia-Herzegovina,M,Amir,Hadziahmetovic,1997-03-08,"5' 10""",157.0,16,NULL,Bosnia and Herzegovina,NULL,NULL,221961,0,0,0
225571,FIF,452,BIH,Bosnia-Herzegovina,M,Dzenis,Burnic,1998-05-22,"5' 11""",161.0,17,NULL,Bosnia and Herzegovina,NULL,NULL,225571,0,0,0
288932,FIF,452,BIH,Bosnia-Herzegovina,M,Armin,Gigovic,2002-04-06,"6' 2""",172.0,8,NULL,Bosnia and Herzegovina,NULL,NULL,288932,0,0,0
306256,FIF,452,BIH,Bosnia-Herzegovina,M,Ivan,Basic,2002-04-30,"5' 10""",163.0,13,NULL,Bosnia and Herzegovina,NULL,NULL,306256,0,1,0
338199,FIF,452,BIH,Bosnia-Herzegovina,M,Amar,Memic,2001-01-20,"5' 9""",159.0,15,NULL,Bosnia and Herzegovina,NULL,NULL,338199,0,0,0
352660,FIF,452,BIH,Bosnia-Herzegovina,M,Benjamin,Tahirovic,2003-03-03,"6' 4""",183.0,6,NULL,Bosnia and Herzegovina,NULL,NULL,352660,0,0,0
414676,FIF,452,BIH,Bosnia-Herzegovina,M,Ermin,Mahmic,2005-03-14,"6' 0""",179.0,26,NULL,Bosnia and Herzegovina,NULL,NULL,414676,2,0,0
102337,FIF,452,BIH,Bosnia-Herzegovina,F,Edin,Dzeko,1986-03-17,"6' 4""",174.0,11,NULL,Bosnia and Herzegovina,NULL,NULL,102337,0,0,0
184869,FIF,452,BIH,Bosnia-Herzegovina,F,Haris,Tabakovic,1994-06-20,"6' 5""",196.0,23,NULL,Bosnia and Herzegovina,NULL,NULL,184869,0,0,0
269136,FIF,452,BIH,Bosnia-Herzegovina,F,Ermedin,Demirovic,1998-03-25,"6' 1""",183.0,10,NULL,Bosnia and Herzegovina,NULL,NULL,269136,0,0,0
305118,FIF,452,BIH,Bosnia-Herzegovina,F,Jovo,Lukic,1998-11-28,"6' 3""",174.0,25,NULL,Bosnia and Herzegovina,NULL,NULL,305118,1,0,0
322244,FIF,452,BIH,Bosnia-Herzegovina,F,Samed,Bazdar,2004-01-31,"6' 2""",174.0,9,NULL,Bosnia and Herzegovina,NULL,NULL,322244,0,0,0
325410,FIF,452,BIH,Bosnia-Herzegovina,F,Esmir,Bajraktarevic,2005-03-10,"5' 9""",139.0,20,NULL,Bosnia and Herzegovina,NULL,NULL,325410,0,0,0
391034,FIF,452,BIH,Bosnia-Herzegovina,F,Kerim,Alajbegovic,2007-09-21,"6' 1""",168.0,19,NULL,Bosnia and Herzegovina,NULL,NULL,391034,1,0,0
176948,FIF,205,BRA,Brazil,G,Ederson,,1993-08-17,"6' 2""",196.0,23,NULL,Brazil,NULL,NULL,176948,0,0,0
196876,FIF,205,BRA,Brazil,G,Alisson,Becker,1992-10-02,"6' 4""",201.0,1,NULL,Brazil,NULL,NULL,196876,0,0,14
198983,FIF,205,BRA,Brazil,G,Weverton,,1987-12-13,"6' 2""",183.0,12,NULL,Brazil,NULL,NULL,198983,0,0,0
125514,FIF,205,BRA,Brazil,D,Alex Sandro,,1991-01-26,"5' 11""",181.0,6,NULL,Brazil,NULL,NULL,125514,0,0,0
145405,FIF,205,BRA,Brazil,D,Léo,Pereira,1996-01-31,"6' 2""",174.0,15,NULL,Brazil,NULL,NULL,145405,0,0,0
159047,FIF,205,BRA,Brazil,D,Marquinhos,,1994-05-14,"6' 0""",172.0,4,NULL,Brazil,NULL,NULL,159047,0,0,0
170369,FIF,205,BRA,Brazil,D,Danilo,,1991-07-15,"6' 0""",183.0,13,NULL,Brazil,Campinas,NULL,170369,0,0,0
186575,FIF,205,BRA,Brazil,D,Douglas,Santos,1994-03-22,"5' 8""",150.0,16,NULL,Brazil,NULL,NULL,186575,0,0,0
236322,FIF,205,BRA,Brazil,D,Gabriel,Magalhães,1997-12-19,"6' 3""",203.0,3,NULL,Brazil,NULL,NULL,236322,0,1,0
258307,FIF,205,BRA,Brazil,D,Bremer,,1997-03-18,"6' 2""",192.0,14,NULL,Brazil,NULL,NULL,258307,0,0,0
259835,FIF,205,BRA,Brazil,D,Roger,Ibañez,1998-11-23,"6' 1""",174.0,24,NULL,Brazil,NULL,NULL,259835,0,0,0
173666,FIF,205,BRA,Brazil,M,Casemiro,,1992-02-23,"6' 1""",183.0,5,NULL,Brazil,NULL,NULL,173666,1,0,0
176287,FIF,205,BRA,Brazil,M,Fabinho,,1993-10-23,"6' 2""",172.0,17,NULL,Brazil,NULL,NULL,176287,0,0,0
218522,FIF,205,BRA,Brazil,M,Bruno,Guimarães,1997-11-16,"6' 0""",172.0,8,NULL,Brazil,NULL,NULL,218522,0,4,0
234715,FIF,205,BRA,Brazil,M,Lucas,Paquetá,1997-08-27,"6' 0""",161.0,20,NULL,Brazil,NULL,NULL,234715,0,1,0
278210,FIF,205,BRA,Brazil,M,Éderson,,1999-07-07,"6' 0""",183.0,2,NULL,Brazil,NULL,NULL,278210,0,0,0
306764,FIF,205,BRA,Brazil,M,Danilo,Santos,2001-04-29,"5' 10""",152.0,18,NULL,Brazil,NULL,NULL,306764,0,0,0
132948,FIF,205,BRA,Brazil,F,Neymar,,1992-02-05,"5' 9""",161.0,10,NULL,Brazil,NULL,NULL,132948,1,0,0
231050,FIF,205,BRA,Brazil,F,Raphinha,,1996-12-14,"5' 9""",139.0,11,NULL,Brazil,NULL,NULL,231050,0,0,0
252107,FIF,205,BRA,Brazil,F,Vinícius Júnior,,2000-07-12,"5' 9""",170.0,7,NULL,Brazil,NULL,NULL,252107,4,1,0
259902,FIF,205,BRA,Brazil,F,Matheus,Cunha,1999-05-27,"6' 0""",168.0,9,NULL,Brazil,NULL,NULL,259902,3,0,0
269844,FIF,205,BRA,Brazil,F,Gabriel,Martinelli,2001-06-18,"5' 10""",161.0,22,NULL,Brazil,NULL,NULL,269844,1,0,0
301894,FIF,205,BRA,Brazil,F,Igor,Thiago,2001-06-26,"6' 3""",207.0,25,NULL,Brazil,NULL,NULL,301894,0,0,0
304215,FIF,205,BRA,Brazil,M,Luiz,Henrique,2001-01-02,"6' 0""",170.0,21,NULL,Brazil,NULL,NULL,304215,0,0,0
346612,FIF,205,BRA,Brazil,F,Endrick,,2006-07-21,"5' 8""",148.0,19,NULL,Brazil,NULL,NULL,346612,0,0,0
357719,FIF,205,BRA,Brazil,F,Rayan,,2006-08-03,"6' 2""",192.0,26,NULL,Brazil,NULL,NULL,357719,0,1,0
159382,FIF,206,CAN,Canada,G,Maxime,Crépeau,1994-05-11,"5' 11""",192.0,16,NULL,Canada,NULL,NULL,159382,0,0,6
231059,FIF,206,CAN,Canada,G,Dayne,St. Clair,1997-05-09,"6' 3""",190.0,1,NULL,Canada,NULL,NULL,231059,0,0,0
330618,FIF,206,CAN,Canada,G,Owen,Goodman,2003-11-27,"6' 4""",203.0,18,NULL,Canada,NULL,NULL,330618,0,0,0
230626,FIF,206,CAN,Canada,D,Richie,Laryea,1995-01-07,"5' 9""",150.0,22,NULL,Canada,NULL,NULL,230626,0,0,0
236721,FIF,206,CAN,Canada,D,Alphonso,Davies,2000-11-02,"6' 1""",170.0,19,NULL,Canada,NULL,NULL,236721,0,0,0
236890,FIF,206,CAN,Canada,D,Joel,Waterman,1996-01-24,"6' 2""",172.0,5,NULL,Canada,NULL,NULL,236890,0,0,0
238712,FIF,206,CAN,Canada,D,Derek,Cornelius,1997-11-25,"6' 2""",190.0,13,NULL,Canada,NULL,NULL,238712,0,0,0
240589,FIF,206,CAN,Canada,D,Alfie,Jones,1997-10-07,"6' 3""",194.0,3,NULL,Canada,NULL,NULL,240589,0,0,0
293691,FIF,206,CAN,Canada,D,Alistair,Johnston,1998-10-08,"5' 11""",170.0,2,NULL,Canada,NULL,NULL,293691,0,0,0
358975,FIF,206,CAN,Canada,D,Moïse,Bombito,2000-03-30,"6' 3""",183.0,15,NULL,Canada,NULL,NULL,358975,0,0,0
365345,FIF,206,CAN,Canada,D,Luc,de Fougerolles,2005-10-12,"6' 0""",159.0,4,NULL,Canada,NULL,NULL,365345,0,0,0
184221,FIF,206,CAN,Canada,M,Jonathan,Osorio,1992-06-12,"5' 9""",150.0,21,NULL,Canada,NULL,NULL,184221,0,0,0
270505,FIF,206,CAN,Canada,M,Stephen,Eustáquio,1996-12-21,"5' 10""",152.0,7,NULL,Canada,NULL,NULL,270505,1,0,0
274296,FIF,206,CAN,Canada,M,Mathieu,Choinière,1999-02-07,"5' 9""",150.0,6,NULL,Canada,NULL,NULL,274296,0,0,0
311163,FIF,206,CAN,Canada,M,Nathan,Saliba,2004-02-07,"5' 11""",157.0,25,NULL,Canada,NULL,NULL,311163,1,2,0
325001,FIF,206,CAN,Canada,M,Ismaël,Koné,2002-06-16,"6' 2""",168.0,8,NULL,Canada,NULL,NULL,325001,0,0,0
340228,FIF,206,CAN,Canada,M,Ali,Ahmed,2000-10-10,"5' 11""",163.0,20,NULL,Canada,NULL,NULL,340228,0,0,0
363538,FIF,206,CAN,Canada,M,Niko,Sigur,2003-09-09,"5' 11""",170.0,23,NULL,Canada,NULL,NULL,363538,0,0,0
205024,FIF,206,CAN,Canada,F,Cyle,Larin,1995-04-17,"6' 2""",203.0,9,NULL,Canada,NULL,NULL,205024,2,0,0
271879,FIF,206,CAN,Canada,F,Liam,Millar,1999-09-27,"5' 11""",159.0,11,NULL,Canada,NULL,NULL,271879,0,0,0
273499,FIF,206,CAN,Canada,F,Jonathan,David,2000-01-14,"5' 10""",179.0,10,NULL,Canada,NULL,NULL,273499,3,0,0
280612,FIF,206,CAN,Canada,F,Jayden,Nelson,2002-09-26,"5' 7""",148.0,26,NULL,Canada,NULL,NULL,280612,0,0,0
284769,FIF,206,CAN,Canada,F,Tajon,Buchanan,1999-02-08,"6' 0""",150.0,17,NULL,Canada,NULL,NULL,284769,0,0,0
286214,FIF,206,CAN,Canada,F,Jacob,Shaffelburg,1999-11-26,"5' 11""",161.0,14,NULL,Canada,NULL,NULL,286214,0,0,0
294039,FIF,206,CAN,Canada,F,Tani,Oluwaseyi,2000-05-15,"6' 2""",174.0,12,NULL,Canada,NULL,NULL,294039,0,0,0
318522,FIF,206,CAN,Canada,F,Promise,David,2001-07-03,"6' 5""",201.0,24,NULL,Canada,NULL,NULL,318522,1,1,0
181330,FIF,2597,CPV,Cape Verde,G,Vozinha,,1986-06-03,"6' 2""",161.0,1,NULL,Cape Verde Islands,NULL,NULL,181330,0,0,18
260758,FIF,2597,CPV,Cape Verde,G,Márcio,Rosa,1997-02-23,"6' 1""",181.0,12,NULL,Cape Verde Islands,NULL,NULL,260758,0,0,0
265874,FIF,2597,CPV,Cape Verde,G,CJ,dos Santos,2000-08-24,"6' 3""",168.0,23,NULL,Cape Verde Islands,NULL,NULL,265874,0,0,0
148146,FIF,2597,CPV,Cape Verde,D,Stopira,,1988-05-20,"5' 10""",159.0,2,NULL,Cape Verde Islands,NULL,NULL,148146,0,0,0
180113,FIF,2597,CPV,Cape Verde,D,Steven,Moreira,1994-08-13,"5' 10""",159.0,22,NULL,Cape Verde Islands,NULL,NULL,180113,0,0,0
214683,FIF,2597,CPV,Cape Verde,D,Diney,Borges,1995-01-17,"6' 1""",172.0,3,NULL,Cape Verde Islands,NULL,NULL,214683,0,0,0
257716,FIF,2597,CPV,Cape Verde,D,Pico,Lopes,1992-06-17,"6' 1""",183.0,4,NULL,Cape Verde Islands,NULL,NULL,257716,0,0,0
271129,FIF,2597,CPV,Cape Verde,D,Logan,Costa,2001-04-01,"6' 3""",201.0,5,NULL,Cape Verde Islands,NULL,NULL,271129,0,0,0
332394,FIF,2597,CPV,Cape Verde,D,Sidny,Lopes Cabral,2002-09-18,"5' 9""",161.0,13,NULL,Cape Verde Islands,NULL,NULL,332394,1,0,0
365810,FIF,2597,CPV,Cape Verde,D,Wagner,Pina,2002-11-03,"5' 11""",159.0,24,NULL,Cape Verde Islands,NULL,NULL,365810,0,0,0
378479,FIF,2597,CPV,Cape Verde,D,Kelvin,Pires,2000-06-05,"6' 4""",185.0,25,NULL,Cape Verde Islands,NULL,NULL,378479,0,0,0
101251,FIF,2597,CPV,Cape Verde,M,Yannick,Semedo,1995-12-29,"5' 9""",130.0,16,NULL,Cape Verde Islands,NULL,NULL,101251,0,1,0
222236,FIF,2597,CPV,Cape Verde,M,Laros,Duarte,1997-02-28,"5' 11""",159.0,15,NULL,Cape Verde Islands,NULL,NULL,222236,0,0,0
227441,FIF,2597,CPV,Cape Verde,M,Jamiro,Monteiro,1993-11-23,"5' 9""",150.0,10,NULL,Cape Verde Islands,NULL,NULL,227441,0,0,0
246442,FIF,2597,CPV,Cape Verde,M,Deroy,Duarte,1999-07-04,"5' 10""",152.0,14,NULL,Cape Verde Islands,NULL,NULL,246442,1,0,0
304076,FIF,2597,CPV,Cape Verde,M,Telmo,Arcanjo,2001-06-21,"5' 11""",172.0,18,NULL,Cape Verde Islands,NULL,NULL,304076,0,0,0
318631,FIF,2597,CPV,Cape Verde,M,João,Paulo,1998-05-26,"5' 11""",163.0,8,NULL,Cape Verde Islands,NULL,NULL,318631,0,0,0
327173,FIF,2597,CPV,Cape Verde,M,Kevin,Pina,1997-01-27,"5' 11""",174.0,6,NULL,Cape Verde Islands,NULL,NULL,327173,1,0,0
135216,FIF,2597,CPV,Cape Verde,F,Ryan,Mendes,1990-01-08,"5' 10""",152.0,20,NULL,Cape Verde Islands,NULL,NULL,135216,0,1,0
175012,FIF,2597,CPV,Cape Verde,F,Garry,Rodrigues,1990-11-27,"5' 8""",150.0,11,NULL,Cape Verde Islands,NULL,NULL,175012,0,0,0
224798,FIF,2597,CPV,Cape Verde,F,Nuno,da Costa,1991-02-10,"6' 0""",150.0,21,NULL,Cape Verde Islands,NULL,NULL,224798,0,0,0
250059,FIF,2597,CPV,Cape Verde,F,Jovane,Cabral,1998-06-14,"5' 9""",159.0,7,NULL,Cape Verde Islands,NULL,NULL,250059,0,0,0
271675,FIF,2597,CPV,Cape Verde,F,Willy,Semedo,1994-04-27,"6' 1""",150.0,17,NULL,Cape Verde Islands,NULL,NULL,271675,0,0,0
310261,FIF,2597,CPV,Cape Verde,F,Gilson,Benchimol,2001-12-29,"6' 2""",172.0,9,NULL,Cape Verde Islands,NULL,NULL,310261,0,0,0
330211,FIF,2597,CPV,Cape Verde,F,Dailon,Livramento,2001-05-04,"6' 1""",161.0,19,NULL,Cape Verde Islands,NULL,NULL,330211,0,0,0
366092,FIF,2597,CPV,Cape Verde,F,Hélio,Varela,2002-05-03,"5' 9""",159.0,26,NULL,Cape Verde Islands,NULL,NULL,366092,1,0,0
121842,FIF,208,COL,Colombia,G,David,Ospina,1988-08-31,"6' 0""",172.0,1,NULL,Colombia,NULL,NULL,121842,0,0,0
166323,FIF,208,COL,Colombia,G,Álvaro,Montero,1995-03-29,"6' 7""",214.0,24,NULL,Colombia,NULL,NULL,166323,0,0,0
185147,FIF,208,COL,Colombia,G,Camilo,Vargas,1989-03-09,"6' 0""",192.0,12,NULL,Colombia,NULL,NULL,185147,0,0,6
146679,FIF,208,COL,Colombia,D,Daniel,Muñoz,1996-05-26,"5' 11""",172.0,2,NULL,Colombia,NULL,NULL,146679,2,0,0
164756,FIF,208,COL,Colombia,D,Santiago,Arias,1992-01-13,"5' 10""",168.0,4,NULL,Colombia,NULL,NULL,164756,0,0,0
173247,FIF,208,COL,Colombia,D,Johan,Mojica,1992-08-21,"6' 1""",174.0,17,NULL,Colombia,NULL,NULL,173247,0,0,0
196901,FIF,208,COL,Colombia,D,Yerry,Mina,1994-09-23,"6' 5""",216.0,13,NULL,Colombia,NULL,NULL,196901,0,0,0
197105,FIF,208,COL,Colombia,D,Davinson,Sánchez,1996-06-12,"6' 2""",181.0,23,NULL,Colombia,NULL,NULL,197105,0,0,0
197401,FIF,208,COL,Colombia,D,Deiver,Machado,1993-09-02,"5' 11""",163.0,22,NULL,Colombia,NULL,NULL,197401,0,0,0
227697,FIF,208,COL,Colombia,D,Jhon,Lucumí,1998-06-26,"6' 2""",183.0,3,NULL,Colombia,NULL,NULL,227697,0,0,0
270229,FIF,208,COL,Colombia,D,Willer,Ditta,1998-01-23,"5' 11""",174.0,18,NULL,Colombia,NULL,NULL,270229,0,0,0
82816,FIF,208,COL,Colombia,M,James,Rodríguez,1991-07-12,"5' 11""",161.0,10,NULL,Colombia,NULL,NULL,82816,0,0,0
94976,FIF,208,COL,Colombia,M,Juan,Portilla,1998-09-12,"6' 0""",174.0,15,NULL,Colombia,NULL,NULL,94976,0,0,0
177780,FIF,208,COL,Colombia,M,Juan Fernando,Quintero,1993-01-18,"5' 6""",157.0,20,NULL,Colombia,NULL,NULL,177780,0,1,0
197399,FIF,208,COL,Colombia,M,Jefferson,Lerma,1994-10-25,"5' 10""",183.0,16,NULL,Colombia,NULL,NULL,197399,0,0,0
208700,FIF,208,COL,Colombia,M,Jorge,Carrascal,1998-05-25,"5' 11""",163.0,8,NULL,Colombia,NULL,NULL,208700,0,0,0
239566,FIF,208,COL,Colombia,M,Jhon,Arias,1997-09-21,"5' 6""",181.0,11,NULL,Colombia,NULL,NULL,239566,1,0,0
255295,FIF,208,COL,Colombia,M,Jáminton,Campaz,2000-05-24,"5' 5""",163.0,21,NULL,Colombia,NULL,NULL,255295,1,0,0
301520,FIF,208,COL,Colombia,M,Richard,Ríos,2000-06-02,"6' 1""",185.0,6,NULL,Colombia,NULL,NULL,301520,0,0,0
307756,FIF,208,COL,Colombia,M,Kevin,Castaño,2000-09-29,"5' 10""",161.0,5,NULL,Colombia,NULL,NULL,307756,0,0,0
341736,FIF,208,COL,Colombia,M,Gustavo,Puerta,2003-07-23,"5' 9""",152.0,14,NULL,Colombia,NULL,NULL,341736,0,1,0
176058,FIF,208,COL,Colombia,F,Jhon,Córdoba,1993-05-11,"6' 2""",185.0,9,NULL,Colombia,NULL,NULL,176058,0,0,0
257390,FIF,208,COL,Colombia,F,Luis,Díaz,1997-01-13,"5' 11""",152.0,7,NULL,Colombia,NULL,NULL,257390,1,1,0
272722,FIF,208,COL,Colombia,F,Luis,Suárez,1997-12-02,"5' 11""",183.0,25,NULL,Colombia,NULL,NULL,272722,0,1,0
330924,FIF,208,COL,Colombia,F,Andrés,Gómez,2002-09-12,"5' 7""",157.0,26,NULL,Colombia,NULL,NULL,330924,0,0,0
336809,FIF,208,COL,Colombia,F,Cucho,Hernández,1999-04-20,"5' 9""",172.0,19,NULL,Colombia,NULL,NULL,336809,0,1,0
211669,FIF,2850,COD,Congo DR,G,Lionel,Mpasi,1994-08-01,"6' 0""",161.0,1,NULL,Congo DR,NULL,NULL,211669,0,0,14
282757,FIF,2850,COD,Congo DR,G,Timothy,Fayulu,1999-07-24,"6' 4""",183.0,16,NULL,Congo DR,NULL,NULL,282757,0,0,0
319371,FIF,2850,COD,Congo DR,G,Matthieu,Epolo,2005-01-15,"6' 0""",163.0,21,NULL,Congo DR,NULL,NULL,319371,0,0,0
165892,FIF,2850,COD,Congo DR,D,Arthur,Masuaku,1993-11-07,"5' 10""",152.0,26,NULL,Congo DR,NULL,NULL,165892,0,1,0
174322,FIF,2850,COD,Congo DR,D,Chancel,Mbemba,1994-08-08,"6' 0""",179.0,22,NULL,Congo DR,NULL,NULL,174322,0,1,0
204329,FIF,2850,COD,Congo DR,D,Joris,Kayembe,1994-08-08,"5' 11""",161.0,12,NULL,Congo DR,NULL,NULL,204329,0,0,0
229524,FIF,2850,COD,Congo DR,D,Axel,Tuanzebe,1997-11-14,"6' 1""",163.0,4,NULL,Congo DR,NULL,NULL,229524,0,0,0
250945,FIF,2850,COD,Congo DR,D,Aaron,Wan-Bissaka,1997-11-26,"6' 0""",159.0,2,NULL,Congo DR,NULL,NULL,250945,0,0,0
260228,FIF,2850,COD,Congo DR,D,Dylan,Batubinsika,1996-02-15,"6' 1""",183.0,5,NULL,France,NULL,NULL,260228,0,0,0
291345,FIF,2850,COD,Congo DR,D,Gédéon,Kalulu,1997-08-29,"5' 10""",159.0,24,NULL,Congo DR,NULL,NULL,291345,0,0,0
369201,FIF,2850,COD,Congo DR,D,Steve,Kapuadi,1998-04-30,"6' 5""",192.0,3,NULL,Congo DR,NULL,NULL,369201,0,0,0
130545,FIF,2850,COD,Congo DR,M,Gaël,Kakuta,1991-06-21,"5' 9""",150.0,11,NULL,France,NULL,NULL,130545,0,0,0
175104,FIF,2850,COD,Congo DR,M,Aaron,Tshibola,1995-01-02,"6' 3""",161.0,15,NULL,Congo DR,NULL,NULL,175104,0,0,0
182337,FIF,2850,COD,Congo DR,M,Théo,Bongonda,1995-11-20,"5' 9""",139.0,10,NULL,Congo DR,NULL,NULL,182337,0,0,0
235875,FIF,2850,COD,Congo DR,M,Charles,Pickel,1997-05-15,"6' 2""",172.0,18,NULL,Congo DR,NULL,NULL,235875,0,0,0
260932,FIF,2850,COD,Congo DR,M,Samuel,Moutoussamy,1996-08-12,"5' 9""",159.0,8,NULL,France,NULL,NULL,260932,0,0,0
268986,FIF,2850,COD,Congo DR,M,Edo,Kayembe,1998-06-03,"6' 0""",170.0,25,NULL,Congo DR,NULL,NULL,268986,0,0,0
340240,FIF,2850,COD,Congo DR,M,Noah,Sadiki,2004-12-17,"5' 8""",161.0,14,NULL,Congo DR,NULL,NULL,340240,0,0,0
345988,FIF,2850,COD,Congo DR,M,Ngal'ayel,Mukau,2004-11-03,"6' 1""",172.0,6,NULL,Congo DR,NULL,NULL,345988,0,0,0
147193,FIF,2850,COD,Congo DR,F,Cédric,Bakambu,1991-04-11,"6' 0""",161.0,17,NULL,Congo DR,NULL,NULL,147193,0,0,0
224077,FIF,2850,COD,Congo DR,F,Yoane,Wissa,1996-09-03,"5' 9""",163.0,20,NULL,Congo DR,NULL,NULL,224077,3,0,0
231161,FIF,2850,COD,Congo DR,F,Simon,Banza,1996-08-13,"6' 2""",170.0,23,NULL,Congo DR,NULL,NULL,231161,0,0,0
232492,FIF,2850,COD,Congo DR,F,Meschack,Elia,1997-08-06,"5' 8""",148.0,13,NULL,Congo DR,NULL,NULL,232492,0,1,0
291750,FIF,2850,COD,Congo DR,F,Nathanaël,Mbuku,2002-03-16,"5' 7""",152.0,7,NULL,Congo DR,NULL,NULL,291750,0,0,0
299324,FIF,2850,COD,Congo DR,F,Fiston,Mayele,1994-06-24,"6' 1""",185.0,19,NULL,Congo DR,NULL,NULL,299324,1,0,0
352285,FIF,2850,COD,Congo DR,F,Brian,Cipenga,1998-03-11,"5' 8""",148.0,9,NULL,Congo DR,NULL,NULL,352285,1,0,0
187946,FIF,477,CRO,Croatia,G,Dominik,Livakovic,1995-01-09,"6' 2""",172.0,1,NULL,Croatia,NULL,NULL,187946,0,0,10
239411,FIF,477,CRO,Croatia,G,Dominik,Kotarski,2000-02-10,"6' 3""",174.0,23,NULL,Croatia,NULL,NULL,239411,0,0,0
277234,FIF,477,CRO,Croatia,G,Ivor,Pandur,2000-03-25,"6' 1""",179.0,12,NULL,Croatia,NULL,NULL,277234,0,0,0
194766,FIF,477,CRO,Croatia,D,Duje,Caleta-Car,1996-09-17,"6' 4""",194.0,5,NULL,Croatia,NULL,NULL,194766,0,0,0
216579,FIF,477,CRO,Croatia,D,Martin,Erlic,1998-01-24,"6' 4""",172.0,25,NULL,Croatia,NULL,NULL,216579,0,0,0
255650,FIF,477,CRO,Croatia,D,Marin,Pongracic,1997-09-11,"6' 4""",207.0,3,NULL,Croatia,NULL,NULL,255650,0,0,0
276329,FIF,477,CRO,Croatia,D,Josip,Stanisic,2000-04-02,"6' 1""",170.0,2,NULL,Croatia,NULL,NULL,276329,0,1,0
299910,FIF,477,CRO,Croatia,D,Josko,Gvardiol,2002-01-23,"6' 1""",174.0,4,NULL,Croatia,NULL,NULL,299910,0,0,0
305552,FIF,477,CRO,Croatia,D,Josip,Sutalo,2000-02-28,"6' 1""",181.0,6,NULL,Croatia,NULL,NULL,305552,0,0,0
364962,FIF,477,CRO,Croatia,D,Luka,Vuskovic,2007-02-24,"6' 4""",190.0,22,NULL,Croatia,NULL,NULL,364962,0,0,0
76762,FIF,477,CRO,Croatia,M,Luka,Modric,1985-09-09,"5' 8""",146.0,10,NULL,Croatia,NULL,NULL,76762,0,1,0
154595,FIF,477,CRO,Croatia,M,Mateo,Kovacic,1994-05-06,"5' 10""",172.0,8,NULL,Croatia,NULL,NULL,154595,0,1,0
189668,FIF,477,CRO,Croatia,M,Mario,Pasalic,1995-02-09,"6' 2""",170.0,15,NULL,Croatia,NULL,NULL,189668,0,0,0
206378,FIF,477,CRO,Croatia,M,Nikola,Vlasic,1997-10-04,"5' 10""",172.0,13,NULL,Croatia,NULL,NULL,206378,1,0,0
228333,FIF,477,CRO,Croatia,M,Nikola,Moro,1998-03-12,"6' 0""",170.0,7,NULL,Croatia,NULL,NULL,228333,0,0,0
238929,FIF,477,CRO,Croatia,M,Kristijan,Jakic,1997-05-14,"5' 11""",168.0,18,NULL,Croatia,NULL,NULL,238929,0,0,0
306263,FIF,477,CRO,Croatia,M,Luka,Sucic,2002-09-08,"6' 1""",172.0,21,NULL,Croatia,NULL,NULL,306263,0,0,0
311475,FIF,477,CRO,Croatia,M,Martin,Baturina,2003-02-16,"5' 8""",150.0,16,NULL,Croatia,NULL,NULL,311475,1,0,0
338232,FIF,477,CRO,Croatia,M,Toni,Fruk,2001-03-09,"5' 10""",161.0,19,NULL,Croatia,NULL,NULL,338232,0,0,0
341494,FIF,477,CRO,Croatia,M,Petar,Sucic,2003-10-25,"6' 0""",150.0,17,NULL,Croatia,NULL,NULL,341494,1,1,0
103485,FIF,477,CRO,Croatia,F,Ivan,Perisic,1989-02-02,"6' 1""",174.0,14,NULL,Croatia,NULL,NULL,103485,1,1,0
139520,FIF,477,CRO,Croatia,F,Andrej,Kramaric,1991-06-19,"5' 10""",161.0,9,NULL,Croatia,NULL,NULL,139520,0,0,0
207288,FIF,477,CRO,Croatia,F,Ante,Budimir,1991-07-22,"6' 3""",163.0,11,NULL,Croatia,NULL,NULL,207288,1,0,0
277128,FIF,477,CRO,Croatia,F,Petar,Musa,1998-03-04,"6' 3""",183.0,26,NULL,Croatia,NULL,NULL,277128,1,0,0
310883,FIF,477,CRO,Croatia,F,Igor,Matanovic,2003-03-31,"6' 4""",196.0,20,NULL,Croatia,NULL,NULL,310883,0,0,0
324270,FIF,477,CRO,Croatia,F,Marco,Pasalic,2000-09-14,"5' 10""",161.0,24,NULL,Croatia,NULL,NULL,324270,0,0,0
127444,FIF,11678,CUW,Curaçao,G,Eloy,Room,1989-02-06,"6' 3""",179.0,1,NULL,Curaçao,NULL,NULL,127444,0,0,20
262109,FIF,11678,CUW,Curaçao,G,Trevor,Doornbusch,1999-07-06,"6' 2""",174.0,26,NULL,Curaçao,NULL,NULL,262109,0,0,0
297542,FIF,11678,CUW,Curaçao,G,Tyrick,Bodak,2002-05-15,"6' 3""",170.0,25,NULL,Curaçao,NULL,NULL,297542,0,0,0
178433,FIF,11678,CUW,Curaçao,D,Joshua,Brenet,1994-03-20,"5' 11""",161.0,20,NULL,Curaçao,NULL,NULL,178433,0,0,0
188411,FIF,11678,CUW,Curaçao,D,Riechedly,Bazoer,1996-10-12,"6' 0""",161.0,23,NULL,Curaçao,NULL,NULL,188411,0,0,0
224786,FIF,11678,CUW,Curaçao,D,Sherel,Floranus,1998-08-23,"5' 11""",161.0,5,NULL,Curaçao,NULL,NULL,224786,0,0,0
245918,FIF,11678,CUW,Curaçao,D,Armando,Obispo,1999-03-05,"6' 1""",172.0,18,NULL,Curaçao,NULL,NULL,245918,0,0,0
246281,FIF,11678,CUW,Curaçao,D,Juriën,Gaari,1993-12-23,"6' 0""",163.0,3,NULL,Curaçao,NULL,NULL,246281,0,0,0
270807,FIF,11678,CUW,Curaçao,D,Roshon,van Eijma,1998-06-09,"6' 1""",172.0,4,NULL,Curaçao,NULL,NULL,270807,0,0,0
301456,FIF,11678,CUW,Curaçao,D,Shurandy,Sambo,2001-08-19,"5' 9""",148.0,2,NULL,Curaçao,NULL,NULL,301456,0,0,0
317285,FIF,11678,CUW,Curaçao,D,Livano,Comenencia,2004-02-03,"6' 2""",172.0,8,NULL,Curaçao,NULL,NULL,317285,1,0,0
335203,FIF,11678,CUW,Curaçao,D,Deveron,Fonville,2003-05-16,"6' 2""",181.0,24,NULL,Curaçao,NULL,NULL,335203,0,0,0
138664,FIF,11678,CUW,Curaçao,M,Leandro,Bacuna,1991-08-21,"5' 11""",170.0,10,NULL,Curaçao,NULL,NULL,138664,0,0,0
216287,FIF,11678,CUW,Curaçao,M,Juninho,Bacuna,1997-08-07,"5' 11""",161.0,7,NULL,Curaçao,NULL,NULL,216287,0,0,0
262738,FIF,11678,CUW,Curaçao,M,Kevin,Felida,1999-11-11,"5' 9""",146.0,22,NULL,Curaçao,NULL,NULL,262738,0,0,0
273295,FIF,11678,CUW,Curaçao,M,Godfried,Roemeratoe,1999-08-19,"5' 10""",161.0,6,NULL,Curaçao,NULL,NULL,273295,0,0,0
276218,FIF,11678,CUW,Curaçao,M,Tahith,Chong,1999-12-04,"6' 1""",163.0,21,NULL,Curaçao,NULL,NULL,276218,0,0,0
306553,FIF,11678,CUW,Curaçao,M,Ar'jany,Martha,2003-09-04,"5' 11""",141.0,15,NULL,Curaçao,NULL,NULL,306553,0,0,0
359132,FIF,11678,CUW,Curaçao,M,Tyrese,Noslin,2002-09-11,"6' 0""",168.0,13,NULL,Curaçao,NULL,NULL,359132,0,0,0
167213,FIF,11678,CUW,Curaçao,F,Jürgen,Locadia,1993-11-07,"6' 4""",201.0,9,NULL,Curaçao,NULL,NULL,167213,0,0,0
177058,FIF,11678,CUW,Curaçao,F,Brandley,Kuwas,1992-09-19,"5' 11""",183.0,17,NULL,Curaçao,NULL,NULL,177058,0,0,0
178273,FIF,11678,CUW,Curaçao,F,Gervane,Kastaneer,1996-06-09,"6' 2""",174.0,19,NULL,Curaçao,NULL,NULL,178273,0,0,0
188452,FIF,11678,CUW,Curaçao,F,Kenji,Gorré,1994-09-29,"5' 9""",157.0,14,NULL,Curaçao,NULL,NULL,188452,0,0,0
297299,FIF,11678,CUW,Curaçao,F,Sontje,Hansen,2002-05-18,"5' 9""",150.0,12,NULL,Curaçao,NULL,NULL,297299,0,0,0
301441,FIF,11678,CUW,Curaçao,F,Jearl,Margaritha,2000-04-10,"5' 11""",161.0,16,NULL,Curaçao,NULL,NULL,301441,0,0,0
310925,FIF,11678,CUW,Curaçao,F,Jeremy,Antonisse,2002-03-29,"6' 0""",152.0,11,NULL,Curaçao,NULL,NULL,310925,0,0,0
199988,FIF,450,CZE,Czechia,G,Jindrich,Stanek,1996-04-27,"6' 4""",196.0,16,NULL,Czechia,NULL,NULL,199988,0,0,0
277313,FIF,450,CZE,Czechia,G,Matej,Kovár,2000-05-17,"6' 5""",183.0,1,NULL,Czechia,NULL,NULL,277313,0,0,9
319267,FIF,450,CZE,Czechia,G,Lukás,Hornícek,2002-07-13,"6' 6""",203.0,23,NULL,Czechia,NULL,NULL,319267,0,0,0
151714,FIF,450,CZE,Czechia,D,Ladislav,Krejcí,1999-04-20,"6' 3""",192.0,7,NULL,Czechia,NULL,NULL,151714,1,0,0
191209,FIF,450,CZE,Czechia,D,Vladimír,Coufal,1992-08-22,"5' 9""",168.0,5,NULL,Czechia,NULL,NULL,191209,0,1,0
276659,FIF,450,CZE,Czechia,D,Jaroslav,Zelený,1992-08-20,"6' 3""",179.0,20,NULL,Czechia,NULL,NULL,276659,0,0,0
280885,FIF,450,CZE,Czechia,D,Tomás,Holes,1993-03-31,"5' 11""",161.0,3,NULL,Czechia,NULL,NULL,280885,0,0,0
290116,FIF,450,CZE,Czechia,D,David,Zima,2000-11-08,"6' 3""",174.0,2,NULL,Czechia,NULL,NULL,290116,0,0,0
322510,FIF,450,CZE,Czechia,D,Robin,Hranác,2000-01-29,"6' 3""",181.0,4,NULL,Czechia,NULL,NULL,322510,0,0,0
335996,FIF,450,CZE,Czechia,D,David,Jurásek,2000-08-07,"6' 0""",170.0,14,NULL,Czechia,NULL,NULL,335996,0,0,0
370744,FIF,450,CZE,Czechia,D,Stepán,Chaloupek,2003-03-08,"6' 2""",150.0,6,NULL,Czechia,NULL,NULL,370744,0,0,0
165637,FIF,450,CZE,Czechia,M,Vladimír,Darida,1990-08-08,"5' 8""",141.0,8,NULL,Czechia,NULL,NULL,165637,0,0,0
230666,FIF,450,CZE,Czechia,M,Tomás,Soucek,1995-02-27,"6' 4""",190.0,22,NULL,Czechia,NULL,NULL,230666,0,0,0
249525,FIF,450,CZE,Czechia,M,Michal,Sadílek,1999-05-31,"5' 7""",141.0,18,NULL,Czechia,NULL,NULL,249525,1,0,0
294618,FIF,450,CZE,Czechia,M,Lukás,Provod,1996-10-23,"6' 3""",185.0,17,NULL,Czechia,NULL,NULL,294618,0,0,0
303726,FIF,450,CZE,Czechia,M,Lukás,Cerv,2001-04-10,"6' 0""",159.0,12,NULL,Czechia,NULL,NULL,303726,0,0,0
305545,FIF,450,CZE,Czechia,M,Pavel,Sulc,2000-12-29,"5' 10""",163.0,15,NULL,Czechia,NULL,NULL,305545,0,0,0
310027,FIF,450,CZE,Czechia,M,Denis,Visinský,2003-03-21,"5' 10""",163.0,26,NULL,Czechia,NULL,NULL,310027,0,0,0
343937,FIF,450,CZE,Czechia,M,David,Doudera,1998-05-31,"5' 9""",146.0,21,NULL,Czechia,NULL,NULL,343937,0,0,0
387865,FIF,450,CZE,Czechia,M,Alexandr,Sojka,2003-04-02,"6' 2""",170.0,24,NULL,Czechia,NULL,NULL,387865,0,1,0
403974,FIF,450,CZE,Czechia,M,Hugo,Sochurek,2008-06-07,"6' 0""",172.0,25,NULL,Czechia,NULL,NULL,403974,0,0,0
212330,FIF,450,CZE,Czechia,F,Patrik,Schick,1996-01-24,"6' 3""",190.0,10,NULL,Czechia,NULL,NULL,212330,0,0,0
257336,FIF,450,CZE,Czechia,F,Tomás,Chorý,1995-01-26,"6' 6""",218.0,19,NULL,Czechia,NULL,NULL,257336,0,0,0
292169,FIF,450,CZE,Czechia,F,Adam,Hlozek,2002-07-25,"6' 2""",183.0,9,NULL,Czechia,NULL,NULL,292169,0,0,0
306008,FIF,450,CZE,Czechia,F,Jan,Kuchta,1997-01-08,"6' 1""",190.0,11,NULL,Czechia,NULL,NULL,306008,0,0,0
343733,FIF,450,CZE,Czechia,F,Mojmír,Chytil,1999-04-29,"6' 2""",181.0,13,NULL,Czechia,NULL,NULL,343733,0,0,0
131726,FIF,209,ECU,Ecuador,G,Gonzalo,Valle,1996-02-28,"6' 1""",190.0,22,NULL,Ecuador,NULL,NULL,131726,0,0,0
207921,FIF,209,ECU,Ecuador,G,Hernán,Galíndez,1987-03-30,"6' 2""",183.0,1,NULL,Ecuador,NULL,NULL,207921,0,0,9
269881,FIF,209,ECU,Ecuador,G,Moisés,Ramírez,2000-09-09,"6' 1""",181.0,12,NULL,Ecuador,NULL,NULL,269881,0,0,0
214689,FIF,209,ECU,Ecuador,D,Pervis,Estupiñán,1998-01-21,"5' 9""",161.0,7,NULL,Ecuador,NULL,NULL,214689,0,0,0
251963,FIF,209,ECU,Ecuador,D,Félix,Torres,1997-01-11,"6' 2""",172.0,2,NULL,Ecuador,NULL,NULL,251963,0,0,0
256560,FIF,209,ECU,Ecuador,D,Ángelo,Preciado,1998-02-18,"5' 9""",161.0,17,NULL,Ecuador,NULL,NULL,256560,0,0,0
286665,FIF,209,ECU,Ecuador,D,Jackson,Porozo,2000-08-04,"6' 4""",190.0,25,NULL,Ecuador,NULL,NULL,286665,0,0,0
287005,FIF,209,ECU,Ecuador,D,Willian,Pacho,2001-10-16,"6' 2""",179.0,6,NULL,Ecuador,NULL,NULL,287005,0,0,0
292062,FIF,209,ECU,Ecuador,D,Piero,Hincapié,2002-01-09,"6' 0""",170.0,3,NULL,Ecuador,NULL,NULL,292062,0,0,0
315600,FIF,209,ECU,Ecuador,D,Yaimar,Medina,2004-11-05,"5' 10""",174.0,26,NULL,Ecuador,NULL,NULL,315600,0,0,0
336589,FIF,209,ECU,Ecuador,D,Joel,Ordóñez,2004-04-21,"6' 2""",168.0,4,NULL,Ecuador,NULL,NULL,336589,0,0,0
262111,FIF,209,ECU,Ecuador,M,Alan,Franco,1998-08-21,"5' 9""",168.0,21,NULL,Ecuador,NULL,NULL,262111,0,0,0
270829,FIF,209,ECU,Ecuador,M,Jordy,Alcívar,1999-08-05,"5' 6""",157.0,5,NULL,Ecuador,NULL,NULL,270829,0,0,0
289877,FIF,209,ECU,Ecuador,M,Moisés,Caicedo,2001-11-02,"5' 10""",161.0,23,NULL,Ecuador,NULL,NULL,289877,0,0,0
297150,FIF,209,ECU,Ecuador,M,Pedro,Vite,2002-03-09,"5' 8""",150.0,15,NULL,Ecuador,NULL,NULL,297150,0,1,0
328742,FIF,209,ECU,Ecuador,M,Denil,Castillo,2004-03-24,"6' 2""",168.0,18,NULL,Ecuador,NULL,NULL,328742,0,0,0
358746,FIF,209,ECU,Ecuador,M,Kendry,Páez,2007-05-04,"5' 10""",157.0,10,NULL,Ecuador,NULL,NULL,358746,0,0,0
171771,FIF,209,ECU,Ecuador,F,Enner,Valencia,1989-11-04,"5' 10""",161.0,13,NULL,Ecuador,NULL,NULL,171771,0,0,0
217079,FIF,209,ECU,Ecuador,F,Jordy,Caicedo,1997-11-18,"6' 1""",181.0,16,NULL,Ecuador,NULL,NULL,217079,0,0,0
265926,FIF,209,ECU,Ecuador,F,John,Yeboah,2000-06-23,"5' 7""",146.0,9,NULL,Ecuador,NULL,NULL,265926,0,0,0
277352,FIF,209,ECU,Ecuador,F,Gonzalo,Plata,2000-11-01,"5' 10""",168.0,19,NULL,Ecuador,NULL,NULL,277352,1,0,0
281316,FIF,209,ECU,Ecuador,F,Kevin,Rodríguez,2000-03-04,"6' 3""",183.0,11,NULL,Ecuador,NULL,NULL,281316,0,1,0
303328,FIF,209,ECU,Ecuador,F,Anthony,Valencia,2003-07-21,"5' 8""",150.0,8,NULL,Ecuador,NULL,NULL,303328,0,0,0
318090,FIF,209,ECU,Ecuador,F,Nilson,Angulo,2003-06-19,"6' 0""",150.0,20,NULL,Ecuador,NULL,NULL,318090,1,0,0
319422,FIF,209,ECU,Ecuador,F,Alan,Minda,2003-05-14,"5' 9""",132.0,14,NULL,Ecuador,NULL,NULL,319422,0,0,0
367725,FIF,209,ECU,Ecuador,F,Jeremy,Arévalo,2005-03-19,"6' 0""",192.0,24,NULL,Ecuador,NULL,NULL,367725,0,0,0
205212,FIF,2620,EGY,Egypt,G,Mohamed,El Shenawy,1988-12-18,"6' 3""",196.0,1,NULL,Egypt,NULL,NULL,205212,0,0,0
265426,FIF,2620,EGY,Egypt,G,Mahdy,Soliman,1987-06-08,"6' 2""",196.0,16,NULL,Egypt,NULL,NULL,265426,0,0,0
308915,FIF,2620,EGY,Egypt,G,Mostafa,Shoubir,2000-05-15,"6' 5""",203.0,23,NULL,Egypt,NULL,NULL,308915,0,0,14
420953,FIF,2620,EGY,Egypt,G,Mohamed,Alaa,1999-01-01,"6' 2""",168.0,26,NULL,Egypt,NULL,NULL,420953,0,0,0
119993,FIF,2620,EGY,Egypt,D,Mohamed,Hany,1996-02-02,"5' 9""",152.0,3,NULL,Egypt,NULL,NULL,119993,0,1,0
187571,FIF,2620,EGY,Egypt,D,Ramy,Rabia,1993-05-20,"6' 0""",170.0,5,NULL,Egypt,NULL,NULL,187571,0,0,0
216119,FIF,2620,EGY,Egypt,D,Karim,Hafez,1996-03-12,"5' 9""",161.0,15,NULL,Egypt,NULL,NULL,216119,0,1,0
236957,FIF,2620,EGY,Egypt,D,Mohamed,Abdelmoneim,1999-02-01,"6' 0""",163.0,6,NULL,Egypt,NULL,NULL,236957,0,0,0
265176,FIF,2620,EGY,Egypt,D,Ahmed,Fatouh,1998-03-22,"5' 10""",152.0,13,NULL,Egypt,NULL,NULL,265176,0,0,0
265417,FIF,2620,EGY,Egypt,D,Yasser,Ibrahim,1993-02-10,"6' 1""",181.0,2,NULL,Egypt,NULL,NULL,265417,1,0,0
308926,FIF,2620,EGY,Egypt,D,Hossam,Abdelmaguid,2001-04-30,"6' 4""",185.0,4,NULL,Egypt,NULL,NULL,308926,0,0,0
393565,FIF,2620,EGY,Egypt,D,Tarek,Alaa,2002-01-05,"5' 10""",141.0,24,NULL,Egypt,NULL,NULL,393565,0,0,0
285057,FIF,2620,EGY,Egypt,M,Hamdy,Fathy,1994-09-29,"5' 11""",174.0,14,NULL,Egypt,NULL,NULL,285057,0,0,0
287177,FIF,2620,EGY,Egypt,M,Nabil,Donga,1996-04-06,"5' 10""",161.0,18,NULL,Egypt,NULL,NULL,287177,0,0,0
299365,FIF,2620,EGY,Egypt,M,Emam,Ashour,1998-02-20,"5' 11""",170.0,8,NULL,Egypt,NULL,NULL,299365,2,0,0
314444,FIF,2620,EGY,Egypt,M,Mahmoud,Saber,2001-07-30,"5' 7""",163.0,21,NULL,Egypt,NULL,NULL,314444,1,0,0
328932,FIF,2620,EGY,Egypt,M,Mohanad,Lashin,1996-05-29,"6' 1""",185.0,17,NULL,Egypt,NULL,NULL,328932,0,0,0
357112,FIF,2620,EGY,Egypt,M,Marawan,Attia,1998-08-01,"5' 9""",174.0,19,NULL,Egypt,NULL,NULL,357112,0,1,0
378495,FIF,2620,EGY,Egypt,F,Mostafa,Zico,1997-04-27,"5' 10""",161.0,11,NULL,Egypt,NULL,NULL,378495,2,1,0
157825,FIF,2620,EGY,Egypt,F,Trézéguet,,1994-10-01,"5' 11""",170.0,7,NULL,Egypt,NULL,NULL,157825,1,1,0
173896,FIF,2620,EGY,Egypt,F,Mohamed,Salah,1992-06-15,"5' 9""",172.0,10,NULL,Egypt,NULL,NULL,173896,1,2,0
195154,FIF,2620,EGY,Egypt,M,Zizo,,1996-01-10,"5' 9""",168.0,25,NULL,Egypt,NULL,NULL,195154,0,0,0
276440,FIF,2620,EGY,Egypt,F,Haissem,Hassan,2002-02-08,"5' 9""",174.0,12,NULL,Egypt,NULL,NULL,276440,0,1,0
299619,FIF,2620,EGY,Egypt,F,Ibrahim,Adel,2001-04-23,"5' 10""",152.0,20,NULL,Egypt,NULL,NULL,299619,0,0,0
303745,FIF,2620,EGY,Egypt,F,Omar,Marmoush,1999-02-07,"5' 11""",174.0,22,NULL,Egypt,NULL,NULL,303745,0,0,0
399200,FIF,2620,EGY,Egypt,F,Hamza,Abdelkarim,2008-01-01,"6' 0""",168.0,9,NULL,Egypt,NULL,NULL,399200,0,0,0
159443,FIF,448,ENG,England,G,Jordan,Pickford,1994-03-07,"6' 1""",170.0,1,NULL,England,NULL,NULL,159443,0,0,15
234172,FIF,448,ENG,England,G,Dean,Henderson,1997-03-12,"6' 2""",185.0,13,NULL,England,NULL,NULL,234172,0,0,5
307118,FIF,448,ENG,England,G,James,Trafford,2002-10-10,"6' 6""",183.0,23,NULL,England,NULL,NULL,307118,0,0,0
157974,FIF,448,ENG,England,D,John,Stones,1994-05-28,"6' 2""",174.0,5,NULL,England,NULL,NULL,157974,0,0,0
189007,FIF,448,ENG,England,D,Reece,James,1999-12-08,"5' 11""",203.0,24,NULL,England,NULL,NULL,189007,0,0,0
198138,FIF,448,ENG,England,D,Dan,Burn,1992-05-09,"6' 7""",192.0,15,NULL,England,NULL,NULL,198138,0,0,0
227784,FIF,448,ENG,England,D,Trevoh,Chalobah,1999-07-05,"6' 3""",163.0,12,NULL,England,NULL,NULL,227784,0,0,0
231859,FIF,448,ENG,England,D,Ezri,Konsa,1997-10-23,"6' 0""",168.0,2,NULL,England,NULL,NULL,231859,1,0,0
265907,FIF,448,ENG,England,D,Marc,Guéhi,2000-07-13,"6' 0""",174.0,6,NULL,England,NULL,NULL,265907,0,0,0
267711,FIF,448,ENG,England,D,Djed,Spence,2000-08-09,"6' 1""",157.0,25,NULL,England,NULL,NULL,267711,0,0,0
298524,FIF,448,ENG,England,D,Jarell,Quansah,2003-01-29,"6' 3""",183.0,26,NULL,England,NULL,NULL,298524,0,0,0
328464,FIF,448,ENG,England,D,Nico,O'Reilly,2005-03-21,"6' 4""",170.0,3,NULL,England,NULL,NULL,328464,0,0,0
127262,FIF,448,ENG,England,M,Jordan,Henderson,1990-06-17,"6' 0""",172.0,14,NULL,England,NULL,NULL,127262,0,0,0
238262,FIF,448,ENG,England,M,Declan,Rice,1999-01-14,"6' 2""",168.0,4,NULL,England,NULL,NULL,238262,1,2,0
238472,FIF,448,ENG,England,M,Elliot,Anderson,2002-11-06,"5' 10""",150.0,8,NULL,England,NULL,NULL,238472,0,1,0
251400,FIF,448,ENG,England,M,Eberechi,Eze,1998-06-29,"5' 10""",161.0,21,NULL,England,NULL,NULL,251400,0,1,0
265653,FIF,448,ENG,England,M,Morgan,Rogers,2002-07-26,"6' 2""",174.0,17,NULL,England,NULL,NULL,265653,0,1,0
291281,FIF,448,ENG,England,M,Jude,Bellingham,2003-06-29,"6' 1""",163.0,10,NULL,England,NULL,NULL,291281,7,1,0
328466,FIF,448,ENG,England,M,Kobbie,Mainoo,2005-04-19,"6' 0""",159.0,16,NULL,England,NULL,NULL,328466,0,0,0
142200,FIF,448,ENG,England,F,Harry,Kane,1993-07-28,"6' 2""",190.0,9,NULL,England,NULL,NULL,142200,6,1,0
180639,FIF,448,ENG,England,F,Ivan,Toney,1996-03-16,"6' 1""",192.0,22,NULL,England,NULL,NULL,180639,0,0,0
198825,FIF,448,ENG,England,F,Ollie,Watkins,1995-12-30,"5' 11""",163.0,19,NULL,England,NULL,NULL,198825,0,0,0
230945,FIF,448,ENG,England,F,Marcus,Rashford,1997-10-31,"6' 2""",174.0,11,NULL,England,NULL,NULL,230945,1,1,0
268782,FIF,448,ENG,England,F,Anthony,Gordon,2001-02-24,"6' 0""",159.0,18,NULL,England,NULL,NULL,268782,1,3,0
280555,FIF,448,ENG,England,F,Bukayo,Saka,2001-09-05,"5' 10""",141.0,7,NULL,England,NULL,NULL,280555,3,3,0
293236,FIF,448,ENG,England,F,Noni,Madueke,2002-03-10,"6' 0""",183.0,20,NULL,England,NULL,NULL,293236,0,0,0
164126,FIF,478,FRA,France,G,Brice,Samba,1994-04-25,"6' 2""",196.0,1,NULL,France,NULL,NULL,164126,0,0,0
189026,FIF,478,FRA,France,G,Mike,Maignan,1995-07-03,"6' 3""",194.0,16,NULL,France,NULL,NULL,189026,0,0,13
344517,FIF,478,FRA,France,G,Robin,Risser,2004-12-02,"6' 4""",183.0,23,NULL,France,NULL,NULL,344517,0,0,0
160115,FIF,478,FRA,France,D,Lucas,Digne,1993-07-20,"5' 10""",161.0,3,NULL,France,NULL,NULL,160115,0,0,0
196200,FIF,478,FRA,France,D,Lucas,Hernández,1996-02-14,"6' 0""",172.0,21,NULL,France,Marseille,NULL,196200,0,0,0
222793,FIF,478,FRA,France,D,Dayot,Upamecano,1998-10-27,"6' 1""",196.0,4,NULL,France,NULL,NULL,222793,0,1,0
231692,FIF,478,FRA,France,D,Jules,Koundé,1998-11-12,"5' 11""",183.0,5,NULL,France,NULL,NULL,231692,0,0,0
233621,FIF,478,FRA,France,D,Theo,Hernández,1997-10-06,"6' 0""",179.0,19,NULL,France,NULL,NULL,233621,0,0,0
251634,FIF,478,FRA,France,D,Ibrahima,Konaté,1999-05-25,"6' 4""",207.0,15,NULL,France,NULL,NULL,251634,0,0,0
265918,FIF,478,FRA,France,D,Maxence,Lacroix,2000-04-06,"6' 3""",192.0,26,NULL,France,NULL,NULL,265918,0,0,0
277385,FIF,478,FRA,France,D,William,Saliba,2001-03-24,"6' 4""",203.0,17,NULL,France,NULL,NULL,277385,0,0,0
308947,FIF,478,FRA,France,D,Malo,Gusto,2003-05-19,"5' 10""",148.0,2,NULL,France,NULL,NULL,308947,0,0,0
173556,FIF,478,FRA,France,M,N'Golo,Kanté,1991-03-29,"5' 6""",152.0,13,NULL,France,NULL,NULL,173556,0,0,0
176203,FIF,478,FRA,France,M,Adrien,Rabiot,1995-04-03,"6' 3""",190.0,14,NULL,France,NULL,NULL,176203,0,1,0
265919,FIF,478,FRA,France,M,Aurélien,Tchouaméni,2000-01-27,"6' 2""",179.0,8,NULL,France,NULL,NULL,265919,0,1,0
285226,FIF,478,FRA,France,M,Manu,Koné,2001-05-17,"6' 1""",174.0,6,NULL,France,NULL,NULL,285226,0,0,0
286831,FIF,478,FRA,France,M,Michael,Olise,2001-12-12,"5' 11""",172.0,11,NULL,France,NULL,NULL,286831,0,7,0
298008,FIF,478,FRA,France,M,Rayan,Cherki,2003-08-17,"5' 11""",157.0,24,NULL,France,NULL,NULL,298008,0,0,0
329690,FIF,478,FRA,France,M,Maghnes,Akliouche,2002-02-25,"6' 0""",152.0,25,NULL,France,NULL,NULL,329690,0,0,0
345581,FIF,478,FRA,France,M,Warren,Zaïre-Emery,2006-03-08,"5' 10""",150.0,18,NULL,France,NULL,NULL,345581,0,0,0
217331,FIF,478,FRA,France,F,Marcus,Thuram,1997-08-06,"6' 4""",196.0,9,NULL,France,NULL,NULL,217331,0,0,0
229744,FIF,478,FRA,France,F,Ousmane,Dembélé,1997-05-15,"5' 10""",148.0,7,NULL,France,NULL,NULL,229744,6,2,0
231388,FIF,478,FRA,France,F,Kylian,Mbappé,1998-12-20,"5' 10""",163.0,10,NULL,France,NULL,NULL,231388,10,4,0
241187,FIF,478,FRA,France,F,Jean-Philippe,Mateta,1997-06-28,"6' 4""",192.0,22,NULL,France,NULL,NULL,241187,0,0,0
328238,FIF,478,FRA,France,F,Bradley,Barcola,2002-09-02,"6' 0""",161.0,12,NULL,France,NULL,NULL,328238,3,1,0
336388,FIF,478,FRA,France,F,Désiré,Doué,2005-06-03,"5' 11""",172.0,20,NULL,France,NULL,NULL,336388,1,1,0
84774,FIF,481,GER,Germany,G,Manuel,Neuer,1986-03-27,"6' 4""",203.0,1,NULL,Germany,NULL,NULL,84774,0,0,5
138213,FIF,481,GER,Germany,G,Oliver,Baumann,1990-06-02,"6' 2""",181.0,12,NULL,Germany,NULL,NULL,138213,0,0,0
205750,FIF,481,GER,Germany,G,Alexander,Nübel,1996-09-30,"6' 4""",190.0,21,NULL,Germany,NULL,NULL,205750,0,0,0
120829,FIF,481,GER,Germany,D,Nathaniel,Brown,2003-06-16,"5' 9""",148.0,18,NULL,Germany,NULL,NULL,120829,1,1,0
169438,FIF,481,GER,Germany,D,Antonio,Rüdiger,1993-03-03,"6' 3""",185.0,2,NULL,Germany,NULL,NULL,169438,0,0,0
188052,FIF,481,GER,Germany,D,Jonathan,Tah,1996-02-11,"6' 5""",205.0,4,NULL,Germany,NULL,NULL,188052,0,0,0
220714,FIF,481,GER,Germany,D,Waldemar,Anton,1996-07-20,"6' 2""",190.0,3,NULL,Germany,NULL,NULL,220714,0,0,0
249548,FIF,481,GER,Germany,D,David,Raum,1998-04-22,"5' 11""",163.0,22,NULL,Germany,NULL,NULL,249548,0,0,0
286828,FIF,481,GER,Germany,D,Nico,Schlotterbeck,1999-12-01,"6' 3""",190.0,15,NULL,Germany,NULL,NULL,286828,1,0,0
303444,FIF,481,GER,Germany,D,Malick,Thiaw,2001-08-08,"6' 4""",190.0,24,NULL,Germany,NULL,NULL,303444,0,0,0
132659,FIF,481,GER,Germany,M,Pascal,Gross,1991-06-15,"5' 11""",172.0,13,NULL,Germany,NULL,NULL,132659,0,0,0
174550,FIF,481,GER,Germany,M,Leon,Goretzka,1995-02-06,"6' 2""",181.0,8,NULL,Germany,NULL,NULL,174550,0,0,0
190161,FIF,481,GER,Germany,M,Joshua,Kimmich,1995-02-08,"5' 10""",163.0,6,NULL,Germany,NULL,NULL,190161,0,2,0
210818,FIF,481,GER,Germany,M,Nadiem,Amiri,1996-10-27,"5' 11""",163.0,20,NULL,Germany,NULL,NULL,210818,0,1,0
281122,FIF,481,GER,Germany,M,Felix,Nmecha,2000-10-10,"6' 3""",161.0,23,NULL,Germany,NULL,NULL,281122,1,1,0
290232,FIF,481,GER,Germany,M,Angelo,Stiller,2001-04-04,"6' 0""",170.0,16,NULL,Germany,NULL,NULL,290232,0,0,0
303748,FIF,481,GER,Germany,M,Florian,Wirtz,2003-05-03,"5' 9""",161.0,17,NULL,Germany,NULL,NULL,303748,0,3,0
303821,FIF,481,GER,Germany,M,Jamal,Musiala,2003-02-26,"6' 1""",163.0,10,NULL,Germany,NULL,NULL,303821,1,0,0
359370,FIF,481,GER,Germany,M,Aleksandar,Pavlovic,2004-05-03,"6' 2""",172.0,5,NULL,Germany,NULL,NULL,359370,0,0,0
364897,FIF,481,GER,Germany,M,Assan,Ouédraogo,2006-05-09,"6' 3""",183.0,25,NULL,Germany,NULL,NULL,364897,0,0,0
202641,FIF,481,GER,Germany,F,Leroy,Sané,1996-01-11,"6' 0""",174.0,19,NULL,Germany,NULL,NULL,202641,1,0,0
231182,FIF,481,GER,Germany,F,Kai,Havertz,1999-06-11,"6' 4""",183.0,7,NULL,Germany,NULL,NULL,231182,3,0,0
273300,FIF,481,GER,Germany,F,Deniz,Undav,1996-07-19,"5' 10""",190.0,26,NULL,Germany,NULL,NULL,273300,3,2,0
290639,FIF,481,GER,Germany,F,Maximilian,Beier,2002-10-17,"6' 0""",159.0,14,NULL,Germany,NULL,NULL,290639,0,0,0
290811,FIF,481,GER,Germany,F,Jamie,Leweling,2001-02-26,"6' 1""",190.0,9,NULL,Germany,NULL,NULL,290811,0,0,0
298349,FIF,481,GER,Germany,F,Nick,Woltemade,2002-02-14,"6' 6""",196.0,11,NULL,Germany,NULL,NULL,298349,0,0,0
219562,FIF,4469,GHA,Ghana,G,Lawrence Ati,Zigi,1996-11-29,"6' 2""",192.0,1,NULL,Ghana,NULL,NULL,219562,0,0,8
280808,FIF,4469,GHA,Ghana,G,Joseph,Anang,2000-06-08,"6' 3""",161.0,12,NULL,Ghana,NULL,NULL,280808,0,0,0
378501,FIF,4469,GHA,Ghana,G,Benjamin,Asare,1992-07-13,"6' 2""",172.0,16,NULL,Ghana,NULL,NULL,378501,0,0,8
174508,FIF,4469,GHA,Ghana,D,Baba,Rahman,1994-07-02,"5' 10""",150.0,17,NULL,Ghana,NULL,NULL,174508,0,0,0
205737,FIF,4469,GHA,Ghana,D,Derrick,Luckassen,1995-07-03,"6' 2""",172.0,23,NULL,Ghana,NULL,NULL,205737,1,0,0
241139,FIF,4469,GHA,Ghana,D,Abdul,Mumin,1998-06-06,"6' 2""",172.0,6,NULL,Ghana,NULL,NULL,241139,0,0,0
261505,FIF,4469,GHA,Ghana,D,Jerome,Opoku,1998-10-14,"6' 4""",172.0,18,NULL,Ghana,NULL,NULL,261505,0,0,0
264484,FIF,4469,GHA,Ghana,D,Gideon,Mensah,2000-10-09,"6' 0""",152.0,14,NULL,Ghana,NULL,NULL,264484,0,0,0
305669,FIF,4469,GHA,Ghana,D,Alidu,Seidu,2000-06-04,"5' 8""",159.0,2,NULL,Ghana,NULL,NULL,305669,0,0,0
309638,FIF,4469,GHA,Ghana,D,Marvin,Senaya,2001-01-28,"5' 11""",168.0,26,NULL,Ghana,NULL,NULL,309638,0,0,0
341627,FIF,4469,GHA,Ghana,D,Jonas,Adjetey,2003-12-13,"6' 2""",181.0,4,NULL,Ghana,NULL,NULL,341627,0,0,0
357205,FIF,4469,GHA,Ghana,D,Kojo Peprah,Oppong,2004-06-04,"6' 1""",170.0,21,NULL,Ghana,NULL,NULL,357205,0,0,0
189972,FIF,4469,GHA,Ghana,M,Thomas,Partey,1993-06-13,"6' 1""",170.0,5,NULL,Ghana,NULL,NULL,189972,0,0,0
266057,FIF,4469,GHA,Ghana,M,Elisha,Owusu,1997-11-07,"6' 0""",159.0,15,NULL,Ghana,NULL,NULL,266057,0,0,0
274697,FIF,4469,GHA,Ghana,M,Kwasi,Sibo,1998-06-24,"6' 0""",159.0,8,NULL,Ghana,NULL,NULL,274697,0,0,0
326183,FIF,4469,GHA,Ghana,F,Augustine,Boakye,2000-11-03,"5' 10""",172.0,20,NULL,France,NULL,NULL,326183,0,0,0
387659,FIF,4469,GHA,Ghana,M,Caleb,Yirenkyi,2006-01-15,"6' 0""",170.0,3,NULL,Ghana,NULL,NULL,387659,1,0,0
123518,FIF,4469,GHA,Ghana,F,Jordan,Ayew,1991-09-11,"6' 0""",192.0,9,NULL,Ghana,NULL,NULL,123518,0,0,0
214412,FIF,4469,GHA,Ghana,F,Iñaki,Williams,1994-06-15,"6' 1""",179.0,19,NULL,Ghana,NULL,NULL,214412,0,0,0
240495,FIF,4469,GHA,Ghana,F,Brandon,Thomas-Asante,1998-12-29,"6' 0""",159.0,10,NULL,Ghana,NULL,NULL,240495,0,1,0
273292,FIF,4469,GHA,Ghana,F,Antoine,Semenyo,2000-01-07,"6' 1""",161.0,11,NULL,Ghana,NULL,NULL,273292,0,0,0
303115,FIF,4469,GHA,Ghana,F,Kamaldeen,Sulemana,2002-02-15,"5' 9""",152.0,22,NULL,Ghana,NULL,NULL,303115,0,0,0
318680,FIF,4469,GHA,Ghana,F,Fatawu,Issahaku,2004-03-08,"5' 10""",161.0,7,NULL,Ghana,NULL,NULL,318680,0,0,0
333310,FIF,4469,GHA,Ghana,F,Ernest,Nuamah,2003-11-01,"5' 10""",157.0,24,NULL,Ghana,NULL,NULL,333310,0,1,0
360279,FIF,4469,GHA,Ghana,F,Christopher Bonsu,Baah,2004-12-14,"5' 8""",161.0,13,NULL,Ghana,NULL,NULL,360279,0,0,0
387861,FIF,4469,GHA,Ghana,F,Prince,Adu,2003-09-23,"5' 10""",172.0,25,NULL,Ghana,NULL,NULL,387861,0,0,0
89090,FIF,2654,HAI,Haiti,G,Johny,Placide,1988-01-29,"5' 11""",168.0,1,NULL,Haiti,NULL,NULL,89090,0,0,11
274131,FIF,2654,HAI,Haiti,G,Josué,Duverger,2000-04-27,"6' 2""",168.0,23,NULL,Haiti,NULL,NULL,274131,0,0,0
310715,FIF,2654,HAI,Haiti,G,Alexandre,Pierre,2001-02-25,"6' 3""",192.0,12,NULL,Haiti,NULL,NULL,310715,0,0,0
188106,FIF,2654,HAI,Haiti,D,Ricardo,Adé,1990-05-21,"6' 3""",152.0,4,NULL,Haiti,NULL,NULL,188106,0,0,0
218703,FIF,2654,HAI,Haiti,D,Carlens,Arcus,1996-06-28,"5' 11""",163.0,2,NULL,Haiti,NULL,NULL,218703,0,0,0
235401,FIF,2654,HAI,Haiti,D,Markhus,Lacroix,1993-10-14,"5' 9""",148.0,13,NULL,Haiti,NULL,NULL,235401,0,0,0
241032,FIF,2654,HAI,Haiti,D,Jean-Kévin,Duverne,1997-07-12,"6' 0""",170.0,22,NULL,Haiti,NULL,NULL,241032,0,1,0
252521,FIF,2654,HAI,Haiti,D,Hannes,Delcroix,1999-02-28,"6' 0""",172.0,5,NULL,Haiti,NULL,NULL,252521,0,0,0
320212,FIF,2654,HAI,Haiti,D,Martin,Expérience,1999-03-09,"5' 10""",172.0,8,NULL,Haiti,NULL,NULL,320212,0,0,0
320621,FIF,2654,HAI,Haiti,D,Garven,Metusala,1999-12-31,"6' 1""",181.0,14,NULL,Haiti,NULL,NULL,320621,0,0,0
385479,FIF,2654,HAI,Haiti,D,Wilguens,Paugain,2001-08-24,"5' 11""",152.0,24,NULL,Haiti,NULL,NULL,385479,0,0,0
409965,FIF,2654,HAI,Haiti,D,Keeto,Thermoncy,2006-03-29,"5' 10""",152.0,3,NULL,Haiti,NULL,NULL,409965,0,0,0
240369,FIF,2654,HAI,Haiti,M,Jean-Ricner,Bellegarde,1998-06-27,"5' 7""",146.0,10,NULL,Haiti,NULL,NULL,240369,0,0,0
297177,FIF,2654,HAI,Haiti,M,Carl,Sainté,2002-08-09,"6' 0""",163.0,6,NULL,Haiti,NULL,NULL,297177,0,0,0
333939,FIF,2654,HAI,Haiti,M,Danley,Jean Jacques,2000-05-20,"6' 0""",159.0,17,NULL,Haiti,NULL,NULL,333939,0,0,0
342631,FIF,2654,HAI,Haiti,M,Dominique,Simon,2000-07-29,"5' 10""",152.0,25,NULL,Haiti,NULL,NULL,342631,0,0,0
359946,FIF,2654,HAI,Haiti,M,Woodensky,Pierre,2004-12-30,"5' 10""",168.0,26,NULL,Haiti,NULL,NULL,359946,0,0,0
210778,FIF,2654,HAI,Haiti,F,Duckens,Nazon,1994-04-07,"5' 11""",172.0,9,NULL,Haiti,NULL,NULL,210778,0,0,0
231098,FIF,2654,HAI,Haiti,F,Derrick,Etienne Jr.,1996-11-25,"5' 10""",152.0,7,NULL,Haiti,NULL,NULL,231098,0,0,0
250241,FIF,2654,HAI,Haiti,F,Frantzdy,Pierrot,1995-03-29,"6' 4""",172.0,20,NULL,Haiti,NULL,NULL,250241,0,0,0
265915,FIF,2654,HAI,Haiti,F,Wilson,Isidor,2000-08-27,"6' 0""",159.0,18,NULL,Haiti,NULL,NULL,265915,1,0,0
275007,FIF,2654,HAI,Haiti,F,Yassin,Fortuné,1999-01-30,"6' 1""",161.0,19,NULL,Haiti,NULL,NULL,275007,0,0,0
291608,FIF,2654,HAI,Haiti,F,Louicius,Deedson,2001-02-11,"5' 10""",157.0,11,NULL,Haiti,NULL,NULL,291608,0,0,0
301093,FIF,2654,HAI,Haiti,F,Lenny,Joseph,2000-10-12,"6' 0""",152.0,16,NULL,Haiti,NULL,NULL,301093,0,0,0
304212,FIF,2654,HAI,Haiti,F,Josué,Casimir,2001-09-24,"5' 10""",150.0,21,NULL,Haiti,NULL,NULL,304212,0,0,0
307861,FIF,2654,HAI,Haiti,F,Ruben,Providence,2001-07-07,"5' 10""",161.0,15,NULL,Haiti,NULL,NULL,307861,0,0,0
185648,FIF,469,IRN,Iran,G,Hossein,Hosseini,1992-06-30,"6' 2""",183.0,22,NULL,Iran,NULL,NULL,185648,0,0,0
214798,FIF,469,IRN,Iran,G,Alireza,Beiranvand,1992-09-21,"6' 5""",192.0,1,NULL,Iran,NULL,NULL,214798,0,0,15
284219,FIF,469,IRN,Iran,G,Payam,Niazmand,1995-04-06,"6' 4""",203.0,12,NULL,Iran,NULL,NULL,284219,0,0,0
180674,FIF,469,IRN,Iran,D,Shoja,Khalilzadeh,1989-05-14,"6' 0""",163.0,4,NULL,Iran,NULL,NULL,180674,0,0,0
203453,FIF,469,IRN,Iran,D,Ehsan,Hajsafi,1990-02-25,"5' 10""",183.0,3,NULL,Iran,NULL,NULL,203453,0,0,0
218086,FIF,469,IRN,Iran,D,Ramin,Rezaeian,1990-03-21,"6' 0""",163.0,23,NULL,Iran,NULL,NULL,218086,2,1,0
226302,FIF,469,IRN,Iran,D,Milad,Mohammadi,1993-09-29,"5' 10""",152.0,5,NULL,Iran,NULL,NULL,226302,0,0,0
243943,FIF,469,IRN,Iran,D,Hossein,Kanani,1994-03-23,"6' 2""",194.0,13,NULL,Iran,NULL,NULL,243943,0,0,0
302404,FIF,469,IRN,Iran,D,Ali,Nemati,1996-02-08,"6' 0""",170.0,19,NULL,Iran,NULL,NULL,302404,0,0,0
317748,FIF,469,IRN,Iran,D,Saleh,Hardani,1998-12-26,"5' 9""",150.0,2,NULL,Iran,NULL,NULL,317748,0,0,0
339178,FIF,469,IRN,Iran,D,Arya,Yousefi,2002-04-22,"5' 11""",172.0,17,NULL,Iran,NULL,NULL,339178,0,0,0
401990,FIF,469,IRN,Iran,D,Danial,Iri,2003-10-26,"6' 0""",163.0,25,NULL,Iran,NULL,NULL,401990,0,0,0
188055,FIF,469,IRN,Iran,F,Alireza,Jahanbakhsh,1993-08-11,"6' 0""",172.0,7,NULL,Iran,NULL,NULL,188055,0,0,0
194863,FIF,469,IRN,Iran,M,Saeid,Ezatolahi,1996-10-01,"6' 2""",194.0,6,NULL,Iran,NULL,NULL,194863,0,0,0
226301,FIF,469,IRN,Iran,M,Mehdi,Torabi,1994-09-10,"6' 1""",170.0,16,NULL,Iran,NULL,NULL,226301,0,0,0
235519,FIF,469,IRN,Iran,M,Saman,Ghoddos,1993-09-06,"5' 9""",170.0,14,NULL,Iran,NULL,NULL,235519,0,0,0
253376,FIF,469,IRN,Iran,M,Roozbeh,Cheshmi,1993-07-24,"6' 4""",181.0,15,NULL,Iran,NULL,NULL,253376,0,0,0
296999,FIF,469,IRN,Iran,M,Mohammad,Mohebbi,1998-12-20,"6' 2""",183.0,8,NULL,Iran,NULL,NULL,296999,1,0,0
355158,FIF,469,IRN,Iran,M,Mohammad,Ghorbani,2001-10-07,"6' 3""",183.0,21,NULL,Iran,NULL,NULL,355158,0,0,0
372049,FIF,469,IRN,Iran,M,Amirmohammad,Razzaghinia,2006-04-11,"6' 2""",183.0,26,NULL,Iran,NULL,NULL,372049,0,0,0
219611,FIF,469,IRN,Iran,F,Mehdi,Taremi,1992-07-18,"6' 2""",181.0,9,NULL,Iran,NULL,NULL,219611,0,0,0
219617,FIF,469,IRN,Iran,F,Ali,Alipour,1995-11-11,"5' 11""",163.0,11,NULL,Iran,NULL,NULL,219617,0,0,0
256581,FIF,469,IRN,Iran,F,Mehdi,Ghayedi,1998-12-05,"5' 5""",130.0,10,NULL,Iran,NULL,NULL,256581,0,0,0
266729,FIF,469,IRN,Iran,F,Amirhossein,Hosseinzadeh,2000-10-30,"5' 10""",179.0,18,NULL,Iran,NULL,NULL,266729,0,0,0
272489,FIF,469,IRN,Iran,F,Dennis,Dargahi,1997-01-09,"6' 0""",181.0,24,NULL,Iran,NULL,NULL,272489,0,0,0
308077,FIF,469,IRN,Iran,F,Shahriyar,Moghanloo,1994-12-21,"6' 2""",196.0,20,NULL,Iran,NULL,NULL,308077,0,0,0
235231,FIF,4375,IRQ,Iraq,G,Fahad,Talib,1994-10-21,"6' 4""",190.0,1,NULL,Iraq,NULL,NULL,235231,0,0,0
257421,FIF,4375,IRQ,Iraq,G,Jalal,Hassan,1991-05-18,"6' 2""",185.0,12,NULL,Iraq,NULL,NULL,257421,0,0,8
285998,FIF,4375,IRQ,Iraq,G,Ahmed,Basil,1996-08-19,"6' 1""",174.0,22,NULL,Iraq,NULL,NULL,285998,0,0,3
218597,FIF,4375,IRQ,Iraq,D,Frans,Putros,1993-07-14,"5' 11""",172.0,26,NULL,Iraq,NULL,NULL,218597,0,0,0
244675,FIF,4375,IRQ,Iraq,D,Rebin,Sulaka,1992-04-12,"6' 4""",185.0,2,NULL,Iraq,NULL,NULL,244675,0,0,0
244679,FIF,4375,IRQ,Iraq,D,Hussein,Ali,2002-03-01,"6' 0""",163.0,3,NULL,Iraq,NULL,NULL,244679,0,0,0
331621,FIF,4375,IRQ,Iraq,D,Munaf,Younus,1996-11-16,"6' 0""",172.0,6,NULL,Iraq,NULL,NULL,331621,0,0,0
345320,FIF,4375,IRQ,Iraq,D,Merchas,Doski,1999-12-07,"5' 8""",141.0,23,NULL,Iraq,NULL,NULL,345320,0,0,0
369408,FIF,4375,IRQ,Iraq,D,Ahmed,Maknazi,2001-09-24,"5' 11""",161.0,15,NULL,Iraq,NULL,NULL,369408,0,0,0
371649,FIF,4375,IRQ,Iraq,D,Mustafa,Saadoon,2001-05-25,"5' 11""",161.0,25,NULL,Iraq,NULL,NULL,371649,0,0,0
378605,FIF,4375,IRQ,Iraq,D,Akam,Hashim,1998-08-16,"6' 0""",161.0,5,NULL,Iraq,NULL,NULL,378605,0,0,0
378968,FIF,4375,IRQ,Iraq,D,Zaid,Tahseen,2001-01-29,"6' 4""",170.0,4,NULL,Iraq,NULL,NULL,378968,0,0,0
266496,FIF,4375,IRQ,Iraq,M,Ibrahim,Bayesh,2000-05-01,"6' 0""",172.0,8,NULL,Iraq,NULL,NULL,266496,0,0,0
274173,FIF,4375,IRQ,Iraq,M,Kevin,Yakob,2000-10-10,"6' 1""",163.0,19,NULL,Iraq,NULL,NULL,274173,0,0,0
287723,FIF,4375,IRQ,Iraq,M,Aimar,Sher,2002-12-20,"5' 9""",141.0,20,NULL,Iraq,NULL,NULL,287723,0,0,0
311149,FIF,4375,IRQ,Iraq,M,Amir,Al-Ammari,1997-07-27,"6' 0""",157.0,16,NULL,Iraq,NULL,NULL,311149,0,1,0
325549,FIF,4375,IRQ,Iraq,M,Zidane,Iqbal,2003-04-27,"5' 11""",157.0,14,NULL,Iraq,NULL,NULL,325549,0,0,0
326032,FIF,4375,IRQ,Iraq,M,Marko,Farji,2004-03-16,"6' 0""",172.0,21,NULL,Iraq,NULL,NULL,326032,0,0,0
384274,FIF,4375,IRQ,Iraq,M,Zaid,Ismael,2002-01-03,"6' 1""",161.0,24,NULL,Iraq,NULL,NULL,384274,0,0,0
244677,FIF,4375,IRQ,Iraq,F,Aymen,Hussein,1996-03-22,"6' 2""",183.0,18,NULL,Iraq,NULL,NULL,244677,1,0,0
269478,FIF,4375,IRQ,Iraq,F,Mohanad,Ali,2000-06-20,"6' 0""",168.0,10,NULL,Iraq,NULL,NULL,269478,0,0,0
274166,FIF,4375,IRQ,Iraq,F,Hashim,Ali,2000-08-17,"5' 5""",119.0,13,NULL,Qatar,NULL,NULL,274166,0,0,0
307750,FIF,4375,IRQ,Iraq,F,Ali,Jasim,2004-01-20,"5' 10""",161.0,17,NULL,Iraq,NULL,NULL,307750,0,0,0
313976,FIF,4375,IRQ,Iraq,F,Ahmed,Qasim,2003-07-12,"6' 0""",161.0,11,NULL,Iraq,NULL,NULL,313976,0,0,0
321221,FIF,4375,IRQ,Iraq,F,Youssef,Amyn,2003-08-21,"5' 8""",150.0,7,NULL,Iraq,NULL,NULL,321221,0,0,0
330579,FIF,4375,IRQ,Iraq,F,Ali,Al-Hamadi,2002-03-01,"6' 2""",179.0,9,NULL,Iraq,NULL,NULL,330579,0,0,0
231282,FIF,4789,CIV,Ivory Coast,G,Alban,Lafont,1999-01-23,"6' 5""",185.0,23,NULL,Ivory Coast,NULL,NULL,231282,0,0,0
261595,FIF,4789,CIV,Ivory Coast,G,Yahia,Fofana,2000-08-21,"6' 4""",194.0,1,NULL,Ivory Coast,NULL,NULL,261595,0,0,9
323997,FIF,4789,CIV,Ivory Coast,G,Mohamed,Koné,2002-03-07,"6' 1""",172.0,16,NULL,Ivory Coast,NULL,NULL,323997,0,0,0
242593,FIF,4789,CIV,Ivory Coast,D,Evan,Ndicka,1999-08-20,"6' 4""",185.0,21,NULL,Ivory Coast,NULL,NULL,242593,0,0,0
249072,FIF,4789,CIV,Ivory Coast,D,Christopher,Operi,1997-04-29,"6' 0""",174.0,13,NULL,Ivory Coast,NULL,NULL,249072,0,0,0
250888,FIF,4789,CIV,Ivory Coast,D,Ghislain,Konan,1995-12-27,"5' 9""",172.0,3,NULL,Ivory Coast,NULL,NULL,250888,0,0,0
284822,FIF,4789,CIV,Ivory Coast,D,Odilon,Kossounou,2001-01-04,"6' 3""",183.0,7,NULL,Ivory Coast,NULL,NULL,284822,0,0,0
286569,FIF,4789,CIV,Ivory Coast,D,Wilfried,Singo,2000-12-25,"6' 3""",174.0,5,NULL,Ivory Coast,NULL,NULL,286569,0,1,0
308449,FIF,4789,CIV,Ivory Coast,D,Emmanuel,Agbadou,1997-06-17,"6' 4""",185.0,20,NULL,Ivory Coast,NULL,NULL,308449,0,0,0
343964,FIF,4789,CIV,Ivory Coast,D,Ousmane,Diomande,2003-12-04,"6' 3""",205.0,2,NULL,Ivory Coast,NULL,NULL,343964,0,0,0
346636,FIF,4789,CIV,Ivory Coast,D,Guela,Doué,2002-10-17,"6' 2""",192.0,17,NULL,Ivory Coast,NULL,NULL,346636,0,0,0
184118,FIF,4789,CIV,Ivory Coast,M,Seko,Fofana,1995-05-07,"6' 1""",183.0,6,NULL,Ivory Coast,NULL,NULL,184118,0,0,0
193539,FIF,4789,CIV,Ivory Coast,M,Jean Michaël,Seri,1991-07-19,"5' 7""",161.0,4,NULL,Ivory Coast,NULL,NULL,193539,0,0,0
194711,FIF,4789,CIV,Ivory Coast,M,Franck,Kessié,1996-12-19,"6' 0""",196.0,8,NULL,Ivory Coast,NULL,NULL,194711,1,0,0
213718,FIF,4789,CIV,Ivory Coast,M,Ibrahim,Sangaré,1997-12-02,"6' 3""",170.0,18,NULL,Ivory Coast,NULL,NULL,213718,0,1,0
257055,FIF,4789,CIV,Ivory Coast,M,Parfait,Guiagon,2001-02-22,"5' 7""",152.0,25,NULL,Ivory Coast,NULL,NULL,257055,0,0,0
386989,FIF,4789,CIV,Ivory Coast,M,Christ,Inao Oulaï,2006-04-06,"5' 8""",150.0,26,NULL,Ivory Coast,NULL,NULL,386989,0,0,0
210397,FIF,4789,CIV,Ivory Coast,F,Nicolas,Pépé,1995-05-29,"6' 0""",163.0,19,NULL,Ivory Coast,NULL,NULL,210397,2,1,0
288924,FIF,4789,CIV,Ivory Coast,F,Evann,Guessand,2001-07-01,"6' 2""",181.0,22,NULL,Ivory Coast,NULL,NULL,288924,0,0,0
291630,FIF,4789,CIV,Ivory Coast,F,Amad,Diallo,2002-07-11,"5' 8""",159.0,15,NULL,Ivory Coast,NULL,NULL,291630,2,0,0
309185,FIF,4789,CIV,Ivory Coast,F,Ange-Yoan,Bonny,2003-10-25,"6' 2""",183.0,9,NULL,Ivory Coast,NULL,NULL,309185,0,0,0
311118,FIF,4789,CIV,Ivory Coast,F,Elye,Wahi,2003-01-02,"6' 0""",161.0,12,NULL,Ivory Coast,NULL,NULL,311118,0,0,0
317404,FIF,4789,CIV,Ivory Coast,F,Simon,Adingra,2002-01-01,"5' 9""",150.0,10,NULL,Ivory Coast,NULL,NULL,317404,0,0,0
329483,FIF,4789,CIV,Ivory Coast,F,Oumar,Diakité,2003-12-20,"6' 1""",170.0,14,NULL,Ivory Coast,NULL,NULL,329483,0,0,0
359108,FIF,4789,CIV,Ivory Coast,F,Bazoumana,Touré,2006-03-02,"5' 10""",152.0,24,NULL,Ivory Coast,NULL,NULL,359108,0,0,0
402479,FIF,4789,CIV,Ivory Coast,F,Yan,Diomande,2006-11-14,"5' 11""",168.0,11,NULL,Ivory Coast,NULL,NULL,402479,0,1,0
255723,FIF,627,JPN,Japan,G,Keisuke,Osako,1999-07-28,"6' 2""",192.0,12,NULL,Japan,NULL,NULL,255723,0,0,0
265958,FIF,627,JPN,Japan,G,Zion,Suzuki,2002-08-21,"6' 3""",218.0,1,NULL,Japan,NULL,NULL,265958,0,0,12
312924,FIF,627,JPN,Japan,G,Tomoki,Hayakawa,1999-03-03,"6' 2""",179.0,23,NULL,Japan,NULL,NULL,312924,0,0,0
97111,FIF,627,JPN,Japan,D,Hiroki,Ito,1999-05-12,"6' 2""",183.0,21,NULL,Japan,NULL,NULL,97111,0,0,0
119082,FIF,627,JPN,Japan,D,Yuto,Nagatomo,1986-09-12,"5' 7""",150.0,5,NULL,Japan,NULL,NULL,119082,0,0,0
202728,FIF,627,JPN,Japan,D,Shogo,Taniguchi,1991-07-15,"6' 1""",163.0,3,NULL,Japan,NULL,NULL,202728,0,0,0
238004,FIF,627,JPN,Japan,D,Takehiro,Tomiyasu,1998-11-05,"6' 2""",183.0,22,NULL,Japan,NULL,NULL,238004,0,0,0
238033,FIF,627,JPN,Japan,D,Kou,Itakura,1997-01-27,"6' 2""",174.0,4,NULL,Japan,NULL,NULL,238033,0,1,0
258270,FIF,627,JPN,Japan,D,Ayumu,Seko,2000-06-07,"6' 1""",179.0,20,NULL,Japan,NULL,NULL,258270,0,0,0
265965,FIF,627,JPN,Japan,D,Yukinari,Sugawara,2000-06-28,"5' 10""",157.0,2,NULL,Japan,NULL,NULL,265965,0,0,0
276279,FIF,627,JPN,Japan,D,Tsuyoshi,Watanabe,1997-02-05,"6' 0""",168.0,16,NULL,Japan,NULL,NULL,276279,0,0,0
333663,FIF,627,JPN,Japan,D,Junnosuke,Suzuki,2003-07-12,"5' 11""",157.0,25,NULL,Japan,NULL,NULL,333663,0,0,0
152479,FIF,627,JPN,Japan,M,Wataru,Endo,1993-02-09,"5' 10""",170.0,6,NULL,Japan,NULL,NULL,152479,NULL,NULL,NULL
219362,FIF,627,JPN,Japan,M,Daichi,Kamada,1996-08-05,"5' 11""",159.0,15,NULL,Japan,NULL,NULL,219362,2,0,0
219627,FIF,627,JPN,Japan,M,Ritsu,Doan,1998-06-16,"5' 8""",152.0,10,NULL,Japan,NULL,NULL,219627,0,1,0
253173,FIF,627,JPN,Japan,M,Ao,Tanaka,1998-09-10,"5' 11""",163.0,7,NULL,Japan,NULL,NULL,253173,0,0,0
303031,FIF,627,JPN,Japan,M,Yuito,Suzuki,2001-10-25,"5' 9""",157.0,17,NULL,Japan,NULL,NULL,303031,0,0,0
357030,FIF,627,JPN,Japan,M,Kaishu,Sano,2000-12-30,"5' 9""",148.0,24,NULL,Japan,NULL,NULL,357030,1,1,0
219350,FIF,627,JPN,Japan,F,Junya,Ito,1993-03-09,"5' 10""",150.0,14,NULL,Japan,NULL,NULL,219350,1,0,0
238016,FIF,627,JPN,Japan,F,Koki,Ogawa,1997-08-08,"6' 1""",172.0,19,NULL,Japan,NULL,NULL,238016,0,1,0
256587,FIF,627,JPN,Japan,F,Takefusa,Kubo,2001-06-04,"5' 8""",148.0,8,NULL,Japan,NULL,NULL,256587,0,1,0
265953,FIF,627,JPN,Japan,F,Keito,Nakamura,2000-07-28,"5' 11""",161.0,13,NULL,Japan,NULL,NULL,265953,1,1,0
274277,FIF,627,JPN,Japan,F,Ayase,Ueda,1998-08-28,"6' 0""",168.0,18,NULL,Japan,NULL,NULL,274277,2,1,0
286347,FIF,627,JPN,Japan,F,Daizen,Maeda,1997-10-20,"5' 8""",148.0,11,NULL,Japan,NULL,NULL,286347,1,0,0
346208,FIF,627,JPN,Japan,F,Keisuke,Goto,2005-06-03,"6' 3""",152.0,9,NULL,Japan,NULL,NULL,346208,0,0,0
362959,FIF,627,JPN,Japan,F,Kento,Shiogai,2005-03-26,"5' 11""",170.0,26,NULL,Japan,NULL,NULL,362959,0,0,0
235212,FIF,2917,JOR,Jordan,G,Yazeed,Abulaila,1993-01-08,"6' 2""",192.0,1,NULL,Jordan,NULL,NULL,235212,0,0,8
293352,FIF,2917,JOR,Jordan,G,Abdallah,Al-Fakhouri,2000-01-22,"6' 3""",174.0,22,NULL,Jordan,NULL,NULL,293352,0,0,0
321516,FIF,2917,JOR,Jordan,G,Nour,Bani Ateyah,1993-01-25,"5' 10""",168.0,12,NULL,Jordan,NULL,NULL,321516,0,0,0
229021,FIF,2917,JOR,Jordan,D,Ehsan,Haddad,1994-02-05,"5' 9""",172.0,23,NULL,Jordan,NULL,NULL,229021,0,1,0
274269,FIF,2917,JOR,Jordan,D,Yazan,Al-Arab,1996-01-31,"6' 1""",192.0,5,NULL,Jordan,NULL,NULL,274269,0,0,0
286761,FIF,2917,JOR,Jordan,D,Mohammad,Abualnadi,2001-02-08,"6' 1""",174.0,16,NULL,Jordan,NULL,NULL,286761,0,0,0
289005,FIF,2917,JOR,Jordan,D,Saleem,Obaid,1992-01-17,"6' 2""",181.0,17,NULL,Jordan,NULL,NULL,289005,0,0,0
317819,FIF,2917,JOR,Jordan,D,Abdallah,Nasib,1994-02-25,"6' 0""",172.0,3,NULL,Jordan,NULL,NULL,317819,0,0,0
317847,FIF,2917,JOR,Jordan,D,Mohannad,Abu Taha,2003-02-02,"5' 8""",168.0,20,NULL,Jordan,NULL,NULL,317847,0,0,0
321484,FIF,2917,JOR,Jordan,D,Mohammad,Abu Hasheesh,1995-05-09,"5' 10""",161.0,2,NULL,Jordan,NULL,NULL,321484,0,0,0
321503,FIF,2917,JOR,Jordan,D,Husam,Abu Dahab,2000-05-13,"6' 1""",179.0,4,NULL,Jordan,NULL,NULL,321503,0,0,0
374200,FIF,2917,JOR,Jordan,D,Saed,Al-Rosan,1997-02-01,"6' 1""",183.0,19,NULL,Jordan,NULL,NULL,374200,0,0,0
418839,FIF,2917,JOR,Jordan,D,Mohammad,Abughoush,2005-07-13,"6' 0""",161.0,18,NULL,Jordan,NULL,NULL,418839,0,0,0
422263,FIF,2917,JOR,Jordan,D,Anas,Badawi,1997-09-13,"5' 9""",152.0,26,NULL,Jordan,NULL,NULL,422263,0,0,0
244036,FIF,2917,JOR,Jordan,M,Rajaei,Ayed,1993-07-25,"5' 9""",152.0,14,NULL,Jordan,NULL,NULL,244036,0,0,0
295462,FIF,2917,JOR,Jordan,M,Noor,Al-Rawabdeh,1997-02-24,"6' 0""",163.0,8,NULL,Jordan,NULL,NULL,295462,0,1,0
320910,FIF,2917,JOR,Jordan,M,Ibrahim,Sadeh,2000-04-27,"5' 9""",152.0,15,NULL,Jordan,NULL,NULL,320910,0,0,0
321486,FIF,2917,JOR,Jordan,M,Mohammad,Al-Daoud,1992-04-12,"6' 1""",179.0,25,NULL,Jordan,NULL,NULL,321486,0,0,0
321515,FIF,2917,JOR,Jordan,M,Nizar,Al-Rashdan,1999-03-23,"6' 0""",161.0,21,NULL,Jordan,NULL,NULL,321515,1,0,0
369409,FIF,2917,JOR,Jordan,M,Amer,Jamous,2002-07-03,"5' 10""",168.0,6,NULL,Jordan,NULL,NULL,369409,0,0,0
229023,FIF,2917,JOR,Jordan,F,Mahmoud,Al-Mardi,1993-10-06,"5' 8""",159.0,13,NULL,Jordan,NULL,NULL,229023,0,0,0
257489,FIF,2917,JOR,Jordan,F,Mousa,Al-Tamari,1997-06-10,"5' 10""",152.0,10,NULL,Jordan,NULL,NULL,257489,1,1,0
289004,FIF,2917,JOR,Jordan,F,Mohammed,Abu Zraiq,1997-12-30,"5' 7""",152.0,7,NULL,Jordan,NULL,NULL,289004,0,0,0
320908,FIF,2917,JOR,Jordan,F,Ali,Olwan,2000-03-26,"6' 0""",179.0,9,NULL,Jordan,NULL,NULL,320908,1,0,0
392204,FIF,2917,JOR,Jordan,F,Odeh,Fakhoury,2005-11-22,"5' 11""",150.0,11,NULL,Jordan,NULL,NULL,392204,0,0,0
400062,FIF,2917,JOR,Jordan,F,Ali,Azaizeh,2004-04-13,"5' 10""",170.0,24,NULL,Jordan,NULL,NULL,400062,0,0,0
137038,FIF,203,MEX,Mexico,G,Guillermo,Ochoa,1985-07-13,"6' 3""",185.0,13,NULL,Mexico,NULL,NULL,137038,0,0,0
236368,FIF,203,MEX,Mexico,G,Carlos,Acevedo,1996-04-19,"6' 0""",161.0,12,NULL,Mexico,NULL,NULL,236368,0,0,0
290899,FIF,203,MEX,Mexico,G,Raúl,Rangel,2000-02-25,"6' 3""",192.0,1,NULL,Mexico,NULL,NULL,290899,0,0,8
132098,FIF,203,MEX,Mexico,D,Jesús,Gallardo,1994-08-15,"5' 10""",172.0,23,NULL,Mexico,NULL,NULL,132098,0,0,0
178746,FIF,203,MEX,Mexico,D,Jorge,Sánchez,1997-12-10,"5' 9""",150.0,2,NULL,Mexico,NULL,NULL,178746,0,1,0
224323,FIF,203,MEX,Mexico,D,César,Montes,1997-02-24,"6' 5""",194.0,3,NULL,Mexico,NULL,NULL,224323,0,0,0
259975,FIF,203,MEX,Mexico,D,Johan,Vásquez,1998-10-22,"6' 0""",172.0,5,NULL,Mexico,NULL,NULL,259975,0,0,0
290414,FIF,203,MEX,Mexico,D,Israel,Reyes,2000-05-23,"5' 10""",161.0,15,NULL,Mexico,NULL,NULL,290414,0,0,0
379193,FIF,203,MEX,Mexico,D,Mateo,Chávez,2004-05-12,"5' 10""",161.0,20,NULL,Mexico,NULL,NULL,379193,1,0,0
104497,FIF,203,MEX,Mexico,M,Luis,Chávez,1996-01-15,"5' 10""",161.0,24,NULL,Mexico,NULL,NULL,104497,0,0,0
207011,FIF,203,MEX,Mexico,M,Orbelín,Pineda,1996-03-24,"5' 7""",141.0,17,NULL,Mexico,NULL,NULL,207011,0,0,0
241627,FIF,203,MEX,Mexico,M,Edson,Álvarez,1997-10-24,"6' 3""",168.0,4,NULL,Mexico,NULL,NULL,241627,0,0,0
242614,FIF,203,MEX,Mexico,M,Luis,Romo,1995-06-05,"6' 0""",172.0,7,NULL,Mexico,NULL,NULL,242614,1,1,0
265969,FIF,203,MEX,Mexico,M,César,Huerta,2000-12-03,"5' 7""",132.0,21,NULL,Mexico,NULL,NULL,265969,0,0,0
276942,FIF,203,MEX,Mexico,M,Érik,Lira,2000-05-08,"5' 8""",152.0,6,NULL,Mexico,NULL,NULL,276942,0,1,0
283827,FIF,203,MEX,Mexico,M,Álvaro,Fidalgo,1997-04-09,"5' 9""",150.0,8,NULL,Mexico,NULL,NULL,283827,1,0,0
303577,FIF,203,MEX,Mexico,D,Brian,Gutiérrez,2007-01-21,"6' 1""",181.0,26,NULL,Argentina,NULL,NULL,303577,0,0,0
318554,FIF,203,MEX,Mexico,M,Obed,Vargas,2005-08-05,"5' 9""",150.0,18,NULL,Mexico,NULL,NULL,318554,0,0,0
389575,FIF,203,MEX,Mexico,M,Gilberto,Mora,2008-10-14,"5' 6""",137.0,19,NULL,Mexico,NULL,NULL,389575,0,0,0
167060,FIF,203,MEX,Mexico,F,Raúl,Jiménez,1991-05-05,"6' 2""",168.0,9,NULL,Mexico,Hidalgo,NULL,167060,3,0,0
193566,FIF,203,MEX,Mexico,F,Guillermo,Martínez,1995-03-15,"6' 3""",201.0,22,NULL,Mexico,NULL,NULL,193566,0,0,0
194308,FIF,203,MEX,Mexico,F,Roberto,Alvarado,1998-09-07,"5' 9""",152.0,25,NULL,Mexico,NULL,NULL,194308,0,3,0
229487,FIF,203,MEX,Mexico,F,Alexis,Vega,1997-11-25,"5' 9""",168.0,10,NULL,Mexico,NULL,NULL,229487,0,0,0
233075,FIF,203,MEX,Mexico,F,Julián,Quiñones,1997-03-24,"5' 11""",172.0,16,NULL,Mexico,NULL,NULL,233075,4,1,0
260775,FIF,203,MEX,Mexico,F,Santiago,Gimenez,2001-04-18,"6' 1""",172.0,11,NULL,Mexico,NULL,NULL,260775,0,0,0
376110,FIF,203,MEX,Mexico,F,Armando,González,2003-04-20,"5' 10""",148.0,14,NULL,Mexico,NULL,NULL,376110,0,0,0
175149,FIF,2869,MAR,Morocco,G,Yassine,Bounou,1991-04-05,"6' 4""",170.0,1,NULL,Saudi Arabia,Montreal,NULL,175149,0,0,15
195240,FIF,2869,MAR,Morocco,G,Ahmed Reda,Tagnaouti,1996-04-05,"6' 4""",183.0,22,NULL,Morocco,NULL,NULL,195240,0,0,0
206232,FIF,2869,MAR,Morocco,G,Munir,El Kajoui,1989-05-10,"6' 3""",172.0,12,NULL,Morocco,NULL,NULL,206232,0,0,0
230963,FIF,2869,MAR,Morocco,D,Issa,Diop,1997-01-09,"6' 4""",192.0,14,NULL,Morocco,NULL,NULL,230963,1,0,0
239350,FIF,2869,MAR,Morocco,D,Noussair,Mazraoui,1997-11-14,"6' 0""",172.0,3,NULL,Morocco,NULL,NULL,239350,0,0,0
240233,FIF,2869,MAR,Morocco,D,Achraf,Hakimi,1998-11-04,"5' 11""",172.0,2,NULL,Morocco,NULL,NULL,240233,1,2,0
245243,FIF,2869,MAR,Morocco,D,Nayef,Aguerd,1996-03-30,"6' 3""",174.0,5,NULL,Morocco,NULL,NULL,245243,NULL,NULL,NULL
297296,FIF,2869,MAR,Morocco,D,Anass,Salah-Eddine,2002-01-18,"5' 11""",146.0,26,NULL,Morocco,NULL,NULL,297296,0,0,0
307870,FIF,2869,MAR,Morocco,D,Chadi,Riad,2003-06-17,"6' 1""",172.0,18,NULL,Morocco,NULL,NULL,307870,0,1,0
325024,FIF,2869,MAR,Morocco,D,Zakaria,El Ouahdi,2001-12-31,"5' 7""",150.0,13,NULL,Morocco,NULL,NULL,325024,0,0,0
328300,FIF,2869,MAR,Morocco,D,Redouane,Halhal,2003-03-05,"6' 2""",181.0,25,NULL,Morocco,NULL,NULL,328300,0,0,0
393692,FIF,2869,MAR,Morocco,D,Youssef,Belammari,1998-09-20,"5' 9""",152.0,19,NULL,Morocco,NULL,NULL,393692,0,0,0
195226,FIF,2869,MAR,Morocco,M,Sofyan,Amrabat,1996-08-21,"6' 1""",170.0,4,NULL,Morocco,NULL,NULL,195226,0,0,0
246532,FIF,2869,MAR,Morocco,M,Brahim,Díaz,1999-08-03,"5' 7""",150.0,10,NULL,Morocco,NULL,NULL,246532,0,4,0
291552,FIF,2869,MAR,Morocco,M,Azzedine,Ounahi,2000-04-19,"6' 0""",141.0,8,NULL,Morocco,NULL,NULL,291552,2,0,0
304572,FIF,2869,MAR,Morocco,M,Ismael,Saibari,2001-01-28,"6' 1""",179.0,11,NULL,Morocco,NULL,NULL,304572,3,0,0
323807,FIF,2869,MAR,Morocco,M,Neil,El Aynaoui,2001-07-02,"6' 1""",174.0,24,NULL,Morocco,NULL,NULL,323807,0,0,0
336595,FIF,2869,MAR,Morocco,M,Bilal,El Khannouss,2004-05-10,"5' 11""",152.0,23,NULL,Morocco,NULL,NULL,336595,0,0,0
373927,FIF,2869,MAR,Morocco,M,Ayyoub,Bouaddi,2007-10-02,"6' 1""",163.0,6,NULL,Morocco,NULL,NULL,373927,0,0,0
378491,FIF,2869,MAR,Morocco,M,Samir,El Mourabet,2005-10-06,"6' 2""",159.0,15,NULL,Morocco,NULL,NULL,378491,0,0,0
269562,FIF,2869,MAR,Morocco,F,Ayoub,El Kaabi,1993-06-25,"6' 0""",174.0,20,NULL,Morocco,NULL,NULL,269562,0,0,0
276139,FIF,2869,MAR,Morocco,F,Soufiane,Rahimi,1996-06-02,"5' 11""",163.0,9,NULL,Morocco,NULL,NULL,276139,2,1,0
300912,FIF,2869,MAR,Morocco,F,Abde,Ezzalzouli,2001-12-17,"5' 10""",161.0,17,NULL,Morocco,NULL,NULL,300912,NULL,NULL,NULL
360062,FIF,2869,MAR,Morocco,F,Chemsdine,Talbi,2005-05-09,"5' 9""",152.0,7,NULL,Morocco,NULL,NULL,360062,0,1,0
379012,FIF,2869,MAR,Morocco,F,Gessime,Yassine,2005-11-22,"5' 8""",121.0,16,NULL,Morocco,NULL,NULL,379012,1,0,0
416636,FIF,2869,MAR,Morocco,F,Ayoube,Amaimouni,2004-11-30,"5' 10""",152.0,21,NULL,Morocco,NULL,NULL,416636,0,0,0
177821,FIF,449,NED,Netherlands,G,Mark,Flekken,1993-06-13,"6' 5""",192.0,23,NULL,Netherlands,NULL,NULL,177821,0,0,0
291609,FIF,449,NED,Netherlands,G,Bart,Verbruggen,2002-08-18,"6' 4""",194.0,1,NULL,Netherlands,NULL,NULL,291609,0,0,16
301449,FIF,449,NED,Netherlands,G,Robin,Roefs,2003-01-17,"6' 4""",159.0,13,NULL,Netherlands,NULL,NULL,301449,0,0,0
157892,FIF,449,NED,Netherlands,D,Virgil,van Dijk,1991-07-08,"6' 5""",203.0,4,NULL,Netherlands,NULL,NULL,157892,1,1,0
159248,FIF,449,NED,Netherlands,D,Nathan,Aké,1995-02-18,"5' 11""",183.0,5,NULL,Netherlands,NULL,NULL,159248,0,0,0
213248,FIF,449,NED,Netherlands,D,Denzel,Dumfries,1996-04-18,"6' 2""",174.0,22,NULL,Netherlands,NULL,NULL,213248,0,2,0
264828,FIF,449,NED,Netherlands,D,Lutsharel,Geertruida,2000-07-18,"6' 0""",150.0,2,NULL,Netherlands,NULL,NULL,264828,0,0,0
282583,FIF,449,NED,Netherlands,D,Jan Paul,van Hecke,2000-06-08,"6' 2""",172.0,6,NULL,Netherlands,NULL,NULL,282583,1,0,0
296512,FIF,449,NED,Netherlands,D,Micky,van de Ven,2001-04-19,"6' 4""",179.0,15,NULL,Netherlands,NULL,NULL,296512,0,0,0
353951,FIF,449,NED,Netherlands,D,Jorrel,Hato,2006-03-07,"6' 0""",170.0,25,NULL,Netherlands,NULL,NULL,353951,0,0,0
146335,FIF,449,NED,Netherlands,M,Marten,de Roon,1991-03-29,"6' 1""",168.0,3,NULL,Netherlands,NULL,NULL,146335,0,0,0
219022,FIF,449,NED,Netherlands,M,Frenkie,de Jong,1997-05-12,"5' 11""",161.0,21,NULL,Netherlands,NULL,NULL,219022,0,0,0
240965,FIF,449,NED,Netherlands,M,Guus,Til,1997-12-22,"6' 2""",172.0,16,NULL,Netherlands,NULL,NULL,240965,0,0,0
258968,FIF,449,NED,Netherlands,M,Teun,Koopmeiners,1998-02-28,"6' 1""",183.0,20,NULL,Netherlands,NULL,NULL,258968,0,0,0
261328,FIF,449,NED,Netherlands,M,Tijjani,Reijnders,1998-07-29,"5' 10""",174.0,14,NULL,Netherlands,NULL,NULL,261328,0,1,0
274632,FIF,449,NED,Netherlands,M,Ryan,Gravenberch,2002-05-16,"6' 3""",183.0,8,NULL,Netherlands,NULL,NULL,274632,0,2,0
282186,FIF,449,NED,Netherlands,M,Mats,Wieffer,1999-11-16,"6' 2""",172.0,12,NULL,Netherlands,NULL,NULL,282186,0,0,0
282230,FIF,449,NED,Netherlands,M,Quinten,Timber,2001-06-17,"5' 9""",157.0,26,NULL,Netherlands,NULL,NULL,282230,0,0,0
159255,FIF,449,NED,Netherlands,F,Memphis,Depay,1994-02-13,"5' 10""",172.0,10,NULL,Netherlands,NULL,NULL,159255,0,1,0
177042,FIF,449,NED,Netherlands,F,Wout,Weghorst,1992-08-07,"6' 6""",196.0,9,NULL,Netherlands,NULL,NULL,177042,0,0,0
245916,FIF,449,NED,Netherlands,F,Justin,Kluivert,1999-05-05,"5' 8""",146.0,7,NULL,Netherlands,NULL,NULL,245916,0,0,0
249524,FIF,449,NED,Netherlands,F,Cody,Gakpo,1999-05-07,"6' 4""",172.0,11,NULL,Netherlands,NULL,NULL,249524,3,1,0
255344,FIF,449,NED,Netherlands,F,Noa,Lang,1999-06-17,"5' 9""",152.0,17,NULL,Netherlands,NULL,NULL,255344,0,0,0
259481,FIF,449,NED,Netherlands,F,Donyell,Malen,1999-01-19,"5' 10""",150.0,18,NULL,Netherlands,NULL,NULL,259481,0,0,0
282229,FIF,449,NED,Netherlands,F,Brian,Brobbey,2002-02-01,"5' 11""",174.0,19,NULL,Netherlands,NULL,NULL,282229,3,0,0
284792,FIF,449,NED,Netherlands,F,Crysencio,Summerville,2001-10-30,"5' 8""",139.0,24,NULL,Netherlands,NULL,NULL,284792,2,2,0
168747,FIF,2666,NZL,New Zealand,G,Max,Crocombe,1993-08-12,"6' 4""",185.0,1,NULL,New Zealand,NULL,NULL,168747,0,0,11
228288,FIF,2666,NZL,New Zealand,G,Michael,Woud,1999-01-16,"6' 5""",194.0,22,NULL,New Zealand,NULL,NULL,228288,0,0,0
297800,FIF,2666,NZL,New Zealand,G,Alex,Paulsen,2002-07-04,"6' 0""",183.0,12,NULL,New Zealand,NULL,NULL,297800,0,0,0
101934,FIF,2666,NZL,New Zealand,D,Michael,Boxall,1988-08-18,"6' 3""",207.0,5,NULL,USA,Auckland,NULL,101934,0,0,0
103819,FIF,2666,NZL,New Zealand,D,Tommy,Smith,1990-03-31,"6' 2""",183.0,26,NULL,England,NULL,NULL,103819,0,0,0
159470,FIF,2666,NZL,New Zealand,D,Tim,Payne,1994-01-10,"5' 10""",161.0,2,NULL,New Zealand,NULL,NULL,159470,0,1,0
254441,FIF,2666,NZL,New Zealand,D,Francis,de Vries,1994-11-28,"6' 2""",174.0,3,NULL,New Zealand,NULL,NULL,254441,0,0,0
266554,FIF,2666,NZL,New Zealand,D,Liberato,Cacace,2000-09-27,"6' 0""",181.0,13,NULL,New Zealand,NULL,NULL,266554,0,0,0
282239,FIF,2666,NZL,New Zealand,D,Callan,Elliot,1999-07-07,"5' 10""",150.0,24,NULL,New Zealand,NULL,NULL,282239,0,0,0
288469,FIF,2666,NZL,New Zealand,D,Nando,Pijnaker,1999-02-25,"6' 3""",192.0,15,NULL,New Zealand,NULL,NULL,288469,0,0,0
332367,FIF,2666,NZL,New Zealand,D,Finn,Surman,2003-09-23,"6' 3""",183.0,16,NULL,New Zealand,NULL,NULL,332367,1,0,0
367427,FIF,2666,NZL,New Zealand,D,Tyler,Bindon,2005-01-27,"6' 3""",185.0,4,NULL,New Zealand,NULL,NULL,367427,0,0,0
156146,FIF,2666,NZL,New Zealand,M,Ryan,Thomas,1994-12-20,"5' 9""",152.0,23,NULL,New Zealand,NULL,NULL,156146,0,0,0
194736,FIF,2666,NZL,New Zealand,M,Alex,Rufer,1996-06-12,"6' 0""",163.0,14,NULL,Switzerland,NULL,NULL,194736,0,0,0
228279,FIF,2666,NZL,New Zealand,M,Callum,McCowatt,1999-04-30,"5' 11""",163.0,20,NULL,New Zealand,NULL,NULL,228279,0,0,0
228283,FIF,2666,NZL,New Zealand,M,Sarpreet,Singh,1999-02-20,"5' 11""",157.0,10,NULL,New Zealand,NULL,NULL,228283,0,0,0
228294,FIF,2666,NZL,New Zealand,M,Joe,Bell,1999-04-27,"6' 0""",181.0,6,NULL,New Zealand,NULL,NULL,228294,0,0,0
297798,FIF,2666,NZL,New Zealand,M,Marko,Stamenic,2002-02-19,"6' 2""",172.0,8,NULL,New Zealand,NULL,NULL,297798,0,0,0
297803,FIF,2666,NZL,New Zealand,M,Matthew,Garbett,2002-04-13,"6' 4""",163.0,7,NULL,New Zealand,NULL,NULL,297803,NULL,NULL,NULL
351369,FIF,2666,NZL,New Zealand,M,Lachlan,Bayliss,2002-07-24,"5' 10""",163.0,25,NULL,New Zealand,NULL,NULL,351369,0,0,0
134190,FIF,2666,NZL,New Zealand,F,Chris,Wood,1991-12-07,"6' 3""",205.0,9,NULL,New Zealand,NULL,NULL,134190,0,2,0
175958,FIF,2666,NZL,New Zealand,F,Kosta,Barbarouses,1990-02-19,"5' 7""",150.0,17,NULL,New Zealand,"Wellington, NZ",NULL,175958,0,0,0
266555,FIF,2666,NZL,New Zealand,F,Elijah,Just,2000-05-01,"5' 9""",152.0,11,NULL,New Zealand,NULL,NULL,266555,3,0,0
277113,FIF,2666,NZL,New Zealand,F,Ben,Waine,2001-06-11,"5' 10""",174.0,18,NULL,New Zealand,NULL,NULL,277113,0,0,0
297794,FIF,2666,NZL,New Zealand,F,Jesse,Randall,2002-08-19,"5' 9""",152.0,21,NULL,New Zealand,NULL,NULL,297794,0,0,0
297802,FIF,2666,NZL,New Zealand,F,Ben,Old,2002-08-13,"5' 8""",141.0,19,NULL,France,NULL,NULL,297802,0,0,0
193610,FIF,464,NOR,Norway,G,Ørjan,Nyland,1990-09-10,"6' 4""",196.0,1,NULL,Norway,NULL,NULL,193610,0,0,16
286433,FIF,464,NOR,Norway,G,Egil,Selvik,1997-07-30,"6' 4""",196.0,13,NULL,Norway,NULL,NULL,286433,0,0,5
304258,FIF,464,NOR,Norway,G,Sander,Tangvik,2002-11-29,"6' 4""",174.0,12,NULL,Norway,NULL,NULL,304258,0,0,0
129285,FIF,464,NOR,Norway,D,Marcus,Holmgren Pedersen,2000-07-16,"6' 0""",168.0,16,NULL,Norway,NULL,NULL,129285,1,0,0
206173,FIF,464,NOR,Norway,D,Kristoffer,Ajer,1998-04-17,"6' 6""",203.0,3,NULL,Norway,NULL,NULL,206173,0,0,0
222991,FIF,464,NOR,Norway,D,Julian,Ryerson,1997-11-17,"6' 0""",190.0,26,NULL,Norway,NULL,NULL,222991,0,0,0
238088,FIF,464,NOR,Norway,D,Fredrik André,Bjørkan,1998-08-21,"5' 11""",161.0,15,NULL,Norway,NULL,NULL,238088,0,0,0
272867,FIF,464,NOR,Norway,D,Torbjørn,Heggem,1999-01-12,"6' 4""",174.0,17,NULL,Norway,NULL,NULL,272867,0,0,0
281736,FIF,464,NOR,Norway,D,Leo,Østigard,1999-11-28,"6' 0""",179.0,4,NULL,Norway,NULL,NULL,281736,1,0,0
303281,FIF,464,NOR,Norway,D,Henrik,Falchener,2003-05-08,"6' 4""",181.0,25,NULL,Norway,NULL,NULL,303281,0,0,0
313361,FIF,464,NOR,Norway,D,David,Møller Wolfe,2002-04-23,"6' 1""",172.0,5,NULL,Norway,NULL,NULL,313361,0,1,0
366455,FIF,464,NOR,Norway,D,Sondre,Langas,2001-02-02,"6' 3""",179.0,24,NULL,Norway,NULL,NULL,366455,0,0,0
202686,FIF,464,NOR,Norway,M,Morten,Thorsby,1996-05-05,"6' 2""",159.0,2,NULL,Norway,NULL,NULL,202686,0,0,0
203669,FIF,464,NOR,Norway,M,Martin,Ødegaard,1998-12-17,"5' 10""",150.0,10,NULL,Norway,NULL,NULL,203669,0,4,0
205924,FIF,464,NOR,Norway,M,Patrick,Berg,1997-11-24,"5' 10""",161.0,6,NULL,Norway,NULL,NULL,205924,0,2,0
212900,FIF,464,NOR,Norway,M,Fredrik,Aursnes,1995-12-10,"5' 11""",157.0,14,NULL,Norway,NULL,NULL,212900,0,0,0
218998,FIF,464,NOR,Norway,M,Sander,Berge,1998-02-14,"6' 5""",212.0,8,NULL,Norway,NULL,NULL,218998,0,0,0
235789,FIF,464,NOR,Norway,M,Jens Petter,Hauge,1999-10-12,"6' 0""",163.0,23,NULL,Norway,NULL,NULL,235789,0,0,0
284212,FIF,464,NOR,Norway,M,Kristian,Thorstvedt,1999-03-13,"6' 2""",183.0,18,NULL,Norway,NULL,NULL,284212,0,0,0
307111,FIF,464,NOR,Norway,M,Oscar,Bobb,2003-07-12,"5' 9""",159.0,22,NULL,Norway,NULL,NULL,307111,0,0,0
307477,FIF,464,NOR,Norway,M,Thelo,Aasgaard,2002-05-02,"6' 2""",192.0,19,NULL,Norway,NULL,NULL,307477,1,0,0
319368,FIF,464,NOR,Norway,M,Antonio,Nusa,2005-04-17,"6' 0""",170.0,20,NULL,Norway,NULL,NULL,319368,1,0,0
188230,FIF,464,NOR,Norway,F,Alexander,Sørloth,1995-12-05,"6' 5""",205.0,7,NULL,Norway,NULL,NULL,188230,0,0,0
252747,FIF,464,NOR,Norway,F,Jørgen Strand,Larsen,2000-02-06,"6' 4""",172.0,11,NULL,Norway,NULL,NULL,252747,0,0,0
253989,FIF,464,NOR,Norway,F,Erling,Haaland,2000-07-21,"6' 5""",205.0,9,NULL,Norway,NULL,NULL,253989,7,0,0
313415,FIF,464,NOR,Norway,F,Andreas,Schjelderup,2004-06-01,"5' 9""",161.0,21,NULL,Norway,NULL,NULL,313415,1,3,0
124521,FIF,2659,PAN,Panama,G,Luis,Mejía,1991-03-16,"6' 4""",174.0,1,NULL,Panama,NULL,NULL,124521,0,0,0
191806,FIF,2659,PAN,Panama,G,Orlando,Mosquera,1994-12-25,"6' 3""",214.0,22,NULL,Panama,NULL,NULL,191806,0,0,7
328403,FIF,2659,PAN,Panama,G,César,Samudio,1994-02-23,"6' 2""",192.0,12,NULL,Panama,NULL,NULL,328403,0,0,0
137355,FIF,2659,PAN,Panama,D,Roderick,Miller,1992-04-03,"6' 3""",183.0,25,NULL,Panama,NULL,NULL,137355,0,0,0
138183,FIF,2659,PAN,Panama,D,Éric,Davis,1991-03-31,"5' 11""",172.0,15,NULL,Panama,NULL,NULL,138183,0,0,0
189775,FIF,2659,PAN,Panama,M,Andrés,Andrade,1989-02-23,"6' 0""",161.0,16,NULL,Colombia,NULL,NULL,189775,0,0,0
216418,FIF,2659,PAN,Panama,D,Fidel,Escobar,1995-01-09,"6' 0""",161.0,4,NULL,Panama,NULL,NULL,216418,0,0,0
216420,FIF,2659,PAN,Panama,D,Amir,Murillo,1996-02-11,"6' 0""",163.0,23,NULL,Panama,NULL,NULL,216420,0,0,0
260346,FIF,2659,PAN,Panama,D,César,Blackman,1998-04-02,"5' 9""",170.0,2,NULL,Panama,NULL,NULL,260346,0,0,0
271294,FIF,2659,PAN,Panama,D,Jorge,Gutiérrez,1998-09-01,"5' 7""",150.0,26,NULL,Panama,NULL,NULL,271294,0,0,0
286667,FIF,2659,PAN,Panama,D,José,Córdoba,2001-06-03,"6' 2""",192.0,3,NULL,Panama,NULL,NULL,286667,0,0,0
291014,FIF,2659,PAN,Panama,D,Jiovany,Ramos,1997-01-26,"6' 2""",181.0,13,NULL,Panama,NULL,NULL,291014,0,0,0
328402,FIF,2659,PAN,Panama,D,Edgardo,Fariña,2001-10-19,"6' 4""",183.0,5,NULL,Panama,NULL,NULL,328402,0,0,0
116825,FIF,2659,PAN,Panama,M,Aníbal,Godoy,1990-02-10,"6' 0""",163.0,20,NULL,Panama,NULL,NULL,116825,0,0,0
176145,FIF,2659,PAN,Panama,M,Cristian,Martínez,1997-02-06,"5' 7""",159.0,6,NULL,Panama,NULL,NULL,176145,0,0,0
201919,FIF,2659,PAN,Panama,M,Édgar Yoel,Bárcenas,1993-10-23,"5' 9""",163.0,11,NULL,Panama,NULL,NULL,201919,0,0,0
219508,FIF,2659,PAN,Panama,M,Adalberto,Carrasquilla,1998-11-28,"5' 7""",172.0,8,NULL,Panama,NULL,NULL,219508,0,0,0
238763,FIF,2659,PAN,Panama,M,José Luis,Rodríguez,1998-06-19,"5' 11""",170.0,7,NULL,Panama,NULL,NULL,238763,0,0,0
285452,FIF,2659,PAN,Panama,M,Carlos,Harvey,2000-02-03,"6' 1""",194.0,14,NULL,Panama,NULL,NULL,285452,0,0,0
102167,FIF,2659,PAN,Panama,F,Alberto,Quintero,1987-12-18,"5' 6""",130.0,19,NULL,Panama,NULL,NULL,102167,0,0,0
155913,FIF,2659,PAN,Panama,F,Cecilio,Waterman,1991-04-13,"5' 11""",179.0,18,NULL,Panama,NULL,NULL,155913,0,0,0
195326,FIF,2659,PAN,Panama,F,Ismael,Díaz,1997-05-12,"6' 0""",179.0,10,NULL,Panama,NULL,NULL,195326,0,0,0
267996,FIF,2659,PAN,Panama,F,José,Fajardo,1993-08-18,"5' 11""",174.0,17,NULL,Panama,NULL,NULL,267996,0,0,0
288563,FIF,2659,PAN,Panama,F,Tomás,Rodríguez,1999-03-09,"6' 0""",163.0,9,NULL,Panama,NULL,NULL,288563,0,0,0
303538,FIF,2659,PAN,Panama,F,César,Yanis,1996-01-28,"5' 3""",128.0,21,NULL,Panama,NULL,NULL,303538,0,0,0
340539,FIF,2659,PAN,Panama,F,Azarias,Londoño,2001-06-21,"6' 1""",192.0,24,NULL,Panama,NULL,NULL,340539,0,0,0
164262,FIF,210,PAR,Paraguay,G,Gatito,Fernández,1988-03-29,"6' 3""",190.0,1,NULL,Paraguay,NULL,NULL,164262,0,0,0
190375,FIF,210,PAR,Paraguay,G,Gastón,Olveira,1993-04-21,"6' 3""",179.0,22,NULL,Paraguay,NULL,NULL,190375,0,0,0
301648,FIF,210,PAR,Paraguay,G,Orlando,Gill,2000-06-11,"6' 6""",179.0,12,NULL,Paraguay,NULL,NULL,301648,0,0,23
84295,FIF,210,PAR,Paraguay,D,Juan Jose,Cáceres,2000-06-01,"5' 10""",174.0,4,NULL,Paraguay,NULL,NULL,84295,0,0,0
118395,FIF,210,PAR,Paraguay,D,Gustavo,Gómez,1993-05-06,"6' 1""",150.0,15,NULL,Paraguay,NULL,NULL,118395,0,0,0
119413,FIF,210,PAR,Paraguay,D,Gustavo,Velázquez,1991-04-17,"5' 10""",168.0,2,NULL,Paraguay,NULL,NULL,119413,0,0,0
181657,FIF,210,PAR,Paraguay,D,Júnior,Alonso,1993-02-09,"6' 1""",183.0,6,NULL,Paraguay,NULL,NULL,181657,0,0,0
199101,FIF,210,PAR,Paraguay,D,Fabián,Balbuena,1991-08-23,"6' 2""",183.0,5,NULL,Paraguay,NULL,NULL,199101,0,0,0
215401,FIF,210,PAR,Paraguay,D,Omar,Alderete,1996-12-26,"6' 2""",170.0,3,NULL,Paraguay,NULL,NULL,215401,0,0,0
227682,FIF,210,PAR,Paraguay,D,José,Canale,1996-07-20,"6' 2""",174.0,13,NULL,Paraguay,NULL,NULL,227682,0,0,0
399687,FIF,210,PAR,Paraguay,D,Alexandro,Maidana,2005-07-26,"5' 10""",161.0,26,NULL,Paraguay,NULL,NULL,399687,0,0,0
20975,FIF,210,PAR,Paraguay,M,Julio,Enciso,2004-01-23,"5' 8""",139.0,19,NULL,Paraguay,NULL,NULL,20975,1,2,0
188160,FIF,210,PAR,Paraguay,M,Alejandro,Romero Gamarra,1995-01-11,"5' 7""",146.0,17,NULL,Paraguay,NULL,NULL,188160,0,0,0
192278,FIF,210,PAR,Paraguay,M,Diego,Gómez,2003-03-27,"6' 1""",170.0,8,NULL,Paraguay,NULL,NULL,192278,0,0,0
202501,FIF,210,PAR,Paraguay,M,Andrés,Cubas,1996-05-11,"5' 6""",146.0,14,NULL,Paraguay,NULL,NULL,202501,0,0,0
265977,FIF,210,PAR,Paraguay,M,Braian,Ojeda,2000-06-27,"5' 8""",150.0,20,NULL,Paraguay,NULL,NULL,265977,0,0,0
289046,FIF,210,PAR,Paraguay,M,Maurício,,2001-06-22,"5' 9""",170.0,11,NULL,Paraguay,NULL,NULL,289046,1,0,0
297328,FIF,210,PAR,Paraguay,M,Matías,Galarza,2002-02-11,"5' 9""",148.0,23,NULL,Paraguay,NULL,NULL,297328,1,1,0
301516,FIF,210,PAR,Paraguay,M,Damián,Bobadilla,2001-07-11,"5' 11""",168.0,16,NULL,Paraguay,NULL,NULL,301516,0,0,0
48128,FIF,210,PAR,Paraguay,F,Miguel,Almirón,1994-02-10,"5' 9""",152.0,10,NULL,Paraguay,NULL,NULL,48128,0,0,0
154853,FIF,210,PAR,Paraguay,F,Gustavo,Caballero,2001-09-21,"6' 1""",161.0,24,NULL,Paraguay,NULL,NULL,154853,0,0,0
192162,FIF,210,PAR,Paraguay,F,Antonio,Sanabria,1996-03-04,"5' 11""",152.0,9,NULL,Paraguay,NULL,NULL,192162,0,0,0
208421,FIF,210,PAR,Paraguay,F,Gabriel,Ávalos,1990-10-12,"6' 3""",203.0,21,NULL,Paraguay,NULL,NULL,208421,0,0,0
257754,FIF,210,PAR,Paraguay,F,Alex,Arce,1995-06-16,"6' 2""",174.0,18,NULL,Paraguay,NULL,NULL,257754,0,0,0
287035,FIF,210,PAR,Paraguay,F,Isidro,Pitta,1999-08-14,"6' 0""",172.0,25,NULL,Paraguay,NULL,NULL,287035,0,0,0
301653,FIF,210,PAR,Paraguay,F,Ramón,Sosa,1999-08-31,"5' 10""",163.0,7,NULL,Paraguay,NULL,NULL,301653,0,0,0
177898,FIF,482,POR,Portugal,G,Rui,Silva,1994-02-07,"6' 3""",192.0,22,NULL,Portugal,NULL,NULL,177898,0,0,0
181278,FIF,482,POR,Portugal,G,José,Sá,1993-01-17,"6' 4""",174.0,12,NULL,Portugal,NULL,NULL,181278,0,0,0
238903,FIF,482,POR,Portugal,G,Diogo,Costa,1999-09-19,"6' 2""",190.0,1,NULL,Portugal,NULL,NULL,238903,0,0,19
176399,FIF,482,POR,Portugal,D,João,Cancelo,1994-05-27,"6' 0""",161.0,20,NULL,Portugal,NULL,NULL,176399,0,1,0
222670,FIF,482,POR,Portugal,D,Nélson,Semedo,1993-11-16,"5' 10""",146.0,2,NULL,Portugal,NULL,NULL,222670,0,0,0
234878,FIF,482,POR,Portugal,D,Rúben,Dias,1997-05-14,"6' 2""",190.0,3,NULL,Portugal,NULL,NULL,234878,0,0,0
238902,FIF,482,POR,Portugal,D,Diogo,Dalot,1999-03-18,"6' 0""",181.0,5,NULL,Portugal,NULL,NULL,238902,0,0,0
290591,FIF,482,POR,Portugal,D,Nuno,Mendes,2002-06-19,"5' 11""",152.0,25,NULL,Portugal,NULL,NULL,290591,1,0,0
304106,FIF,482,POR,Portugal,D,Gonçalo,Inácio,2001-08-25,"6' 1""",172.0,14,NULL,Portugal,NULL,NULL,304106,0,0,0
329691,FIF,482,POR,Portugal,D,Tomás,Araújo,2002-05-16,"6' 2""",185.0,4,NULL,Portugal,NULL,NULL,329691,0,0,0
337011,FIF,482,POR,Portugal,D,Renato,Veiga,2003-07-29,"6' 3""",192.0,13,NULL,Portugal,NULL,NULL,337011,0,0,0
124091,FIF,482,POR,Portugal,M,Bruno,Fernandes,1994-09-08,"6' 0""",139.0,8,NULL,Portugal,NULL,NULL,124091,0,1,0
183466,FIF,482,POR,Portugal,M,Samú,Costa,2000-11-27,"6' 1""",172.0,24,NULL,Portugal,NULL,NULL,183466,0,0,0
199833,FIF,482,POR,Portugal,M,Bernardo,Silva,1994-08-10,"5' 8""",139.0,10,NULL,Portugal,NULL,NULL,199833,0,0,0
208128,FIF,482,POR,Portugal,M,Rúben,Neves,1997-03-13,"6' 0""",183.0,21,NULL,Portugal,NULL,NULL,208128,0,0,0
288897,FIF,482,POR,Portugal,M,Vitinha,,2000-02-13,"5' 8""",139.0,23,NULL,Portugal,NULL,NULL,288897,0,0,0
303785,FIF,482,POR,Portugal,M,Matheus,Nunes,1998-08-27,"6' 0""",172.0,6,NULL,Portugal,NULL,NULL,303785,0,0,0
355061,FIF,482,POR,Portugal,M,João,Neves,2004-09-27,"5' 9""",146.0,15,NULL,Portugal,NULL,NULL,355061,1,0,0
22774,FIF,482,POR,Portugal,F,Cristiano,Ronaldo,1985-02-05,"6' 2""",174.0,7,NULL,Portugal,NULL,NULL,22774,3,0,0
213141,FIF,482,POR,Portugal,F,Gonçalo,Guedes,1996-11-29,"5' 10""",159.0,19,NULL,Portugal,NULL,NULL,213141,0,0,0
256115,FIF,482,POR,Portugal,F,Pedro,Neto,2000-03-09,"5' 9""",172.0,18,NULL,Portugal,NULL,NULL,256115,0,1,0
258917,FIF,482,POR,Portugal,F,Rafael,Leão,1999-06-10,"6' 2""",174.0,17,NULL,Portugal,NULL,NULL,258917,1,1,0
274159,FIF,482,POR,Portugal,F,Francisco,Trincão,1999-12-29,"6' 0""",168.0,16,NULL,Portugal,NULL,NULL,274159,0,0,0
276350,FIF,482,POR,Portugal,F,João,Félix,1999-11-10,"5' 11""",152.0,11,NULL,Portugal,NULL,NULL,276350,0,0,0
288896,FIF,482,POR,Portugal,F,Gonçalo,Ramos,2001-06-20,"6' 1""",183.0,9,NULL,Portugal,NULL,NULL,288896,1,0,0
312659,FIF,482,POR,Portugal,F,Francisco,Conceição,2002-12-14,"5' 5""",148.0,26,NULL,Portugal,NULL,NULL,312659,0,0,0
270844,FIF,4398,QAT,Qatar,G,Meshaal,Barsham,1998-02-14,"5' 11""",159.0,22,NULL,Qatar,NULL,NULL,270844,0,0,0
288537,FIF,4398,QAT,Qatar,G,Salah,Zakaria,1999-04-24,"6' 2""",190.0,21,NULL,Qatar,NULL,NULL,288537,0,0,0
310372,FIF,4398,QAT,Qatar,G,Mahmoud,Abunada,2000-02-05,"6' 3""",179.0,1,NULL,Qatar,NULL,NULL,310372,0,0,12
101982,FIF,4398,QAT,Qatar,D,Pedro,Miguel,1990-08-06,"6' 0""",185.0,2,NULL,Qatar,NULL,NULL,101982,0,0,0
125617,FIF,4398,QAT,Qatar,D,Lucas,Mendes,1990-07-03,"6' 0""",141.0,3,NULL,Qatar,NULL,NULL,125617,0,0,0
205377,FIF,4398,QAT,Qatar,D,Boualem,Khoukhi,1990-07-09,"5' 11""",161.0,16,NULL,Qatar,NULL,NULL,205377,0,0,0
219248,FIF,4398,QAT,Qatar,D,Sultan,Al-Brake,1996-04-07,"5' 9""",130.0,18,NULL,Qatar,NULL,NULL,219248,0,0,0
272874,FIF,4398,QAT,Qatar,D,Homam,Ahmed,1999-08-25,"6' 2""",170.0,14,NULL,Qatar,NULL,NULL,272874,0,0,0
310373,FIF,4398,QAT,Qatar,D,Jassem,Gaber,2002-02-20,"5' 11""",152.0,5,NULL,Qatar,NULL,NULL,310373,0,0,0
346649,FIF,4398,QAT,Qatar,D,Ayoub,Al-Oui,2005-03-11,"5' 11""",141.0,13,NULL,Qatar,NULL,NULL,346649,0,0,0
384827,FIF,4398,QAT,Qatar,D,Al-Hashmi,Al-Hussain,2003-08-15,"6' 0""",159.0,25,NULL,Qatar,NULL,NULL,384827,0,0,0
415148,FIF,4398,QAT,Qatar,D,Issa,Laye,1997-12-22,"6' 2""",157.0,4,NULL,Qatar,NULL,NULL,415148,0,0,0
143613,FIF,4398,QAT,Qatar,M,Abdulaziz,Hatem,1990-10-28,"6' 0""",150.0,6,NULL,Qatar,NULL,NULL,143613,0,0,0
172245,FIF,4398,QAT,Qatar,M,Karim,Boudiaf,1990-09-16,"6' 3""",185.0,12,NULL,Qatar,NULL,NULL,172245,0,0,0
219254,FIF,4398,QAT,Qatar,M,Assim,Madibo,1996-10-22,"5' 6""",159.0,23,NULL,Qatar,NULL,NULL,219254,0,0,0
268018,FIF,4398,QAT,Qatar,M,Ahmed,Fathy,1993-01-25,"5' 7""",148.0,20,NULL,Qatar,NULL,NULL,268018,0,0,0
309315,FIF,4398,QAT,Qatar,M,Mohamed,Manai,2002-10-25,"5' 11""",150.0,26,NULL,Qatar,NULL,NULL,309315,0,0,0
109204,FIF,4398,QAT,Qatar,F,Edmílson Junior,,1994-08-19,"5' 11""",157.0,8,NULL,Qatar,NULL,NULL,109204,0,1,0
185984,FIF,4398,QAT,Qatar,F,Mohammed,Muntari,1993-12-20,"6' 4""",190.0,9,NULL,Qatar,NULL,NULL,185984,0,0,0
219252,FIF,4398,QAT,Qatar,F,Almoez,Ali,1996-08-19,"5' 11""",159.0,19,NULL,Qatar,NULL,NULL,219252,0,0,0
219258,FIF,4398,QAT,Qatar,F,Akram,Afif,1996-11-18,"5' 10""",152.0,11,NULL,Qatar,NULL,NULL,219258,0,0,0
236586,FIF,4398,QAT,Qatar,F,Hassan,Al-Haydos,1990-12-11,"5' 9""",137.0,10,NULL,Qatar,NULL,NULL,236586,1,0,0
263311,FIF,4398,QAT,Qatar,F,Ahmed,Alaaeldin,1993-01-31,"5' 10""",146.0,7,NULL,Qatar,NULL,NULL,263311,0,0,0
274164,FIF,4398,QAT,Qatar,F,Yusuf,Abdurisag,1999-08-06,"5' 9""",139.0,15,NULL,Qatar,NULL,NULL,274164,0,0,0
336120,FIF,4398,QAT,Qatar,F,Ahmed,Al-Ganehi,2000-09-22,"5' 10""",130.0,17,NULL,Qatar,NULL,NULL,336120,0,0,0
371967,FIF,4398,QAT,Qatar,F,Tahsin,Jamshid,2006-06-16,"5' 5""",128.0,24,NULL,Qatar,NULL,NULL,371967,0,0,0
171878,FIF,655,KSA,Saudi Arabia,G,Ahmed,Al-Kassar,1991-05-08,"5' 10""",172.0,22,NULL,Saudi Arabia,NULL,NULL,171878,0,0,0
247018,FIF,655,KSA,Saudi Arabia,G,Mohammed,Al-Owais,1991-10-10,"6' 1""",170.0,21,NULL,Saudi Arabia,NULL,NULL,247018,0,0,16
302332,FIF,655,KSA,Saudi Arabia,G,Nawaf,Al-Aqidi,2000-05-10,"6' 1""",192.0,1,NULL,Saudi Arabia,NULL,NULL,302332,0,0,0
185636,FIF,655,KSA,Saudi Arabia,D,Hassan,Kadish,1992-09-26,"5' 10""",152.0,14,NULL,Saudi Arabia,NULL,NULL,185636,0,0,0
256666,FIF,655,KSA,Saudi Arabia,D,Hassan,Al-Tambakti,1999-02-09,"6' 0""",183.0,5,NULL,Saudi Arabia,NULL,NULL,256666,0,0,0
256667,FIF,655,KSA,Saudi Arabia,D,Abdulelah,Al-Amri,1997-01-15,"6' 1""",170.0,4,NULL,Saudi Arabia,NULL,NULL,256667,1,0,0
286011,FIF,655,KSA,Saudi Arabia,D,Saud,Abdulhamid,1999-07-18,"5' 8""",161.0,12,NULL,Saudi Arabia,NULL,NULL,286011,0,0,0
296972,FIF,655,KSA,Saudi Arabia,D,Ali,Lajami,1996-04-24,"5' 10""",157.0,3,NULL,Saudi Arabia,NULL,NULL,296972,0,0,0
330543,FIF,655,KSA,Saudi Arabia,D,Moteb,Al-Harbi,2000-02-20,"5' 8""",141.0,24,NULL,Saudi Arabia,NULL,NULL,330543,0,0,0
331918,FIF,655,KSA,Saudi Arabia,D,Nawaf,Boushal,1999-09-16,"5' 8""",139.0,13,NULL,Saudi Arabia,NULL,NULL,331918,0,0,0
331920,FIF,655,KSA,Saudi Arabia,D,Ali,Majrashi,1999-10-02,"5' 7""",150.0,2,NULL,Saudi Arabia,NULL,NULL,331920,0,0,0
371796,FIF,655,KSA,Saudi Arabia,D,Jehad,Thakri,2001-07-21,"6' 0""",179.0,25,NULL,Saudi Arabia,NULL,NULL,371796,0,0,0
163850,FIF,655,KSA,Saudi Arabia,M,Salem,Al-Dawsari,1991-08-19,"5' 8""",157.0,10,NULL,Saudi Arabia,NULL,NULL,163850,0,0,0
262468,FIF,655,KSA,Saudi Arabia,M,Mohamed,Kanno,1994-09-22,"6' 3""",148.0,23,NULL,Saudi Arabia,NULL,NULL,262468,0,0,0
270417,FIF,655,KSA,Saudi Arabia,M,Nasser,Al-Dawsari,1998-12-19,"5' 10""",170.0,6,NULL,Saudi Arabia,NULL,NULL,270417,0,0,0
271461,FIF,655,KSA,Saudi Arabia,M,Abdullah,Al-Khaibari,1996-08-16,"5' 9""",146.0,15,NULL,Saudi Arabia,NULL,NULL,271461,0,0,0
296602,FIF,655,KSA,Saudi Arabia,M,Aiman,Yahya,2001-05-14,"5' 8""",159.0,8,NULL,Saudi Arabia,NULL,NULL,296602,0,0,0
306692,FIF,655,KSA,Saudi Arabia,M,Ziyad,Al-Johani,2001-11-11,"5' 11""",139.0,16,NULL,Saudi Arabia,NULL,NULL,306692,0,0,0
315523,FIF,655,KSA,Saudi Arabia,M,Musab,Al-Juwayr,2003-06-20,"5' 9""",152.0,7,NULL,Saudi Arabia,NULL,NULL,315523,0,0,0
357660,FIF,655,KSA,Saudi Arabia,M,Ala,Al-Hajji,1995-12-03,"5' 10""",163.0,18,NULL,Saudi Arabia,NULL,NULL,357660,0,0,0
361692,FIF,655,KSA,Saudi Arabia,M,Mohammed,Abu Al-Shamat,2002-08-11,"5' 7""",137.0,26,NULL,Saudi Arabia,NULL,NULL,361692,0,0,0
177897,FIF,655,KSA,Saudi Arabia,F,Saleh,Al-Shehri,1993-11-01,"6' 0""",172.0,11,NULL,Saudi Arabia,NULL,NULL,177897,0,0,0
283331,FIF,655,KSA,Saudi Arabia,F,Feras,Al-Brikan,2000-05-14,"6' 1""",172.0,9,NULL,Saudi Arabia,NULL,NULL,283331,0,0,0
287054,FIF,655,KSA,Saudi Arabia,F,Sultan,Mandash,1994-10-17,"5' 8""",150.0,20,NULL,Saudi Arabia,NULL,NULL,287054,0,0,0
288570,FIF,655,KSA,Saudi Arabia,F,Khalid,Al-Ghannam,2000-11-08,"5' 7""",150.0,17,NULL,Saudi Arabia,NULL,NULL,288570,0,0,0
294239,FIF,655,KSA,Saudi Arabia,F,Abdullah,Al-Hamdan,1999-09-13,"6' 1""",172.0,19,NULL,Saudi Arabia,NULL,NULL,294239,0,0,0
16264,FIF,580,SCO,Scotland,G,Liam,Kelly,1996-01-23,"6' 0""",174.0,12,NULL,Scotland,NULL,NULL,16264,0,0,0
17617,FIF,580,SCO,Scotland,G,Craig,Gordon,1982-12-31,"6' 4""",183.0,21,NULL,Scotland,NULL,NULL,17617,0,0,0
181299,FIF,580,SCO,Scotland,G,Angus,Gunn,1996-01-22,"6' 5""",170.0,1,NULL,Scotland,NULL,NULL,181299,0,0,8
104943,FIF,580,SCO,Scotland,D,Andy,Robertson,1994-03-11,"5' 10""",139.0,3,NULL,Scotland,NULL,NULL,104943,0,0,0
146577,FIF,580,SCO,Scotland,D,Grant,Hanley,1991-11-20,"6' 2""",185.0,5,NULL,Scotland,NULL,NULL,146577,0,0,0
181394,FIF,580,SCO,Scotland,D,John,Souttar,1996-09-25,"6' 1""",163.0,15,NULL,Scotland,NULL,NULL,181394,0,0,0
191450,FIF,580,SCO,Scotland,D,Scott,McKenna,1996-11-12,"6' 2""",161.0,26,NULL,Scotland,NULL,NULL,191450,0,0,0
207454,FIF,580,SCO,Scotland,D,Jack,Hendry,1995-05-07,"6' 4""",190.0,13,NULL,Scotland,NULL,NULL,207454,0,0,0
214794,FIF,580,SCO,Scotland,D,Kieran,Tierney,1997-06-05,"5' 11""",161.0,6,NULL,Scotland,NULL,NULL,214794,0,0,0
224305,FIF,580,SCO,Scotland,D,Anthony,Ralston,1998-11-16,"5' 10""",152.0,24,NULL,Scotland,NULL,NULL,224305,0,0,0
231572,FIF,580,SCO,Scotland,D,Dominic,Hyam,1995-12-20,"6' 2""",152.0,16,NULL,Scotland,NULL,NULL,231572,0,0,0
271191,FIF,580,SCO,Scotland,D,Nathan,Patterson,2001-10-16,"6' 0""",159.0,22,NULL,Scotland,NULL,NULL,271191,0,0,0
283940,FIF,580,SCO,Scotland,D,Aaron,Hickey,2002-06-10,"6' 1""",159.0,2,NULL,Scotland,NULL,NULL,283940,0,0,0
93435,FIF,580,SCO,Scotland,M,Ryan,Christie,1995-02-22,"5' 10""",157.0,11,NULL,Scotland,NULL,NULL,93435,0,0,0
141870,FIF,580,SCO,Scotland,M,Kenny,McLean,1992-01-08,"6' 0""",152.0,23,NULL,Scotland,NULL,NULL,141870,0,0,0
162843,FIF,580,SCO,Scotland,M,John,McGinn,1994-10-18,"5' 10""",150.0,7,NULL,Scotland,NULL,NULL,162843,1,0,0
202429,FIF,580,SCO,Scotland,M,Lewis,Ferguson,1999-08-24,"5' 11""",161.0,19,NULL,Scotland,NULL,NULL,202429,0,0,0
255850,FIF,580,SCO,Scotland,M,Scott,McTominay,1996-12-08,"6' 4""",192.0,4,NULL,Scotland,NULL,NULL,255850,0,0,0
393138,FIF,580,SCO,Scotland,M,Tyler,Fletcher,2007-03-19,"6' 0""",159.0,8,NULL,Scotland,NULL,NULL,393138,0,0,0
173306,FIF,580,SCO,Scotland,F,Lawrence,Shankland,1995-08-10,"6' 1""",163.0,20,NULL,Scotland,NULL,NULL,173306,0,0,0
207538,FIF,580,SCO,Scotland,F,Lyndon,Dykes,1995-10-07,"6' 2""",183.0,9,NULL,Scotland,NULL,NULL,207538,0,0,0
213725,FIF,580,SCO,Scotland,F,Ché,Adams,1996-07-13,"5' 9""",152.0,10,NULL,Scotland,NULL,NULL,213725,0,0,0
241325,FIF,580,SCO,Scotland,F,George,Hirst,1999-02-15,"6' 3""",179.0,18,NULL,Scotland,NULL,NULL,241325,0,0,0
251936,FIF,580,SCO,Scotland,F,Ross,Stewart,1996-07-11,"6' 2""",185.0,14,NULL,Scotland,NULL,NULL,251936,0,0,0
332948,FIF,580,SCO,Scotland,F,Ben,Gannon-Doak,2005-11-11,"5' 8""",141.0,17,NULL,Scotland,NULL,NULL,332948,0,0,0
368045,FIF,580,SCO,Scotland,F,Findlay,Curtis,2006-10-01,"5' 11""",146.0,25,NULL,Scotland,NULL,NULL,368045,0,0,0
197631,FIF,654,SEN,Senegal,G,Mory,Diaw,1993-06-22,"6' 6""",183.0,23,NULL,Senegal,NULL,NULL,197631,0,0,4
238362,FIF,654,SEN,Senegal,G,Édouard,Mendy,1992-03-01,"6' 4""",214.0,16,NULL,Senegal,NULL,NULL,238362,0,0,8
241029,FIF,654,SEN,Senegal,G,Yehvann,Diouf,1999-11-16,"6' 2""",161.0,1,NULL,Senegal,NULL,NULL,241029,0,0,0
150312,FIF,654,SEN,Senegal,D,Kalidou,Koulibaly,1991-06-20,"6' 5""",194.0,3,NULL,Senegal,NULL,NULL,150312,0,0,0
213181,FIF,654,SEN,Senegal,D,Moussa,Niakhaté,1996-03-08,"6' 3""",181.0,19,NULL,Senegal,NULL,NULL,213181,0,1,0
251614,FIF,654,SEN,Senegal,D,Abdoulaye,Seck,1992-06-04,"6' 4""",174.0,4,NULL,Senegal,NULL,NULL,251614,0,1,0
268796,FIF,654,SEN,Senegal,D,Ismail,Jakobs,1999-08-17,"6' 0""",163.0,14,NULL,Senegal,NULL,NULL,268796,0,0,0
319161,FIF,654,SEN,Senegal,D,Antoine,Mendy,2004-05-27,"6' 2""",163.0,24,NULL,Senegal,NULL,NULL,319161,0,0,0
355433,FIF,654,SEN,Senegal,D,Mamadou,Sarr,2005-08-29,"6' 4""",170.0,2,NULL,Senegal,NULL,NULL,355433,0,0,0
359796,FIF,654,SEN,Senegal,D,El Hadji Malick,Diouf,2004-12-29,"6' 0""",150.0,25,NULL,Senegal,NULL,NULL,359796,0,0,0
38721,FIF,654,SEN,Senegal,M,Lamine,Camara,2004-01-01,"5' 8""",141.0,8,NULL,Senegal,NULL,NULL,38721,0,1,0
144517,FIF,654,SEN,Senegal,M,Idrissa,Gueye,1989-09-26,"5' 9""",146.0,5,NULL,Senegal,NULL,NULL,144517,0,0,0
253992,FIF,654,SEN,Senegal,M,Krépin,Diatta,1999-02-25,"5' 9""",150.0,15,NULL,Senegal,NULL,NULL,253992,0,0,0
255889,FIF,654,SEN,Senegal,M,Pape,Gueye,1999-01-24,"6' 2""",172.0,26,NULL,Senegal,NULL,NULL,255889,2,1,0
294228,FIF,654,SEN,Senegal,M,Pathé,Ciss,1994-03-16,"6' 1""",157.0,6,NULL,Senegal,NULL,NULL,294228,0,0,0
297337,FIF,654,SEN,Senegal,M,Pape Matar,Sarr,2002-09-14,"6' 1""",174.0,17,NULL,Senegal,NULL,NULL,297337,0,0,0
324991,FIF,654,SEN,Senegal,M,Habib,Diarra,2004-01-03,"5' 10""",161.0,21,NULL,Senegal,NULL,NULL,324991,2,0,0
409016,FIF,654,SEN,Senegal,M,Bara Sapoko,Ndiaye,2007-12-31,"5' 11""",172.0,22,NULL,Senegal,NULL,NULL,409016,0,0,0
169797,FIF,654,SEN,Senegal,F,Sadio,Mané,1992-04-10,"5' 9""",150.0,10,NULL,Senegal,NULL,NULL,169797,0,1,0
241012,FIF,654,SEN,Senegal,F,Ismaïla,Sarr,1998-02-25,"6' 1""",168.0,18,NULL,Senegal,NULL,NULL,241012,4,1,0
251924,FIF,654,SEN,Senegal,F,Cherif,Ndiaye,1996-01-23,"6' 3""",183.0,12,NULL,Senegal,NULL,NULL,251924,0,0,0
268641,FIF,654,SEN,Senegal,F,Iliman,Ndiaye,2000-03-06,"5' 11""",172.0,13,NULL,Senegal,NULL,NULL,268641,1,2,0
308524,FIF,654,SEN,Senegal,F,Nicolas,Jackson,2001-06-20,"6' 2""",181.0,11,NULL,Senegal,NULL,NULL,308524,0,1,0
313889,FIF,654,SEN,Senegal,F,Bamba,Dieng,2000-03-23,"5' 10""",172.0,9,NULL,Senegal,NULL,NULL,313889,0,0,0
364742,FIF,654,SEN,Senegal,F,Assane,Diao,2005-09-07,"6' 1""",174.0,7,NULL,Senegal,NULL,NULL,364742,0,0,0
388522,FIF,654,SEN,Senegal,F,Ibrahim,Mbaye,2008-01-24,"6' 1""",141.0,20,NULL,Senegal,NULL,NULL,388522,1,0,0
186121,FIF,467,RSA,South Africa,G,Ricardo,Goss,1994-04-02,"5' 11""",163.0,22,NULL,South Africa,NULL,NULL,186121,0,0,0
196230,FIF,467,RSA,South Africa,G,Ronwen,Williams,1992-01-21,"6' 0""",172.0,1,NULL,South Africa,NULL,NULL,196230,0,0,11
265713,FIF,467,RSA,South Africa,G,Sipho,Chaine,1996-12-14,"6' 1""",170.0,16,NULL,South Africa,NULL,NULL,265713,0,0,0
223818,FIF,467,RSA,South Africa,D,Aubrey,Modiba,1995-07-22,"5' 6""",161.0,6,NULL,South Africa,NULL,NULL,223818,0,0,0
266125,FIF,467,RSA,South Africa,D,Nkosinathi,Sibisi,1995-09-22,"5' 10""",172.0,19,NULL,South Africa,NULL,NULL,266125,0,0,0
276767,FIF,467,RSA,South Africa,D,Khuliso,Mudau,1995-04-26,"5' 11""",159.0,20,NULL,South Africa,NULL,NULL,276767,0,0,0
310593,FIF,467,RSA,South Africa,D,Bradley,Cross,2001-01-30,"5' 9""",152.0,26,NULL,South Africa,NULL,NULL,310593,0,0,0
351372,FIF,467,RSA,South Africa,D,Olwethu,Makhanya,2004-04-30,"6' 2""",159.0,24,NULL,South Africa,NULL,NULL,351372,0,0,0
358744,FIF,467,RSA,South Africa,D,Ime,Okon,2004-02-20,"6' 2""",183.0,21,NULL,South Africa,NULL,NULL,358744,0,0,0
365623,FIF,467,RSA,South Africa,D,Thabang,Matuludi,1999-01-14,"6' 2""",163.0,2,NULL,South Africa,NULL,NULL,365623,0,0,0
366883,FIF,467,RSA,South Africa,D,Samukele,Kabini,2004-03-15,"5' 11""",172.0,18,NULL,South Africa,NULL,NULL,366883,0,0,0
390448,FIF,467,RSA,South Africa,D,Khulumani,Ndamane,2004-02-05,"6' 0""",168.0,3,NULL,South Africa,NULL,NULL,390448,0,0,0
400594,FIF,467,RSA,South Africa,D,Mbekezeli,Mbokazi,2005-09-19,"5' 11""",139.0,14,NULL,South Africa,NULL,NULL,400594,0,0,0
157046,FIF,467,RSA,South Africa,M,Themba,Zwane,1989-08-03,"5' 7""",148.0,11,NULL,South Africa,NULL,NULL,157046,0,0,0
228595,FIF,467,RSA,South Africa,M,Sphephelo,Sithole,1999-03-03,"6' 2""",192.0,13,NULL,South Africa,NULL,NULL,228595,0,0,0
256691,FIF,467,RSA,South Africa,M,Teboho,Mokoena,1997-01-24,"5' 9""",168.0,4,NULL,South Africa,NULL,NULL,256691,1,0,0
301321,FIF,467,RSA,South Africa,M,Thalente,Mbatha,2000-03-06,"5' 11""",157.0,5,NULL,South Africa,NULL,NULL,301321,0,0,0
304736,FIF,467,RSA,South Africa,M,Jayden,Adams,2001-05-05,"5' 9""",150.0,23,NULL,South Africa,NULL,NULL,304736,0,0,0
337134,FIF,467,RSA,South Africa,M,Kamogelo,Sebelebele,2002-07-21,"5' 5""",119.0,25,NULL,South Africa,NULL,NULL,337134,0,0,0
264751,FIF,467,RSA,South Africa,F,Lyle,Foster,2000-09-03,"6' 1""",172.0,9,NULL,South Africa,NULL,NULL,264751,0,0,0
288771,FIF,467,RSA,South Africa,F,Oswin,Appollis,2001-08-25,"5' 7""",152.0,7,NULL,South Africa,NULL,NULL,288771,0,0,0
291141,FIF,467,RSA,South Africa,F,Iqraam,Rayners,1995-12-19,"5' 9""",168.0,15,NULL,South Africa,NULL,NULL,291141,0,0,0
303312,FIF,467,RSA,South Africa,F,Evidence,Makgopa,2000-06-05,"6' 2""",161.0,17,NULL,South Africa,NULL,NULL,303312,0,0,0
313399,FIF,467,RSA,South Africa,F,Tshepang,Moremi,2000-10-02,"5' 6""",152.0,8,NULL,South Africa,NULL,NULL,313399,0,1,0
335450,FIF,467,RSA,South Africa,F,Thapelo,Maseko,2003-11-11,"5' 10""",161.0,12,NULL,South Africa,NULL,NULL,335450,1,0,0
361211,FIF,467,RSA,South Africa,F,Relebohile,Mofokeng,2004-10-23,"5' 7""",150.0,10,NULL,South Africa,NULL,NULL,361211,0,0,0
175921,FIF,451,KOR,South Korea,G,Kim,Seung-Gyu,1990-09-30,"6' 2""",183.0,1,NULL,South Korea,NULL,NULL,175921,0,0,9
230244,FIF,451,KOR,South Korea,G,Jo,Hyeon-Woo,1991-09-25,"6' 2""",163.0,21,NULL,South Korea,NULL,NULL,230244,0,0,0
256724,FIF,451,KOR,South Korea,G,Song,Bum-Keun,1997-10-15,"6' 5""",196.0,12,NULL,South Korea,NULL,NULL,256724,0,0,0
157688,FIF,451,KOR,South Korea,D,Kim,Min-Jae,1996-11-15,"6' 3""",179.0,4,NULL,South Korea,NULL,NULL,157688,0,0,0
280060,FIF,451,KOR,South Korea,D,Kim,Moon-Hwan,1995-08-01,"5' 8""",139.0,15,NULL,South Korea,NULL,NULL,280060,0,0,0
286268,FIF,451,KOR,South Korea,D,Kim,Tae-Hyeon,2000-09-17,"6' 2""",181.0,5,NULL,South Korea,NULL,NULL,286268,0,0,0
297270,FIF,451,KOR,South Korea,D,Lee,Tae-Seok,2002-07-28,"5' 9""",157.0,13,NULL,South Korea,NULL,NULL,297270,0,0,0
297788,FIF,451,KOR,South Korea,D,Lee,Han-Beom,2002-06-17,"6' 3""",159.0,2,NULL,South Africa,NULL,NULL,297788,0,0,0
302793,FIF,451,KOR,South Korea,D,Seol,Young-Woo,1998-12-05,"6' 0""",159.0,22,NULL,South Korea,NULL,NULL,302793,0,0,0
345769,FIF,451,KOR,South Korea,D,Lee,Gi-Hyuk,2000-07-07,"6' 0""",159.0,3,NULL,South Korea,NULL,NULL,345769,0,0,0
3098209,FIF,451,KOR,South Korea,D,Cho,Wi-Je,2001-08-25,"6' 2""",181.0,14,NULL,South Korea,NULL,NULL,3098209,0,0,0
90721,FIF,451,KOR,South Korea,M,Kim,Jin-Gyu,1997-02-24,"5' 10""",150.0,24,NULL,South Korea,NULL,NULL,90721,0,0,0
134103,FIF,451,KOR,South Korea,M,Lee,Jae-Sung,1992-08-10,"5' 11""",152.0,10,NULL,South Korea,NULL,NULL,134103,0,0,0
256598,FIF,451,KOR,South Korea,M,Paik,Seung-Ho,1997-03-17,"6' 0""",159.0,8,NULL,South Korea,NULL,NULL,256598,0,0,0
271702,FIF,451,KOR,South Korea,M,Lee,Dong-Gyeong,1997-09-20,"5' 9""",150.0,26,NULL,South Korea,NULL,NULL,271702,0,0,0
274197,FIF,451,KOR,South Korea,M,Lee,Kang-In,2001-02-19,"5' 8""",146.0,19,NULL,South Korea,NULL,NULL,274197,0,1,0
280061,FIF,451,KOR,South Korea,M,Hwang,In-Beom,1996-09-20,"5' 10""",152.0,6,NULL,South Korea,NULL,NULL,280061,1,1,0
304793,FIF,451,KOR,South Korea,M,Jens,Castrop,2003-07-29,"5' 10""",168.0,23,NULL,South Korea,NULL,NULL,304793,0,0,0
336178,FIF,451,KOR,South Korea,M,Park,Jin-Seop,1995-10-23,"6' 1""",170.0,16,NULL,South Korea,NULL,NULL,336178,0,0,0
362208,FIF,451,KOR,South Korea,M,Bae,Jun-Ho,2003-08-21,"5' 11""",152.0,17,NULL,South Korea,NULL,NULL,362208,0,0,0
149945,FIF,451,KOR,South Korea,F,Son,Heung-Min,1992-07-08,"6' 0""",168.0,7,NULL,South Korea,NULL,NULL,149945,0,0,0
237224,FIF,451,KOR,South Korea,F,Hwang,Hee-Chan,1996-01-26,"5' 10""",170.0,11,NULL,South Korea,NULL,NULL,237224,0,0,0
297791,FIF,451,KOR,South Korea,F,Eom,Ji-Sung,2002-05-09,"5' 10""",152.0,25,NULL,South Korea,NULL,NULL,297791,0,0,0
302434,FIF,451,KOR,South Korea,F,Oh,Hyeon-Gyu,2001-04-12,"6' 2""",159.0,18,NULL,South Korea,NULL,NULL,302434,1,0,0
303464,FIF,451,KOR,South Korea,F,Cho,Gue-Sung,1998-01-25,"6' 2""",181.0,9,NULL,South Korea,NULL,NULL,303464,0,0,0
350711,FIF,451,KOR,South Korea,F,Yang,Hyun-Jun,2002-05-25,"5' 9""",161.0,20,NULL,South Korea,NULL,NULL,350711,0,0,0
196176,FIF,164,ESP,Spain,G,David,Raya,1995-09-15,"6' 0""",174.0,1,NULL,Spain,NULL,NULL,196176,0,0,0
222375,FIF,164,ESP,Spain,G,Unai,Simón,1997-06-11,"6' 3""",192.0,23,NULL,Spain,NULL,NULL,222375,0,0,10
297362,FIF,164,ESP,Spain,G,Joan,García,2001-05-04,"6' 4""",185.0,13,NULL,Spain,NULL,NULL,297362,0,0,0
128714,FIF,164,ESP,Spain,D,Eric,García,2001-01-09,"5' 11""",170.0,4,NULL,Spain,NULL,NULL,128714,0,0,0
159317,FIF,164,ESP,Spain,D,Aymeric,Laporte,1994-05-27,"6' 2""",190.0,14,NULL,Spain,NULL,NULL,159317,0,1,0
166396,FIF,164,ESP,Spain,D,Alejandro,Grimaldo,1995-09-20,"5' 7""",139.0,3,NULL,Spain,NULL,NULL,166396,0,0,0
259910,FIF,164,ESP,Spain,D,Marc,Cucurella,1998-07-22,"5' 9""",146.0,24,NULL,Spain,NULL,NULL,259910,0,2,0
268533,FIF,164,ESP,Spain,D,Pedro,Porro,1999-09-13,"5' 8""",150.0,12,NULL,Spain,NULL,NULL,268533,2,0,0
332613,FIF,164,ESP,Spain,D,Marc,Pubill,2003-06-20,"6' 3""",190.0,2,NULL,Spain,NULL,NULL,332613,0,0,0
368992,FIF,164,ESP,Spain,D,Pau,Cubarsí,2007-01-22,"6' 0""",172.0,22,NULL,Spain,NULL,NULL,368992,0,0,0
206474,FIF,164,ESP,Spain,M,Marcos,Llorente,1995-01-30,"6' 0""",161.0,5,NULL,Spain,NULL,NULL,206474,0,1,0
209581,FIF,164,ESP,Spain,M,Mikel,Merino,1996-06-22,"6' 2""",183.0,6,NULL,Spain,NULL,NULL,209581,2,0,0
214596,FIF,164,ESP,Spain,M,Fabián,Ruiz,1996-04-03,"6' 2""",152.0,8,NULL,Spain,NULL,NULL,214596,1,0,0
227765,FIF,164,ESP,Spain,M,Dani,Olmo,1998-05-07,"6' 0""",161.0,10,NULL,Spain,NULL,NULL,227765,0,2,0
231828,FIF,164,ESP,Spain,M,Rodri,,1996-06-22,"6' 3""",196.0,16,NULL,Spain,Madrid,NULL,231828,0,0,0
250465,FIF,164,ESP,Spain,M,Pedri,,2002-11-25,"5' 9""",150.0,20,NULL,Spain,NULL,NULL,250465,0,0,0
287266,FIF,164,ESP,Spain,M,Martín,Zubimendi,1999-02-02,"5' 11""",161.0,18,NULL,Spain,NULL,NULL,287266,0,0,0
297370,FIF,164,ESP,Spain,M,Yéremy,Pino,2002-10-20,"5' 8""",141.0,11,NULL,Spain,NULL,NULL,297370,0,0,0
297373,FIF,164,ESP,Spain,M,Álex,Baena,2001-07-20,"5' 9""",152.0,15,NULL,Spain,NULL,NULL,297373,1,1,0
323702,FIF,164,ESP,Spain,M,Gavi,,2004-08-05,"5' 9""",150.0,9,NULL,Spain,NULL,NULL,323702,0,0,0
214995,FIF,164,ESP,Spain,F,Borja,Iglesias,1993-01-17,"6' 2""",190.0,26,NULL,Spain,NULL,NULL,214995,0,0,0
229018,FIF,164,ESP,Spain,F,Mikel,Oyarzabal,1997-04-21,"5' 11""",172.0,21,NULL,Spain,NULL,NULL,229018,5,1,0
265869,FIF,164,ESP,Spain,F,Ferran,Torres,2000-02-29,"6' 0""",174.0,7,NULL,Spain,NULL,NULL,265869,1,1,0
312146,FIF,164,ESP,Spain,F,Nico,Williams,2002-07-12,"5' 11""",148.0,17,NULL,Spain,NULL,NULL,312146,0,1,0
362150,FIF,164,ESP,Spain,F,Lamine,Yamal,2007-07-13,"5' 10""",168.0,19,NULL,Spain,NULL,NULL,362150,1,0,0
397545,FIF,164,ESP,Spain,F,Víctor,Muñoz,2003-07-13,"5' 8""",152.0,25,NULL,Spain,NULL,NULL,397545,0,0,0
133993,FIF,466,SWE,Sweden,G,Kristoffer,Nordfeldt,1989-06-23,"6' 3""",185.0,23,NULL,Sweden,NULL,NULL,133993,0,0,3
258902,FIF,466,SWE,Sweden,G,Viktor,Johansson,1998-09-14,"6' 2""",174.0,12,NULL,Sweden,NULL,NULL,258902,0,0,0
286810,FIF,466,SWE,Sweden,G,Jacob,Widell Zetterström,1998-07-11,"6' 6""",192.0,1,NULL,Sweden,NULL,NULL,286810,0,0,11
195790,FIF,466,SWE,Sweden,D,Carl,Starfelt,1995-06-01,"6' 1""",183.0,15,NULL,Sweden,NULL,NULL,195790,0,0,0
204115,FIF,466,SWE,Sweden,M,Eric,Smith,1997-01-08,"6' 4""",190.0,20,NULL,Sweden,NULL,NULL,204115,0,0,0
204679,FIF,466,SWE,Sweden,D,Victor,Lindelöf,1994-07-17,"6' 2""",181.0,3,NULL,Sweden,NULL,NULL,204679,0,0,0
250166,FIF,466,SWE,Sweden,D,Gabriel,Gudmundsson,1999-04-29,"5' 11""",163.0,5,NULL,Sweden,NULL,NULL,250166,0,0,0
290413,FIF,466,SWE,Sweden,D,Hjalmar,Ekdal,1998-10-21,"6' 2""",168.0,14,NULL,Sweden,NULL,NULL,290413,0,0,0
310709,FIF,466,SWE,Sweden,D,Daniel,Svensson,2002-02-12,"6' 0""",159.0,8,NULL,Sweden,NULL,NULL,310709,0,0,0
312862,FIF,466,SWE,Sweden,D,Isak,Hien,1999-01-13,"6' 3""",192.0,4,NULL,Sweden,NULL,NULL,312862,0,0,0
324930,FIF,466,SWE,Sweden,D,Gustaf,Lagerbielke,2000-04-10,"6' 4""",174.0,2,NULL,Sweden,NULL,NULL,324930,0,0,0
186004,FIF,466,SWE,Sweden,M,Ken,Sema,1993-09-30,"5' 11""",181.0,13,NULL,Sweden,NULL,NULL,186004,0,0,0
220120,FIF,466,SWE,Sweden,M,Mattias,Svanberg,1999-01-05,"6' 1""",170.0,19,NULL,Sweden,NULL,NULL,220120,1,0,0
237055,FIF,466,SWE,Sweden,M,Jesper,Karlström,1995-06-21,"6' 0""",179.0,16,NULL,Sweden,NULL,NULL,237055,0,0,0
304242,FIF,466,SWE,Sweden,M,Yasin,Ayari,2003-10-06,"5' 8""",150.0,18,NULL,Sweden,NULL,NULL,304242,2,0,0
312876,FIF,466,SWE,Sweden,M,Herman,Johansson,1997-10-16,"6' 3""",183.0,6,NULL,Sweden,NULL,NULL,312876,0,0,0
314164,FIF,466,SWE,Sweden,M,Taha,Ali,1998-07-01,"5' 9""",139.0,26,NULL,Sweden,NULL,NULL,314164,0,0,0
334024,FIF,466,SWE,Sweden,M,Besfort,Zeneli,2002-11-21,"6' 2""",157.0,22,NULL,Sweden,NULL,NULL,334024,0,0,0
356379,FIF,466,SWE,Sweden,M,Lucas,Bergvall,2006-02-02,"6' 2""",163.0,7,NULL,Sweden,NULL,NULL,356379,0,1,0
357145,FIF,466,SWE,Sweden,M,Elliot,Stroud,2002-06-22,"6' 1""",163.0,24,NULL,Sweden,NULL,NULL,357145,0,0,0
235662,FIF,466,SWE,Sweden,F,Alexander,Isak,1999-09-21,"6' 3""",161.0,9,NULL,Sweden,NULL,NULL,235662,1,3,0
238183,FIF,466,SWE,Sweden,F,Gustaf,Nilsson,1997-05-23,"6' 6""",192.0,25,NULL,Sweden,NULL,NULL,238183,0,0,0
258906,FIF,466,SWE,Sweden,F,Viktor,Gyökeres,1998-06-04,"6' 2""",196.0,17,NULL,Sweden,NULL,NULL,258906,1,2,0
274522,FIF,466,SWE,Sweden,F,Benjamin,Nygren,2001-07-08,"6' 2""",168.0,10,NULL,Sweden,NULL,NULL,274522,0,0,0
296622,FIF,466,SWE,Sweden,F,Anthony,Elanga,2002-04-27,"5' 10""",163.0,11,NULL,Sweden,NULL,NULL,296622,2,0,0
301370,FIF,466,SWE,Sweden,F,Alexander,Bernhardsson,1998-09-08,"6' 0""",152.0,21,NULL,Sweden,NULL,NULL,301370,0,0,0
199381,FIF,475,SUI,Switzerland,G,Yvon,Mvogo,1994-06-06,"6' 3""",192.0,12,NULL,Switzerland,NULL,NULL,199381,0,0,0
238544,FIF,475,SUI,Switzerland,G,Gregor,Kobel,1997-12-06,"6' 5""",192.0,1,NULL,Switzerland,NULL,NULL,238544,0,0,20
341948,FIF,475,SUI,Switzerland,G,Marvin,Keller,2002-07-03,"6' 2""",192.0,21,NULL,Switzerland,NULL,NULL,341948,0,0,0
136865,FIF,475,SUI,Switzerland,D,Ricardo,Rodríguez,1992-08-25,"6' 0""",183.0,13,NULL,Switzerland,NULL,NULL,136865,0,1,0
175905,FIF,475,SUI,Switzerland,D,Silvan,Widmer,1993-03-05,"6' 0""",170.0,3,NULL,Switzerland,NULL,NULL,175905,0,0,0
212237,FIF,475,SUI,Switzerland,D,Nico,Elvedi,1996-09-30,"6' 2""",183.0,4,NULL,Switzerland,NULL,NULL,212237,0,0,0
214562,FIF,475,SUI,Switzerland,D,Manuel,Akanji,1995-07-19,"6' 2""",201.0,5,NULL,Switzerland,NULL,NULL,214562,0,0,0
231697,FIF,475,SUI,Switzerland,D,Eray,Cömert,1998-02-04,"6' 0""",174.0,18,NULL,Switzerland,NULL,NULL,231697,0,0,0
243626,FIF,475,SUI,Switzerland,D,Miro,Muheim,1998-03-24,"6' 0""",170.0,2,NULL,Switzerland,NULL,NULL,243626,0,0,0
319404,FIF,475,SUI,Switzerland,D,Aurèle,Amenda,2003-07-31,"6' 4""",196.0,24,NULL,Switzerland,NULL,NULL,319404,0,0,0
332574,FIF,475,SUI,Switzerland,D,Luca,Jaquez,2003-06-02,"6' 2""",174.0,25,NULL,Switzerland,NULL,NULL,332574,0,0,0
149981,FIF,475,SUI,Switzerland,M,Granit,Xhaka,1992-09-27,"6' 1""",174.0,10,NULL,Switzerland,NULL,NULL,149981,1,0,0
152600,FIF,475,SUI,Switzerland,M,Remo,Freuler,1992-04-15,"5' 11""",170.0,8,NULL,Switzerland,NULL,NULL,152600,0,0,0
222446,FIF,475,SUI,Switzerland,M,Djibril,Sow,1997-02-06,"6' 0""",168.0,15,NULL,Switzerland,NULL,NULL,222446,0,0,0
222628,FIF,475,SUI,Switzerland,M,Denis,Zakaria,1996-11-20,"6' 3""",168.0,6,NULL,Switzerland,NULL,NULL,222628,0,0,0
238502,FIF,475,SUI,Switzerland,M,Christian,Fassnacht,1993-11-11,"6' 1""",172.0,16,NULL,Switzerland,NULL,NULL,238502,0,0,0
245623,FIF,475,SUI,Switzerland,M,Michel,Aebischer,1997-01-06,"6' 0""",172.0,20,NULL,Switzerland,NULL,NULL,245623,0,0,0
259513,FIF,475,SUI,Switzerland,M,Rubén,Vargas,1998-08-05,"5' 10""",170.0,17,NULL,Switzerland,NULL,NULL,259513,2,1,0
303973,FIF,475,SUI,Switzerland,M,Ardon,Jashari,2002-07-30,"5' 11""",179.0,14,NULL,Switzerland,NULL,NULL,303973,0,0,0
308908,FIF,475,SUI,Switzerland,M,Fabian,Rieder,2002-02-16,"5' 10""",161.0,22,NULL,Switzerland,NULL,NULL,308908,0,0,0
386992,FIF,475,SUI,Switzerland,M,Johan,Manzambi,2005-10-14,"6' 0""",163.0,9,NULL,Switzerland,NULL,NULL,386992,3,2,0
202099,FIF,475,SUI,Switzerland,F,Breel,Embolo,1997-02-14,"6' 2""",183.0,7,NULL,Switzerland,NULL,NULL,202099,2,2,0
234153,FIF,475,SUI,Switzerland,F,Cedric,Itten,1996-12-27,"6' 3""",183.0,26,NULL,Switzerland,NULL,NULL,234153,0,0,0
270641,FIF,475,SUI,Switzerland,F,Noah,Okafor,2000-05-24,"6' 1""",185.0,19,NULL,Switzerland,NULL,NULL,270641,0,0,0
275842,FIF,475,SUI,Switzerland,F,Dan,Ndoye,2000-10-25,"6' 0""",159.0,11,NULL,Switzerland,NULL,NULL,275842,2,0,0
320757,FIF,475,SUI,Switzerland,F,Zeki,Amdouni,2000-12-04,"6' 1""",172.0,23,NULL,Switzerland,NULL,NULL,320757,0,0,0
195253,FIF,659,TUN,Tunisia,G,Sabri,Ben Hessen,1996-06-13,"6' 2""",174.0,22,NULL,Tunisia,NULL,NULL,195253,0,0,0
265272,FIF,659,TUN,Tunisia,G,Aymen,Dahmen,1997-01-28,"6' 2""",174.0,16,NULL,Tunisia,NULL,NULL,265272,0,0,5
420888,FIF,659,TUN,Tunisia,G,Mouhib,Chamakh,2001-08-25,"6' 2""",185.0,1,NULL,Tunisia,NULL,NULL,420888,0,0,1
240371,FIF,659,TUN,Tunisia,D,Dylan,Bronn,1995-06-19,"6' 1""",163.0,6,NULL,Tunisia,NULL,NULL,240371,0,0,0
240588,FIF,659,TUN,Tunisia,D,Yan,Valery,1999-02-22,"5' 11""",161.0,20,NULL,Tunisia,NULL,NULL,240588,0,0,0
265099,FIF,659,TUN,Tunisia,D,Montassar,Talbi,1998-05-26,"6' 3""",174.0,3,NULL,Tunisia,NULL,NULL,265099,0,0,0
265234,FIF,659,TUN,Tunisia,D,Ali,Abdi,1993-12-20,"5' 10""",172.0,2,NULL,Tunisia,NULL,NULL,265234,0,0,0
296982,FIF,659,TUN,Tunisia,D,Mohamed Amine,Ben Hamida,1995-12-15,"5' 11""",152.0,21,NULL,Tunisia,NULL,NULL,296982,0,0,0
303848,FIF,659,TUN,Tunisia,D,Omar,Rekik,2001-12-20,"6' 2""",170.0,4,NULL,Tunisia,NULL,NULL,303848,1,0,0
345975,FIF,659,TUN,Tunisia,D,Moutaz,Neffati,2004-09-04,"6' 0""",163.0,23,NULL,Tunisia,NULL,NULL,345975,0,0,0
410358,FIF,659,TUN,Tunisia,D,Adem,Arous,2004-07-17,"6' 2""",174.0,5,NULL,Tunisia,NULL,NULL,410358,0,0,0
420890,FIF,659,TUN,Tunisia,D,Raed,Chikhaoui,2004-06-09,"6' 3""",185.0,24,NULL,Tunisia,NULL,NULL,420890,0,0,0
159152,FIF,659,TUN,Tunisia,M,Rani,Khedira,1994-01-27,"6' 2""",183.0,13,NULL,Tunisia,NULL,NULL,159152,0,0,0
209595,FIF,659,TUN,Tunisia,M,Ellyes,Skhiri,1995-05-10,"6' 1""",161.0,17,NULL,Tunisia,NULL,NULL,209595,0,0,0
273170,FIF,659,TUN,Tunisia,M,Mortadha,Ben Ouanes,1994-07-02,"6' 2""",161.0,12,NULL,Tunisia,NULL,NULL,273170,0,0,0
299861,FIF,659,TUN,Tunisia,M,Mohamed,Hadj Mahmoud,2000-04-24,"5' 10""",172.0,15,NULL,Tunisia,NULL,NULL,299861,0,0,0
300007,FIF,659,TUN,Tunisia,M,Hannibal,Mejbri,2003-01-21,"5' 10""",161.0,10,NULL,Tunisia,NULL,NULL,300007,0,2,0
302944,FIF,659,TUN,Tunisia,M,Anis,Slimane,2001-03-16,"6' 2""",190.0,25,NULL,Tunisia,NULL,NULL,302944,0,0,0
324510,FIF,659,TUN,Tunisia,M,Elias,Achouri,1999-02-10,"6' 2""",161.0,7,NULL,Tunisia,NULL,NULL,324510,0,0,0
265207,FIF,659,TUN,Tunisia,F,Firas,Chaouat,1996-05-08,"6' 1""",152.0,19,NULL,Tunisia,NULL,NULL,265207,0,0,0
303702,FIF,659,TUN,Tunisia,F,Sebastian,Tounekti,2002-07-13,"6' 0""",174.0,26,NULL,Tunisia,NULL,NULL,303702,0,0,0
317473,FIF,659,TUN,Tunisia,M,Ismaël,Gharbi,2004-04-10,"5' 11""",170.0,11,NULL,Tunisia,NULL,NULL,317473,0,0,0
323950,FIF,659,TUN,Tunisia,F,Elias,Saad,1999-12-27,"6' 1""",174.0,8,NULL,Tunisia,NULL,NULL,323950,0,0,0
396085,FIF,659,TUN,Tunisia,F,Hazem,Mastouri,1997-06-18,"6' 3""",174.0,9,NULL,Tunisia,NULL,NULL,396085,1,0,0
404769,FIF,659,TUN,Tunisia,F,Khalil,Ayari,2005-02-02,"5' 9""",152.0,14,NULL,Tunisia,NULL,NULL,404769,0,0,0
405591,FIF,659,TUN,Tunisia,F,Rayan,Elloumi,2007-09-17,"5' 11""",174.0,18,NULL,Tunisia,NULL,NULL,405591,0,0,0
124880,FIF,465,TUR,Türkiye,G,Mert,Günok,1989-03-01,"6' 5""",203.0,1,NULL,Türkiye,NULL,NULL,124880,0,0,0
222922,FIF,465,TUR,Türkiye,G,Ugurcan,Çakir,1996-04-05,"6' 3""",185.0,23,NULL,Türkiye,NULL,NULL,222922,0,0,8
274272,FIF,465,TUR,Türkiye,G,Altay,Bayindir,1998-04-14,"6' 6""",192.0,12,NULL,Türkiye,NULL,NULL,274272,0,0,0
159146,FIF,465,TUR,Türkiye,D,Kaan,Ayhan,1994-11-10,"6' 1""",192.0,22,NULL,Türkiye,NULL,NULL,159146,1,0,0
193149,FIF,465,TUR,Türkiye,D,Abdülkerim,Bardakçi,1994-09-07,"6' 1""",201.0,14,NULL,Türkiye,NULL,NULL,193149,0,0,0
230757,FIF,465,TUR,Türkiye,D,Çaglar,Söyüncü,1996-05-23,"6' 1""",192.0,4,NULL,Türkiye,NULL,NULL,230757,0,0,0
238318,FIF,465,TUR,Türkiye,D,Ferdi,Kadioglu,1999-10-07,"5' 9""",150.0,20,NULL,Türkiye,NULL,NULL,238318,0,0,0
266002,FIF,465,TUR,Türkiye,D,Mert,Müldür,1999-04-03,"6' 0""",161.0,18,NULL,Türkiye,NULL,NULL,266002,0,0,0
266565,FIF,465,TUR,Türkiye,D,Ozan,Kabak,2000-03-25,"6' 2""",190.0,15,NULL,Türkiye,NULL,NULL,266565,0,0,0
267178,FIF,465,TUR,Türkiye,D,Merih,Demiral,1998-03-05,"6' 3""",190.0,3,NULL,Türkiye,NULL,NULL,267178,0,0,0
271873,FIF,465,TUR,Türkiye,D,Zeki,Çelik,1997-02-17,"5' 11""",172.0,2,NULL,Türkiye,NULL,NULL,271873,0,0,0
287678,FIF,465,TUR,Türkiye,D,Eren,Elmali,2000-07-07,"5' 11""",170.0,13,NULL,Türkiye,NULL,NULL,287678,0,0,0
322807,FIF,465,TUR,Türkiye,D,Samet,Akaydin,1994-03-13,"6' 3""",183.0,25,NULL,Türkiye,NULL,NULL,322807,0,0,0
170785,FIF,465,TUR,Türkiye,M,Hakan,Çalhanoglu,1994-02-08,"5' 10""",168.0,10,NULL,Türkiye,NULL,NULL,170785,0,0,0
211923,FIF,465,TUR,Türkiye,M,Irfan Can,Kahveci,1995-07-15,"5' 11""",172.0,17,NULL,Türkiye,NULL,NULL,211923,0,0,0
225563,FIF,465,TUR,Türkiye,M,Salih,Özcan,1998-01-11,"6' 0""",179.0,5,NULL,Türkiye,NULL,NULL,225563,0,0,0
272700,FIF,465,TUR,Türkiye,M,Orkun,Kökçü,2000-12-29,"5' 9""",181.0,6,NULL,Türkiye,NULL,NULL,272700,0,1,0
305629,FIF,465,TUR,Türkiye,M,Ismail,Yüksek,1999-01-26,"6' 0""",163.0,16,NULL,Türkiye,NULL,NULL,305629,0,0,0
310452,FIF,465,TUR,Türkiye,M,Arda,Güler,2005-02-25,"5' 9""",148.0,8,NULL,Türkiye,NULL,NULL,310452,1,0,0
355369,FIF,465,TUR,Türkiye,M,Can,Uzun,2005-11-11,"6' 1""",183.0,26,NULL,Türkiye,NULL,NULL,355369,0,0,0
266575,FIF,465,TUR,Türkiye,F,Yunus,Akgün,2000-07-07,"5' 8""",159.0,19,NULL,Türkiye,NULL,NULL,266575,0,0,0
306789,FIF,465,TUR,Türkiye,F,Kerem,Aktürkoglu,1998-10-21,"5' 8""",150.0,7,NULL,Türkiye,NULL,NULL,306789,0,0,0
322538,FIF,465,TUR,Türkiye,F,Baris Alper,Yilmaz,2000-05-23,"6' 1""",190.0,21,NULL,Türkiye,NULL,NULL,322538,1,1,0
322813,FIF,465,TUR,Türkiye,F,Oguz,Aydin,2000-10-27,"6' 0""",168.0,24,NULL,Türkiye,NULL,NULL,322813,0,0,0
350513,FIF,465,TUR,Türkiye,F,Deniz,Gül,2004-07-02,"6' 3""",181.0,9,NULL,Türkiye,NULL,NULL,350513,0,0,0
366509,FIF,465,TUR,Türkiye,F,Kenan,Yildiz,2005-05-04,"6' 2""",170.0,11,NULL,Türkiye,NULL,NULL,366509,0,0,0
252974,FIF,660,USA,United States,G,Matt,Freese,1998-09-02,"6' 3""",192.0,24,NULL,USA,NULL,NULL,252974,0,0,8
303693,FIF,660,USA,United States,G,Chris,Brady,2004-03-03,"6' 3""",170.0,25,NULL,USA,NULL,NULL,303693,0,0,0
303794,FIF,660,USA,United States,G,Matt,Turner,1994-06-24,"6' 3""",183.0,1,NULL,USA,NULL,NULL,303794,0,0,0
77072,FIF,660,USA,United States,D,Mark,McKenzie,1999-02-25,"6' 0""",183.0,22,NULL,USA,New York City,NULL,77072,0,0,0
146290,FIF,660,USA,United States,D,Tim,Ream,1987-10-05,"6' 1""",174.0,13,NULL,USA,NULL,NULL,146290,0,0,0
222396,FIF,660,USA,United States,D,Antonee,Robinson,1997-08-08,"6' 0""",161.0,5,NULL,USA,NULL,NULL,222396,0,0,0
228619,FIF,660,USA,United States,D,Auston,Trusty,1998-08-12,"6' 3""",172.0,6,NULL,USA,NULL,NULL,228619,1,0,0
248276,FIF,660,USA,United States,D,Alex,Freeman,2004-08-09,"6' 2""",174.0,16,NULL,USA,NULL,NULL,248276,1,1,0
249768,FIF,660,USA,United States,D,Miles,Robinson,1997-03-14,"6' 2""",183.0,12,NULL,USA,NULL,NULL,249768,0,0,0
266291,FIF,660,USA,United States,D,Sergiño,Dest,2000-11-03,"5' 8""",137.0,2,NULL,USA,NULL,NULL,266291,0,0,0
272135,FIF,660,USA,United States,D,Joe,Scally,2002-12-31,"6' 0""",174.0,23,NULL,USA,NULL,NULL,272135,0,0,0
272585,FIF,660,USA,United States,D,Chris,Richards,2000-03-28,"6' 2""",203.0,3,NULL,USA,NULL,NULL,272585,0,0,0
216617,FIF,660,USA,United States,M,Cristian,Roldan,1995-06-03,"5' 8""",163.0,15,NULL,USA,NULL,NULL,216617,0,0,0
222776,FIF,660,USA,United States,M,Tyler,Adams,1999-02-14,"5' 9""",159.0,4,NULL,USA,NULL,NULL,222776,0,0,0
225607,FIF,660,USA,United States,M,Christian,Pulisic,1998-09-18,"5' 10""",161.0,10,NULL,USA,NULL,NULL,225607,0,1,0
256715,FIF,660,USA,United States,M,Weston,McKennie,1998-08-28,"6' 1""",185.0,8,NULL,USA,NULL,NULL,256715,0,0,0
259653,FIF,660,USA,United States,M,Brenden,Aaronson,2000-10-22,"5' 10""",150.0,11,NULL,USA,NULL,NULL,259653,0,0,0
290230,FIF,660,USA,United States,M,Giovanni,Reyna,2002-11-13,"6' 1""",172.0,7,NULL,USA,NULL,NULL,290230,1,0,0
295771,FIF,660,USA,United States,M,Sebastian,Berhalter,2001-05-10,"5' 9""",152.0,14,NULL,USA,NULL,NULL,295771,1,1,0
301416,FIF,660,USA,United States,M,Malik,Tillman,2002-05-28,"6' 2""",190.0,17,NULL,USA,NULL,NULL,301416,2,1,0
359542,FIF,660,USA,United States,F,Max,Arfsten,2001-04-19,"6' 1""",172.0,18,NULL,USA,NULL,NULL,359542,0,0,0
212824,FIF,660,USA,United States,F,Alejandro,Zendejas,1998-02-07,"5' 6""",146.0,26,NULL,USA,NULL,NULL,212824,0,0,0
220474,FIF,660,USA,United States,F,Haji,Wright,1998-03-27,"6' 3""",174.0,19,NULL,USA,Los Angeles,NULL,220474,0,0,0
266027,FIF,660,USA,United States,F,Timothy,Weah,2000-02-22,"6' 0""",146.0,21,NULL,USA,NULL,NULL,266027,0,0,0
282643,FIF,660,USA,United States,F,Folarin,Balogun,2001-07-03,"5' 10""",146.0,20,NULL,USA,NULL,NULL,282643,3,0,0
289120,FIF,660,USA,United States,F,Ricardo,Pepi,2003-01-09,"6' 1""",161.0,9,NULL,USA,NULL,NULL,289120,0,0,0
108622,FIF,212,URU,Uruguay,G,Fernando,Muslera,1986-06-16,"6' 3""",183.0,23,NULL,Uruguay,NULL,NULL,108622,0,0,4
184206,FIF,212,URU,Uruguay,G,Sergio,Rochet,1993-03-23,"6' 2""",181.0,1,NULL,Uruguay,NULL,NULL,184206,0,0,0
203067,FIF,212,URU,Uruguay,G,Santiago,Mele,1997-09-06,"6' 0""",172.0,12,NULL,Uruguay,NULL,NULL,203067,0,0,0
188368,FIF,212,URU,Uruguay,D,Guillermo,Varela,1993-03-24,"5' 8""",161.0,13,NULL,Uruguay,NULL,NULL,188368,0,0,0
188398,FIF,212,URU,Uruguay,D,José María,Giménez,1995-01-20,"6' 1""",172.0,2,NULL,Uruguay,NULL,NULL,188398,0,0,0
234881,FIF,212,URU,Uruguay,D,Mathías,Olivera,1997-10-31,"5' 9""",172.0,16,NULL,Uruguay,NULL,NULL,234881,0,0,0
241225,FIF,212,URU,Uruguay,D,Santiago,Bueno,1998-11-09,"6' 3""",168.0,24,NULL,Uruguay,NULL,NULL,241225,0,0,0
254007,FIF,212,URU,Uruguay,D,Joaquín,Piquerez,1998-08-24,"6' 0""",163.0,22,NULL,Uruguay,NULL,NULL,254007,0,0,0
254032,FIF,212,URU,Uruguay,D,Matías,Viña,1997-11-09,"5' 9""",152.0,17,NULL,Uruguay,NULL,NULL,254032,0,0,0
270821,FIF,212,URU,Uruguay,D,Ronald,Araújo,1999-03-07,"6' 3""",212.0,4,NULL,Spain,Rivera,NULL,270821,0,0,0
285756,FIF,212,URU,Uruguay,D,Sebastián,Cáceres,1999-08-18,"5' 11""",170.0,3,NULL,Uruguay,NULL,NULL,285756,0,0,0
109962,FIF,212,URU,Uruguay,M,Emiliano,Martínez,1999-08-17,"6' 1""",141.0,15,NULL,Uruguay,NULL,NULL,109962,0,0,0
179767,FIF,212,URU,Uruguay,M,Giorgian,de Arrascaeta,1994-06-01,"5' 8""",161.0,10,NULL,Uruguay,NULL,NULL,179767,0,0,0
215772,FIF,212,URU,Uruguay,M,Rodrigo,Bentancur,1997-06-25,"6' 2""",159.0,6,NULL,Uruguay,NULL,NULL,215772,0,0,0
235818,FIF,212,URU,Uruguay,M,Federico,Valverde,1998-07-22,"6' 0""",172.0,8,NULL,Uruguay,NULL,NULL,235818,0,0,0
241468,FIF,212,URU,Uruguay,M,Manuel,Ugarte,2001-04-11,"6' 0""",170.0,5,NULL,Uruguay,NULL,NULL,241468,0,0,0
251889,FIF,212,URU,Uruguay,M,Nicolás,de la Cruz,1997-06-01,"5' 6""",141.0,7,NULL,Uruguay,NULL,NULL,251889,0,0,0
287025,FIF,212,URU,Uruguay,M,Maxi,Araújo,2000-02-15,"5' 10""",168.0,20,NULL,Uruguay,NULL,NULL,287025,2,1,0
287494,FIF,212,URU,Uruguay,M,Rodrigo,Zalazar,1999-08-12,"5' 10""",152.0,26,NULL,Uruguay,NULL,NULL,287494,0,0,0
287497,FIF,212,URU,Uruguay,M,Juan Manuel,Sanabria,2000-03-29,"5' 8""",130.0,25,NULL,Uruguay,NULL,NULL,287497,0,0,0
290538,FIF,212,URU,Uruguay,M,Facundo,Pellistri,2001-12-20,"5' 9""",150.0,11,NULL,Uruguay,NULL,NULL,290538,0,0,0
144325,FIF,212,URU,Uruguay,F,Brian,Rodríguez,2000-05-20,"5' 9""",150.0,18,NULL,Uruguay,NULL,NULL,144325,0,0,0
159042,FIF,212,URU,Uruguay,F,Rodrigo,Aguirre,1994-10-01,"6' 0""",174.0,19,NULL,Uruguay,NULL,NULL,159042,0,0,0
241466,FIF,212,URU,Uruguay,F,Agustín,Canobbio,1998-10-01,"5' 9""",179.0,14,NULL,Uruguay,NULL,NULL,241466,1,0,0
271788,FIF,212,URU,Uruguay,F,Darwin,Núñez,1999-06-24,"6' 2""",179.0,9,NULL,Uruguay,NULL,NULL,271788,0,0,0
295847,FIF,212,URU,Uruguay,F,Federico,Viñas,1998-06-30,"5' 11""",179.0,21,NULL,Uruguay,NULL,NULL,295847,0,0,0
219561,FIF,2570,UZB,Uzbekistan,G,Botirali,Ergashev,1995-06-23,"6' 2""",172.0,16,NULL,Uzbekistan,NULL,NULL,219561,0,0,0
282145,FIF,2570,UZB,Uzbekistan,G,Utkir,Yusupov,1991-01-04,"6' 1""",168.0,1,NULL,Uzbekistan,NULL,NULL,282145,0,0,1
308612,FIF,2570,UZB,Uzbekistan,G,Abduvohid,Nematov,2001-03-20,"6' 0""",170.0,12,NULL,Uzbekistan,NULL,NULL,308612,0,0,5
195282,FIF,2570,UZB,Uzbekistan,D,Rustam,Ashurmatov,1996-07-07,"6' 1""",172.0,5,NULL,Uzbekistan,NULL,NULL,195282,0,0,0
211537,FIF,2570,UZB,Uzbekistan,D,Farrukh,Sayfiev,1991-01-17,"6' 0""",152.0,4,NULL,Uzbekistan,NULL,NULL,211537,0,0,0
270463,FIF,2570,UZB,Uzbekistan,D,Umar,Eshmurodov,1992-11-30,"6' 1""",159.0,15,NULL,Uzbekistan,NULL,NULL,270463,0,0,0
274005,FIF,2570,UZB,Uzbekistan,D,Khojiakbar,Alijonov,1997-04-19,"5' 11""",141.0,3,NULL,Uzbekistan,NULL,NULL,274005,0,0,0
286596,FIF,2570,UZB,Uzbekistan,D,Avazbek,Ulmasaliyev,2000-03-27,"6' 2""",159.0,25,NULL,Uzbekistan,NULL,NULL,286596,0,0,0
321728,FIF,2570,UZB,Uzbekistan,D,Sherzod,Nasrullaev,1998-07-23,"6' 0""",159.0,13,NULL,Uzbekistan,NULL,NULL,321728,0,0,0
362211,FIF,2570,UZB,Uzbekistan,D,Abdukodir,Khusanov,2004-02-29,"6' 1""",183.0,2,NULL,Uzbekistan,NULL,NULL,362211,0,0,0
362329,FIF,2570,UZB,Uzbekistan,D,Jakhongir,Urozov,2004-01-18,"6' 3""",174.0,26,NULL,Uzbekistan,NULL,NULL,362329,0,0,0
376370,FIF,2570,UZB,Uzbekistan,D,Behruzjon,Karimov,2007-08-07,"5' 8""",141.0,24,NULL,Uzbekistan,NULL,NULL,376370,0,0,0
185631,FIF,2570,UZB,Uzbekistan,M,Jamshid,Iskanderov,1993-10-16,"5' 7""",128.0,8,NULL,Uzbekistan,NULL,NULL,185631,0,0,0
187939,FIF,2570,UZB,Uzbekistan,M,Jaloliddin,Masharipov,1993-09-01,"5' 8""",139.0,10,NULL,Uzbekistan,NULL,NULL,187939,NULL,NULL,NULL
195266,FIF,2570,UZB,Uzbekistan,M,Odiljon,Xamrobekov,1996-02-13,"5' 11""",150.0,9,NULL,Uzbekistan,NULL,NULL,195266,0,0,0
195274,FIF,2570,UZB,Uzbekistan,M,Dostonbek,Khamdamov,1996-07-24,"5' 10""",139.0,17,NULL,Uzbekistan,NULL,NULL,195274,0,0,0
195281,FIF,2570,UZB,Uzbekistan,M,Otabek,Shukurov,1996-06-22,"6' 0""",163.0,7,NULL,Uzbekistan,NULL,NULL,195281,0,0,0
268558,FIF,2570,UZB,Uzbekistan,M,Azizjon,Ganiev,1998-02-22,"5' 11""",139.0,19,NULL,Uzbekistan,NULL,NULL,268558,0,0,0
270461,FIF,2570,UZB,Uzbekistan,M,Akmal,Mozgovoy,1999-04-02,"5' 11""",152.0,6,NULL,Uzbekistan,NULL,NULL,270461,0,1,0
288949,FIF,2570,UZB,Uzbekistan,M,Oston,Urunov,2000-12-19,"5' 11""",168.0,11,NULL,Uzbekistan,NULL,NULL,288949,0,0,0
317793,FIF,2570,UZB,Uzbekistan,M,Abbosbek,Fayzullaev,2003-10-03,"5' 6""",119.0,22,NULL,Uzbekistan,NULL,NULL,317793,1,0,0
326928,FIF,2570,UZB,Uzbekistan,M,Abdulla,Abdullaev,1997-09-01,"5' 11""",159.0,18,NULL,Uzbekistan,NULL,NULL,326928,0,0,0
362333,FIF,2570,UZB,Uzbekistan,M,Sherzod,Esanov,2003-02-01,"6' 3""",163.0,23,NULL,Uzbekistan,NULL,NULL,362333,0,0,0
156663,FIF,2570,UZB,Uzbekistan,F,Igor,Sergeev,1993-04-30,"6' 1""",168.0,21,NULL,Uzbekistan,NULL,NULL,156663,0,0,0
216937,FIF,2570,UZB,Uzbekistan,F,Eldor,Shomurodov,1995-06-29,"6' 3""",172.0,14,NULL,Uzbekistan,NULL,NULL,216937,1,0,0
253231,FIF,2570,UZB,Uzbekistan,F,Azizbek,Amonov,1997-10-30,"5' 11""",159.0,20,NULL,Uzbekistan,NULL,NULL,253231,0,0,0
