playerID,sportCode,team_id,teamCode,teamName,positionCode,firstName,lastName,dateOfBirth,height,weight,number,college,birthCountry,birthCityState,draftYear,playerID,sacks,touchdowns
5084939,NFL,22,ARI,Cardinals,G,Isaiah,Adams,2000-07-21,"6' 4""",315.0,74,Illinois,Canada,"Ajax, ON",2022,5084939,NULL,NULL
4373626,NFL,22,ARI,Cardinals,RB,Tyler,Allgeier,2000-04-15,"5' 10""",220.0,22,BYU,USA,"Fontana, CA",2020,4373626,NULL,NULL
4430841,NFL,22,ARI,Cardinals,QB,Carson,Beck,2002-11-19,"6' 4""",220.0,19,Miami,USA,"Jacksonville, FL",2025,4430841,NULL,NULL
4429275,NFL,22,ARI,Cardinals,RB,Trey,Benson,2002-07-23,"6' 0""",225.0,33,Florida State,USA,"Greenville, MS",2022,4429275,NULL,NULL
4870596,NFL,22,ARI,Cardinals,G,Chase,Bisontis,2004-06-10,"6' 6""",314.0,57,Texas A&M,USA,"Ramsey, NJ",2025,4870596,NULL,NULL
3045523,NFL,22,ARI,Cardinals,WR,Kendrick,Bourne,1995-08-04,"6' 1""",205.0,17,Eastern Washington,USA,"Portland, OR",2017,3045523,NULL,NULL
2578570,NFL,22,ARI,Cardinals,QB,Jacoby,Brissett,1992-12-11,"6' 4""",235.0,7,NC State,USA,"West Palm Beach, FL",2016,2578570,NULL,NULL
4692835,NFL,22,ARI,Cardinals,WR,Jalen,Brooks,2000-05-07,"6' 2""",205.0,86,South Carolina,USA,"Harrisburg, NC",2021,4692835,NULL,NULL
4431214,NFL,22,ARI,Cardinals,G,Hayden,Conner,2002-04-26,"6' 6""",315.0,58,Texas,USA,"Katy, TX",2023,4431214,NULL,NULL
3045147,NFL,22,ARI,Cardinals,RB,James,Conner,1995-05-05,"6' 1""",233.0,6,Pittsburgh,USA,"Erie, PA",2017,3045147,NULL,NULL
4875802,NFL,22,ARI,Cardinals,G,Ka'ena,De Cambra,NULL,"6' 3""",306.0,62,Arizona,USA,"Honolulu, HI",2025,4875802,NULL,NULL
4039050,NFL,22,ARI,Cardinals,WR,Devin,Duvernay,1997-09-12,"5' 11""",202.0,81,Texas,USA,"Sachse, TX",2020,4039050,NULL,NULL
4605858,NFL,22,ARI,Cardinals,TE,Rivaldo,Fairweather,2002-07-19,"6' 3""",249.0,45,Auburn,USA,"Lauderhill, FL",2024,4605858,NULL,NULL
4360739,NFL,22,ARI,Cardinals,WR,Simi,Fehoko,1997-11-05,"6' 4""",225.0,80,Stanford,USA,"Sandy, UT",2019,4360739,NULL,NULL
3886633,NFL,22,ARI,Cardinals,C,Hjalte,Froholdt,1996-08-20,"6' 5""",310.0,72,Arkansas,Denmark,Svendborg,2019,3886633,NULL,NULL
4429782,NFL,22,ARI,Cardinals,OT,Josh,Fryar,2002-02-12,"6' 5""",320.0,78,Ohio State,USA,"Beech Grove, IN",2023,4429782,NULL,NULL
4367199,NFL,22,ARI,Cardinals,G,Jon,Gaines II,1999-05-24,"6' 4""",320.0,71,UCLA,USA,"Wauwatosa, WI",2021,4367199,NULL,NULL
4588298,NFL,22,ARI,Cardinals,TE,Jameson,Geers,NULL,"6' 5""",250.0,46,Minnesota,USA,"Channahon, IL",2025,4588298,NULL,NULL
4432705,NFL,22,ARI,Cardinals,WR,Bryson,Green,2002-12-30,"6' 1""",210.0,39,Wisconsin,USA,"Allen, TX",2024,4432705,NULL,NULL
4432708,NFL,22,ARI,Cardinals,WR,Marvin,Harrison Jr.,2002-08-11,"6' 3""",220.0,18,Ohio State,USA,"Philadelphia, PA",2022,4432708,NULL,NULL
4426844,NFL,22,ARI,Cardinals,TE,Elijah,Higgins,2000-10-27,"6' 3""",245.0,84,Stanford,USA,"Austin, TX",2021,4426844,NULL,NULL
4250935,NFL,22,ARI,Cardinals,OT,Demontrey,Jacobs,1998-11-22,"6' 6""",325.0,67,South Florida,USA,"Gonzales, LA",2022,4250935,NULL,NULL
4428991,NFL,22,ARI,Cardinals,OT,Paris,Johnson Jr.,2001-07-03,"6' 6""",325.0,70,Ohio State,USA,"Cincinnati, OH",2021,4428991,NULL,NULL
4362103,NFL,22,ARI,Cardinals,OT,Christian,Jones,2000-05-12,"6' 5""",320.0,75,Texas,USA,"Cypress, TX",2022,4362103,NULL,NULL
4431431,NFL,22,ARI,Cardinals,RB,Corey,Kiner,2002-01-21,"5' 9""",209.0,37,Cincinnati,USA,"Cincinnati, OH",2023,4431431,NULL,NULL
4427728,NFL,22,ARI,Cardinals,RB,Bam,Knight,2001-04-11,"5' 11""",210.0,20,NC State,USA,"Bailey, NC",2021,4427728,NULL,NULL
4870808,NFL,22,ARI,Cardinals,RB,Jeremiyah,Love,2005-05-31,"6' 0""",212.0,4,Notre Dame,USA,"St. Louis, MO",2025,4870808,NULL,NULL
4361307,NFL,22,ARI,Cardinals,TE,Trey,McBride,1999-11-22,"6' 4""",246.0,85,Colorado State,USA,"Fort Morgan, CO",2020,4361307,NULL,NULL
4038524,NFL,22,ARI,Cardinals,QB,Gardner,Minshew II,1996-05-16,"6' 1""",225.0,15,Washington State,USA,"Brandon, MS",2019,4038524,NULL,NULL
4875912,NFL,22,ARI,Cardinals,WR,Tejhaun,Palmer,2000-05-19,"6' 1""",210.0,83,UAB,USA,"Milwaukee, WI",2024,4875912,NULL,NULL
3055886,NFL,22,ARI,Cardinals,OT,Matt,Pryor,1994-12-16,"6' 7""",332.0,76,TCU,USA,"Long Beach, CA",2018,3055886,NULL,NULL
4374045,NFL,22,ARI,Cardinals,TE,Teagan,Quitoriano,2000-03-15,"6' 6""",259.0,47,Oregon State,USA,"Salem, OR",2020,4374045,NULL,NULL
4696700,NFL,22,ARI,Cardinals,TE,Tip,Reiman,2001-09-17,"6' 5""",271.0,87,Illinois,USA,"Rapid City, SD",2022,4696700,NULL,NULL
4428458,NFL,22,ARI,Cardinals,OT,Valentin,Senn,2000-04-23,"6' 7""",310.0,69,UConn,Austria,Volders,2023,4428458,NULL,NULL
2978247,NFL,22,ARI,Cardinals,G,Isaac,Seumalo,1993-10-29,"6' 4""",310.0,73,Oregon State,USA,"Corvallis, OR",2016,2978247,NULL,NULL
4428512,NFL,22,ARI,Cardinals,QB,Kedon,Slovis,2001-04-11,"6' 2""",223.0,12,BYU,USA,"Scottsdale, AZ",2023,4428512,NULL,NULL
4240573,NFL,22,ARI,Cardinals,WR,Ihmir,Smith-Marsette,1999-08-29,"6' 1""",200.0,9,Iowa,USA,"Newark, NJ",2020,4240573,NULL,NULL
3120502,NFL,22,ARI,Cardinals,OT,Olisaemeka,Udoh,1997-02-14,"6' 6""",320.0,68,Elon,USA,"Fayetteville, NC",2019,3120502,NULL,NULL
4869132,NFL,22,ARI,Cardinals,WR,Reggie,Virgil,NULL,"6' 3""",187.0,82,Texas Tech,USA,"Apopka, FL",2025,4869132,NULL,NULL
4699354,NFL,22,ARI,Cardinals,WR,Harrison,Wallace III,NULL,"6' 0""",192.0,30,Ole Miss,USA,"Montgomery, AL",2025,4699354,NULL,NULL
4428811,NFL,22,ARI,Cardinals,WR,Xavier,Weaver,2000-10-12,"6' 0""",185.0,89,Colorado,USA,"Orlando, FL",2022,4428811,NULL,NULL
3059839,NFL,22,ARI,Cardinals,OT,Elijah,Wilkinson,1995-02-10,"6' 6""",315.0,65,Massachusetts,USA,"Downingtown, PA",2017,3059839,NULL,NULL
4709718,NFL,22,ARI,Cardinals,OT,Jayden,Williams,NULL,"6' 4""",307.0,66,Ole Miss,USA,"Conway, AR",2025,4709718,NULL,NULL
4360761,NFL,22,ARI,Cardinals,WR,Michael,Wilson,2000-02-23,"6' 2""",213.0,14,Stanford,USA,"Simi Valley, CA",2021,4360761,NULL,NULL
4044144,NFL,22,ARI,Cardinals,TE,Kenny,Yeboah,1998-10-30,"6' 3""",250.0,48,Ole Miss,USA,"Allentown, PA",2020,4044144,NULL,NULL
3127287,NFL,22,ARI,Cardinals,S,Budda,Baker,1996-01-10,"5' 10""",195.0,3,Washington,USA,"Bellevue, WA",2017,3127287,NULL,NULL
3051775,NFL,22,ARI,Cardinals,DT,Andrew,Billings,1995-03-06,"6' 1""",340.0,95,Baylor,USA,"Waco, TX",2016,3051775,NULL,NULL
4240824,NFL,22,ARI,Cardinals,S,Joey,Blount,1998-11-16,"6' 1""",195.0,32,Virginia,USA,"Atlanta, GA",2020,4240824,NULL,NULL
4240826,NFL,22,ARI,Cardinals,LB,Elliott,Brown,1998-02-02,"6' 5""",245.0,41,Virginia,USA,"Odenton, MD",2024,4240826,NULL,NULL
4241987,NFL,22,ARI,Cardinals,LB,Baron,Browning,1999-02-19,"6' 3""",255.0,5,Ohio State,USA,"Fort Worth, TX",2019,4241987,NULL,NULL
4428996,NFL,22,ARI,Cardinals,LB,Jordan,Burch,2001-10-10,"6' 4""",280.0,52,Oregon,USA,"Columbia, SC",2023,4428996,NULL,NULL
4432668,NFL,22,ARI,Cardinals,CB,Denzel,Burke,2002-11-10,"5' 11""",190.0,29,Ohio State,USA,"Phoenix, AZ",2023,4432668,NULL,NULL
4240619,NFL,22,ARI,Cardinals,DT,Zachary,Carter,1999-04-07,"6' 4""",301.0,90,Florida,USA,"Tampa, FL",2021,4240619,NULL,NULL
4426923,NFL,22,ARI,Cardinals,CB,Kei'Trel,Clark,2001-03-19,"5' 10""",181.0,13,Louisville,USA,"Richmond, VA",2021,4426923,NULL,NULL
3116449,NFL,22,ARI,Cardinals,DE,L.J.,Collier,1995-09-12,"6' 2""",300.0,91,TCU,USA,"Munday, TX",2019,3116449,NULL,NULL
4244606,NFL,22,ARI,Cardinals,LB,Zaven,Collins,1999-05-19,"6' 4""",270.0,25,Tulsa,USA,"Hominy, OK",2019,4244606,NULL,NULL
4430821,NFL,22,ARI,Cardinals,S,Kitan,Crawford,2001-12-31,"5' 11""",202.0,36,Nevada,USA,"Tyler, TX",2023,4430821,NULL,NULL
4572261,NFL,22,ARI,Cardinals,CB,Elijah,Culp,NULL,"5' 11""",190.0,26,James Madison,USA,"Charlotte, NC",2025,4572261,NULL,NULL
4426435,NFL,22,ARI,Cardinals,CB,Jaden,Davis,2001-02-18,"5' 10""",182.0,39,Miami,USA,"Fort Lauderdale, FL",2024,4426435,NULL,NULL
4249739,NFL,22,ARI,Cardinals,LB,Jack,Gibbens,1998-11-24,"6' 4""",242.0,50,Minnesota,USA,"Bulverde, TX",2021,4249739,NULL,NULL
4685408,NFL,22,ARI,Cardinals,CB,Will,Johnson,2003-03-29,"6' 2""",200.0,2,Michigan,USA,"Detroit, MI",2023,4685408,NULL,NULL
4360203,NFL,22,ARI,Cardinals,CB,Elijah,Jones,2000-01-08,"6' 1""",185.0,28,Boston College,USA,"Harlem, NY",2022,4360203,NULL,NULL
4429185,NFL,22,ARI,Cardinals,LB,Austin,Keys,2002-04-03,"6' 2""",244.0,53,Auburn,USA,"Taylorsville, MS",2023,4429185,NULL,NULL
4431433,NFL,22,ARI,Cardinals,CB,Kalen,King,2003-01-28,"5' 11""",190.0,35,Penn State,USA,"Detroit, MI",2024,4431433,NULL,NULL
4361272,NFL,22,ARI,Cardinals,LB,Eku,Leota,1999-05-11,"6' 4""",257.0,54,Auburn,USA,"Asheville, NC",2023,4361272,NULL,NULL
4040805,NFL,22,ARI,Cardinals,DT,Roy,Lopez,1997-08-07,"6' 2""",312.0,51,Arizona,USA,"Tempe, AZ",2019,4040805,NULL,NULL
4698113,NFL,22,ARI,Cardinals,CB,Max,Melton,2002-04-15,"5' 11""",190.0,16,Rutgers,USA,"Mays Landing, NJ",2022,4698113,NULL,NULL
3932886,NFL,22,ARI,Cardinals,CB,Sean,Murphy-Bunting,1997-06-19,"6' 0""",195.0,23,Central Michigan,USA,"Macomb, MI",2019,3932886,NULL,NULL
4361421,NFL,22,ARI,Cardinals,DT,PJ,Mustipher,1999-11-10,"6' 4""",330.0,79,Penn State,USA,"Owings Mills, MD",2023,4361421,NULL,NULL
4685503,NFL,22,ARI,Cardinals,DT,Walter,Nolen III,2003-10-14,"6' 4""",300.0,97,Ole Miss,USA,"Powell, TN",2023,4685503,NULL,NULL
4429111,NFL,22,ARI,Cardinals,LB,BJ,Ojulari,2002-04-05,"6' 2""",248.0,9,LSU,USA,"Marietta, GA",2021,4429111,NULL,NULL
3915437,NFL,22,ARI,Cardinals,S,Isaiah,Oliver,1996-09-30,"6' 0""",210.0,34,Colorado,USA,"Goodyear, AZ",2018,3915437,NULL,NULL
4567219,NFL,22,ARI,Cardinals,LB,Owen,Pappoe,2000-09-29,"6' 0""",230.0,44,Auburn,USA,"Lawrenceville, GA",2021,4567219,NULL,NULL
5084514,NFL,22,ARI,Cardinals,DT,Kaleb,Proctor,NULL,"6' 3""",291.0,94,SE Louisiana,USA,"Oak Grove, LA",2025,5084514,NULL,NULL
4900789,NFL,22,ARI,Cardinals,LB,Cameron,Robertson,NULL,"6' 4""",260.0,49,SMU,USA,"Plano, TX",2025,4900789,NULL,NULL
4569480,NFL,22,ARI,Cardinals,DE,Darius,Robinson,2001-09-13,"6' 5""",290.0,56,Missouri,USA,"Southfield, MI",2022,4569480,NULL,NULL
4709695,NFL,22,ARI,Cardinals,LB,Karson,Sharar,NULL,"6' 2""",231.0,43,Iowa,USA,"Iowa Falls, IA",2025,4709695,NULL,NULL
4429071,NFL,22,ARI,Cardinals,LB,Cody,Simon,2002-04-01,"6' 2""",230.0,0,Ohio State,USA,"Jersey City, NJ",2023,4429071,NULL,NULL
4362225,NFL,22,ARI,Cardinals,DT,Dante,Stills,1999-12-14,"6' 4""",300.0,55,West Virginia,USA,"Fairmont, WV",2021,4362225,NULL,NULL
3693166,NFL,22,ARI,Cardinals,LB,Josh,Sweat,1997-03-29,"6' 5""",265.0,10,Florida State,USA,"Chesapeake, VA",2018,3693166,NULL,NULL
4428633,NFL,22,ARI,Cardinals,S,Dadrion,Taylor-Demerson,2001-01-20,"5' 10""",200.0,42,Texas Tech,USA,"Oklahoma City, OK",2022,4428633,NULL,NULL
4363408,NFL,22,ARI,Cardinals,CB,Starling,Thomas V,2000-01-25,"5' 10""",194.0,24,UAB,USA,"Birmingham, AL",2021,4363408,NULL,NULL
4685582,NFL,22,ARI,Cardinals,DT,Damonic,Williams,NULL,"6' 1""",305.0,96,Oklahoma,USA,"Torrance, CA",2025,4685582,NULL,NULL
4568506,NFL,22,ARI,Cardinals,CB,Garrett,Williams,2001-06-01,"5' 10""",192.0,21,Syracuse,USA,"Harrisburg, NC",2021,4568506,NULL,NULL
4032481,NFL,22,ARI,Cardinals,DE,Jonah,Williams,1995-08-17,"6' 5""",280.0,92,Weber State,USA,"Meridian, ID",2020,4032481,NULL,NULL
5099542,NFL,22,ARI,Cardinals,S,Wydett,Williams Jr.,NULL,"6' 2""",205.0,31,Arkansas,USA,"Lake Providence, LA",2025,5099542,NULL,NULL
4040983,NFL,22,ARI,Cardinals,LB,Mack,Wilson Sr.,1998-02-14,"6' 1""",240.0,1,Alabama,USA,"Montgomery, AL",2019,4040983,NULL,NULL
3918331,NFL,22,ARI,Cardinals,S,Andrew,Wingard,1996-12-05,"6' 0""",205.0,27,Wyoming,USA,"Arvada, CO",2019,3918331,NULL,NULL
4045180,NFL,22,ARI,Cardinals,P,Blake,Gillikin,1998-01-21,"6' 2""",196.0,12,Penn State,USA,"Smyrna, GA",2020,4045180,NULL,NULL
17304,NFL,22,ARI,Cardinals,LS,Casey,Kreiter,1990-08-13,"6' 1""",250.0,59,Iowa,USA,"Dewitt, IA",2016,17304,NULL,NULL
4363538,NFL,22,ARI,Cardinals,PK,Chad,Ryland,1999-10-15,"6' 0""",195.0,38,Maryland,USA,"Lebanon, PA",2021,4363538,NULL,NULL
4869816,NFL,1,ATL,Falcons,WR,Vinny,Anthony II,NULL,"6' 0""",190.0,86,Wisconsin,USA,"Louisville, KY",2025,4869816,NULL,NULL
4568510,NFL,1,ATL,Falcons,G,Matthew,Bergeron,2000-02-26,"6' 5""",315.0,65,Syracuse,Canada,"Victoriaville, PQ",2021,4568510,NULL,NULL
4369886,NFL,1,ATL,Falcons,WR,Chris,Blair,1997-10-06,"6' 2""",215.0,19,Alcorn State,USA,"Louisville, MS",2023,4369886,NULL,NULL
4870612,NFL,1,ATL,Falcons,WR,Zachariah,Branch,2004-03-29,"5' 10""",180.0,17,Georgia,USA,"Las Vegas, NV",2025,4870612,NULL,NULL
4567783,NFL,1,ATL,Falcons,C,James,Brockermeyer,NULL,"6' 3""",295.0,66,Miami,USA,"Fort Worth, TX",2025,4567783,NULL,NULL
4596010,NFL,1,ATL,Falcons,WR,Le'Meke,Brockington,NULL,"6' 0""",195.0,88,Minnesota,USA,"Moultrie, GA",2025,4596010,NULL,NULL
4605841,NFL,1,ATL,Falcons,RB,Nathan,Carter,2002-05-22,"5' 10""",202.0,38,Michigan State,USA,"Rochester, NY",2023,4605841,NULL,NULL
4685332,NFL,1,ATL,Falcons,G,Kam,Dewberry,NULL,"6' 4""",332.0,61,Alabama,USA,"Humble, TX",2025,4685332,NULL,NULL
4361409,NFL,1,ATL,Falcons,WR,Jahan,Dotson,2000-03-22,"5' 11""",184.0,4,Penn State,USA,"Nazareth, PA",2020,4361409,NULL,NULL
4363551,NFL,1,ATL,Falcons,WR,Dylan,Drummond,2000-01-17,"6' 0""",190.0,80,Eastern Michigan,USA,"Cleveland, OH",2023,4363551,NULL,NULL
4429676,NFL,1,ATL,Falcons,RB,Tyler,Goodson,2000-11-10,"5' 9""",197.0,25,Iowa,USA,"Suwanee, GA",2021,4429676,NULL,NULL
4682831,NFL,1,ATL,Falcons,G,Kyle,Hinton,1998-02-27,"6' 2""",315.0,68,Washburn,USA,"Peoria, AZ",2020,4682831,NULL,NULL
3043275,NFL,1,ATL,Falcons,TE,Austin,Hooper,1994-11-04,"6' 4""",254.0,81,Stanford,USA,"San Ramon, CA",2016,3043275,NULL,NULL
5209093,NFL,1,ATL,Falcons,OT,Michael,Jerrell,1999-08-18,"6' 5""",309.0,72,Findlay,USA,"Indianapolis, IN",2022,5209093,NULL,NULL
4881826,NFL,1,ATL,Falcons,RB,Cash,Jones,NULL,"5' 11""",195.0,32,Georgia,USA,"Brock, TX",2025,4881826,NULL,NULL
2973637,NFL,1,ATL,Falcons,G,Corey,Levin,1994-08-12,"6' 4""",307.0,62,Chattanooga,USA,"Dacula, GA",2017,2973637,NULL,NULL
3672833,NFL,1,ATL,Falcons,G,Chris,Lindstrom,1997-02-28,"6' 4""",310.0,63,Boston College,USA,"Dudley, MA",2019,3672833,NULL,NULL
4426502,NFL,1,ATL,Falcons,WR,Drake,London,2001-07-24,"6' 4""",215.0,5,USC,USA,"Moorpark, CA",2020,4426502,NULL,NULL
4431448,NFL,1,ATL,Falcons,OT,Riley,Mahlman,NULL,"6' 8""",320.0,76,Wisconsin,USA,"Lakeville, MN",2025,4431448,NULL,NULL
4604004,NFL,1,ATL,Falcons,WR,Keelan,Marion,NULL,"6' 0""",195.0,85,Miami,USA,"Atlanta, GA",2025,4604004,NULL,NULL
16713,NFL,1,ATL,Falcons,OT,Jake,Matthews,1992-02-11,"6' 5""",310.0,70,Texas A&M,USA,"Missouri City, TX",2014,16713,NULL,NULL
4570577,NFL,1,ATL,Falcons,OT,Wanya,Morris,2000-10-10,"6' 6""",307.0,79,Oklahoma,USA,"Grayson, GA",2021,4570577,NULL,NULL
4693369,NFL,1,ATL,Falcons,OT,Jack,Nelson,2002-01-15,"6' 7""",314.0,69,Wisconsin,USA,"Stoughton, WI",2023,4693369,NULL,NULL
4036444,NFL,1,ATL,Falcons,C,Ryan,Neuzil,1997-07-31,"6' 3""",305.0,64,App State,USA,"Bradenton, FL",2020,4036444,NULL,NULL
4683194,NFL,1,ATL,Falcons,OT,Ethan,Onianwa,NULL,"6' 7""",331.0,75,Ohio State,USA,"Katy, TX",2025,4683194,NULL,NULL
4360423,NFL,1,ATL,Falcons,QB,Michael,Penix Jr.,2000-05-08,"6' 3""",220.0,9,Washington,USA,"Tampa, FL",2022,4360423,NULL,NULL
4360248,NFL,1,ATL,Falcons,TE,Kyle,Pitts Sr.,2000-10-06,"6' 6""",250.0,8,Florida,USA,"Philadelphia, PA",2020,4360248,NULL,NULL
4430807,NFL,1,ATL,Falcons,RB,Bijan,Robinson,2002-01-30,"5' 11""",215.0,7,Texas,USA,"Tucson, AZ",2021,4430807,NULL,NULL
4428368,NFL,1,ATL,Falcons,G,Layden,Robinson,2001-05-03,"6' 3""",311.0,73,Texas A&M,USA,"Manvel, TX",2022,4428368,NULL,NULL
4241474,NFL,1,ATL,Falcons,RB,Brian,Robinson Jr.,1999-03-22,"6' 1""",225.0,15,Alabama,USA,"Tuscaloosa, AL",2020,4241474,NULL,NULL
2511109,NFL,1,ATL,Falcons,QB,Trevor,Siemian,1991-12-26,"6' 3""",220.0,13,Northwestern,USA,"Windermere, FL",2015,2511109,NULL,NULL
4430482,NFL,1,ATL,Falcons,TE,Joshua,Simon,2000-11-27,"6' 4""",240.0,47,South Carolina,USA,"Dalzell, SC",2024,4430482,NULL,NULL
5344782,NFL,1,ATL,Falcons,QB,Jack,Strand,NULL,"6' 5""",240.0,18,Minnesota State Moorhead,USA,"Bloomer, WI",2025,5344782,NULL,NULL
4258207,NFL,1,ATL,Falcons,G,Andrew,Stueber,1999-07-01,"6' 7""",320.0,74,Michigan,USA,"Darien, CT",2023,4258207,NULL,NULL
4241479,NFL,1,ATL,Falcons,QB,Tua,Tagovailoa,1998-03-02,"6' 1""",225.0,1,Alabama,USA,"Ewa Beach, HI",2020,4241479,NULL,NULL
4034961,NFL,1,ATL,Falcons,OT,Jawaan,Taylor,1997-11-25,"6' 5""",312.0,71,Florida,USA,"Cocoa, FL",2019,4034961,NULL,NULL
4832827,NFL,1,ATL,Falcons,TE,Jack,Velling,NULL,"6' 5""",245.0,84,Michigan State,USA,"Seattle, WA",2025,4832827,NULL,NULL
4040778,NFL,1,ATL,Falcons,OT,Brandon,Walton,1998-03-18,"6' 5""",300.0,67,Florida Atlantic,USA,"Largo, FL",2020,4040778,NULL,NULL
4696062,NFL,1,ATL,Falcons,WR,Juice,Wells Jr.,2001-04-02,"6' 1""",207.0,NULL,Ole Miss,USA,"Richmond, VA",2025,4696062,NULL,NULL
4035020,NFL,1,ATL,Falcons,TE,Charlie,Woerner,1997-10-16,"6' 5""",250.0,89,Georgia,USA,"Tiger, GA",2020,4035020,NULL,NULL
3917914,NFL,1,ATL,Falcons,WR,Olamide,Zaccheaus,1997-07-23,"5' 8""",194.0,14,Virginia,USA,"Plainfield, NJ",2019,3917914,NULL,NULL
4696117,NFL,1,ATL,Falcons,DT,Carlos,Allen Jr.,NULL,"6' 1""",295.0,79,Houston,USA,"Atlanta, GA",2025,4696117,NULL,NULL
4247807,NFL,1,ATL,Falcons,LB,Troy,Andersen,1999-04-23,"6' 4""",245.0,44,Montana State,USA,"Dillon, MT",2020,4247807,NULL,NULL
4361508,NFL,1,ATL,Falcons,DE,Keshawn,Banks,1999-12-21,"6' 3""",251.0,NULL,San Diego State,USA,"Rio Rancho, NM",2023,4361508,NULL,NULL
3919512,NFL,1,ATL,Falcons,S,Jessie,Bates III,1997-02-26,"6' 1""",210.0,3,Wake Forest,USA,"Fort Wayne, IN",2018,3919512,NULL,NULL
4428872,NFL,1,ATL,Falcons,LB,JD,Bertrand,2000-05-05,"6' 1""",230.0,40,Notre Dame,USA,"Alpharetta, GA",2022,4428872,NULL,NULL
4038557,NFL,1,ATL,Falcons,DT,Ross,Blacklock,1998-07-09,"6' 4""",305.0,95,TCU,USA,"Missouri City, TX",2020,4038557,NULL,NULL
4431194,NFL,1,ATL,Falcons,CB,Billy,Bowman Jr.,2003-01-29,"5' 10""",194.0,33,Oklahoma,USA,"Denton, TX",2023,4431194,NULL,NULL
4689989,NFL,1,ATL,Falcons,CB,Natrone,Brooks,1999-12-17,"5' 11""",175.0,35,Southern Miss,USA,"Starkville, MS",2022,4689989,NULL,NULL
4360386,NFL,1,ATL,Falcons,S,Sydney,Brown,2000-03-21,"5' 10""",211.0,29,Illinois,Canada,"London, ON",2021,4360386,NULL,NULL
4429324,NFL,1,ATL,Falcons,CB,Cobee,Bryant,2001-09-17,"6' 0""",180.0,37,Kansas,USA,"Evergreen, AL",2023,4429324,NULL,NULL
4595343,NFL,1,ATL,Falcons,LB,Kendal,Daniels,NULL,"6' 5""",242.0,53,Oklahoma,USA,"Beggs, OK",2025,4595343,NULL,NULL
4037626,NFL,1,ATL,Falcons,LB,Divine,Deablo,1998-08-17,"6' 3""",223.0,0,Virginia Tech,USA,"Winston-Salem, NC",2019,4037626,NULL,NULL
5225251,NFL,1,ATL,Falcons,CB,Malcolm,DeWalt IV,NULL,"6' 2""",190.0,36,Akron,USA,"Bremerton, WA",2025,5225251,NULL,NULL
4427090,NFL,1,ATL,Falcons,DT,Brandon,Dorlus,2001-03-22,"6' 3""",295.0,54,Oregon,USA,"Fort Lauderdale, FL",2022,4427090,NULL,NULL
3045527,NFL,1,ATL,Falcons,DE,Samson,Ebukam,1995-05-09,"6' 3""",245.0,52,Eastern Washington,USA,"Portland, OR",2017,3045527,NULL,NULL
3050916,NFL,1,ATL,Falcons,CB,Mike,Ford Jr.,1995-08-04,"6' 0""",199.0,28,Southeast Missouri State,USA,"Alton, IL",2018,3050916,NULL,NULL
4261606,NFL,1,ATL,Falcons,CB,Darren,Hall,2000-05-02,"6' 0""",190.0,41,San Diego State,USA,"Pasadena, CA",2020,4261606,NULL,NULL
3126352,NFL,1,ATL,Falcons,DT,Da'Shawn,Hand,1995-11-14,"6' 3""",302.0,90,Alabama,USA,"Woodbridge, VA",2018,3126352,NULL,NULL
4567099,NFL,1,ATL,Falcons,LB,Christian,Harris,2001-01-16,"6' 2""",232.0,45,Alabama,USA,"Baton Rouge, LA",2020,4567099,NULL,NULL
4426412,NFL,1,ATL,Falcons,DE,Zach,Harrison,2001-08-14,"6' 5""",270.0,96,Ohio State,USA,"Lewis Center, OH",2021,4426412,NULL,NULL
4567111,NFL,1,ATL,Falcons,S,DeMarcco,Hellams,2000-06-05,"6' 1""",203.0,23,Alabama,USA,"Washington, DC",2021,4567111,NULL,NULL
4240596,NFL,1,ATL,Falcons,CB,C.J.,Henderson,1998-09-30,"6' 1""",205.0,39,Florida,USA,"Miami, FL",2020,4240596,NULL,NULL
4242973,NFL,1,ATL,Falcons,CB,Darnay,Holmes,1998-06-23,"5' 9""",198.0,30,UCLA,USA,"Pasadena, CA",2020,4242973,NULL,NULL
3895841,NFL,1,ATL,Falcons,CB,Mike,Hughes,1997-02-11,"5' 10""",190.0,21,UCF,USA,"New Bern, NC",2018,3895841,NULL,NULL
4376288,NFL,1,ATL,Falcons,DE,LaCale,London,1997-08-05,"6' 3""",297.0,94,Western Illinois,USA,"Peoria, IL",2020,4376288,NULL,NULL
4243457,NFL,1,ATL,Falcons,LB,DeAngelo,Malone,1999-07-12,"6' 3""",235.0,50,Western Kentucky,USA,"Atlanta, GA",2020,4243457,NULL,NULL
4247287,NFL,1,ATL,Falcons,DT,Devonnsha,Maxwell,1999-05-05,"6' 2""",297.0,NULL,Chattanooga,USA,"Valdosta, GA",2022,4247287,NULL,NULL
4379409,NFL,1,ATL,Falcons,LB,Azeez,Ojulari,2000-06-16,"6' 3""",240.0,51,Georgia,USA,"Marietta, GA",2019,4379409,NULL,NULL
5081394,NFL,1,ATL,Falcons,LB,James,Pearce Jr.,2003-10-12,"6' 5""",243.0,27,Tennessee,USA,"Charlotte, NC",2023,5081394,NULL,NULL
4685502,NFL,1,ATL,Falcons,LB,Harold,Perkins Jr.,NULL,"6' 0""",223.0,56,LSU,USA,"New Orleans, LA",2025,4685502,NULL,NULL
4429067,NFL,1,ATL,Falcons,CB,Clark,Phillips III,2001-12-19,"5' 9""",185.0,22,Utah,USA,"Lakewood, CA",2021,4429067,NULL,NULL
4430670,NFL,1,ATL,Falcons,LB,Daveren,Rayner,NULL,"6' 2""",217.0,42,Kentucky,USA,"Indianapolis, IN",2025,4430670,NULL,NULL
4430411,NFL,1,ATL,Falcons,S,Jammie,Robinson,2001-01-24,"5' 11""",195.0,34,Florida State,USA,"Cordele, GA",2021,4430411,NULL,NULL
4431567,NFL,1,ATL,Falcons,DT,Maason,Smith,2002-10-13,"6' 5""",306.0,92,LSU,USA,"Houma, LA",2022,4431567,NULL,NULL
4870988,NFL,1,ATL,Falcons,CB,Avieon,Terrell,2005-01-11,"5' 11""",180.0,12,Clemson,USA,"Atlanta, GA",2025,4870988,NULL,NULL
4239995,NFL,1,ATL,Falcons,CB,A.J.,Terrell Jr.,1998-09-23,"6' 1""",200.0,24,Clemson,USA,"Atlanta, GA",2020,4239995,NULL,NULL
4361510,NFL,1,ATL,Falcons,DE,Cameron,Thomas,2000-01-07,"6' 4""",265.0,99,San Diego State,USA,"Carlsbad, CA",2020,4361510,NULL,NULL
5150660,NFL,1,ATL,Falcons,DT,Anterio,Thompson,NULL,"6' 4""",310.0,98,Washington,USA,"Dubuque, IA",2025,5150660,NULL,NULL
4379414,NFL,1,ATL,Falcons,LB,Channing,Tindall,2000-03-28,"6' 2""",236.0,55,Georgia,USA,"Columbia, SC",2020,4379414,NULL,NULL
4428713,NFL,1,ATL,Falcons,LB,Bralen,Trice,2001-02-26,"6' 4""",274.0,48,Washington,USA,"Phoenix, AZ",2022,4428713,NULL,NULL
4684636,NFL,1,ATL,Falcons,LB,Malik,Verdon,2002-10-31,"6' 4""",218.0,43,Iowa State,USA,"Cincinnati, OH",2024,4684636,NULL,NULL
4685597,NFL,1,ATL,Falcons,LB,Jalon,Walker,2004-02-24,"6' 2""",245.0,11,Georgia,USA,"Salisbury, NC",2023,4685597,NULL,NULL
4431005,NFL,1,ATL,Falcons,S,Xavier,Watts,2001-11-22,"6' 0""",203.0,31,Notre Dame,USA,"Omaha, NE",2023,4431005,NULL,NULL
4034530,NFL,1,ATL,Falcons,DT,Chris,Williams,1998-06-16,"6' 2""",298.0,91,Wagner,USA,"Brooklyn, NY",2020,4034530,NULL,NULL
4428932,NFL,1,ATL,Falcons,CB,A.J.,Woods,2001-03-28,"5' 11""",195.0,20,Pittsburgh,USA,"Germantown, MD",2024,4428932,NULL,NULL
3931395,NFL,1,ATL,Falcons,P,Jake,Bailey,1997-06-18,"6' 2""",212.0,16,Stanford,USA,"Solana Beach, CA",2019,3931395,NULL,NULL
4890180,NFL,1,ATL,Falcons,LS,Philip,Florenzo,NULL,"6' 2""",240.0,46,Clemson,USA,"Towson, MD",2025,4890180,NULL,NULL
10621,NFL,1,ATL,Falcons,PK,Nick,Folk,1984-11-05,"6' 1""",225.0,6,Arizona,USA,"Sherman Oaks, CA",2007,10621,NULL,NULL
4571597,NFL,1,ATL,Falcons,P,Matthew,Hayball,1997-03-12,"6' 0""",189.0,NULL,Vanderbilt,Australia,"Adelaide, SA",2022,4571597,NULL,NULL
3915528,NFL,1,ATL,Falcons,LS,Liam,McCullough,1997-06-05,"6' 2""",245.0,49,Ohio State,USA,"Columbus, OH",2020,3915528,NULL,NULL
2973014,NFL,1,ATL,Falcons,OT,Storm,Norton,1994-05-16,"6' 7""",310.0,77,Toledo,USA,"Toledo, OH",2017,2973014,NULL,NULL
4690013,NFL,33,BAL,Ravens,RB,Rasheen,Ali,2001-02-16,"5' 11""",210.0,26,Marshall,USA,"Cleveland, OH",2022,4690013,NULL,NULL
3116365,NFL,33,BAL,Ravens,TE,Mark,Andrews,1995-09-06,"6' 5""",250.0,89,Oklahoma,USA,"Scottsdale, AZ",2018,3116365,NULL,NULL
4360939,NFL,33,BAL,Ravens,WR,Rashod,Bateman,1999-11-29,"6' 1""",193.0,7,Minnesota,USA,"Tifton, GA",2019,4360939,NULL,NULL
4572675,NFL,33,BAL,Ravens,G,Evan,Beerntsen,NULL,"6' 3""",301.0,60,Northwestern,USA,"De Pere, WI",2025,4572675,NULL,NULL
5081997,NFL,33,BAL,Ravens,WR,Cortez,Braham Jr.,NULL,"6' 2""",203.0,82,Memphis,USA,"Baltimore, MD",2025,5081997,NULL,NULL
4576075,NFL,33,BAL,Ravens,C,Corey,Bullock,2001-12-09,"6' 3""",320.0,67,Maryland,USA,"Accokeek, MD",2023,4576075,NULL,NULL
4876132,NFL,33,BAL,Ravens,TE,Josh,Cuevas,NULL,"6' 3""",245.0,85,Alabama,USA,"Los Angeles, CA",2025,4876132,NULL,NULL
4431060,NFL,33,BAL,Ravens,C,Nick,Dawkins,NULL,"6' 4""",305.0,53,Penn State,USA,"Allentown, PA",2025,4431060,NULL,NULL
4429582,NFL,33,BAL,Ravens,QB,Joe,Fagnano,NULL,"6' 3""",226.0,12,UConn,USA,"Williamsport, PA",2025,4429582,NULL,NULL
4429615,NFL,33,BAL,Ravens,WR,Zay,Flowers,2000-09-11,"5' 9""",183.0,4,Boston College,USA,"Fort Lauderdale, FL",2021,4429615,NULL,NULL
4695910,NFL,33,BAL,Ravens,WR,Xavier,Guillory,2001-07-13,"6' 2""",203.0,16,Arizona State,USA,"Spokane, WA",2024,4695910,NULL,NULL
4362845,NFL,33,BAL,Ravens,G,Jovaughn,Gwyn,1999-03-18,"6' 2""",301.0,54,South Carolina,USA,"Charlotte, NC",2021,4362845,NULL,NULL
3043078,NFL,33,BAL,Ravens,RB,Derrick,Henry,1994-01-04,"6' 2""",252.0,22,Alabama,USA,"Yulee, FL",2016,3043078,NULL,NULL
4432260,NFL,33,BAL,Ravens,TE,Matthew,Hibner,NULL,"6' 4""",251.0,88,SMU,USA,"Burke, VA",2025,4432260,NULL,NULL
4038441,NFL,33,BAL,Ravens,RB,Justice,Hill,1997-11-14,"5' 10""",205.0,43,Oklahoma State,USA,"Tulsa, OK",2019,4038441,NULL,NULL
4035671,NFL,33,BAL,Ravens,QB,Tyler,Huntley,1998-02-03,"6' 1""",204.0,5,Utah,USA,"Dania, FL",2020,4035671,NULL,NULL
4832793,NFL,33,BAL,Ravens,G,Olaivavega,Ioane,2004-04-17,"6' 4""",320.0,71,Penn State,USA,"Graham, WA",2025,4832793,NULL,NULL
3916387,NFL,33,BAL,Ravens,QB,Lamar,Jackson,1997-01-07,"6' 2""",205.0,8,Louisville,USA,"Pompano Beach, FL",2018,3916387,NULL,NULL
4426479,NFL,33,BAL,Ravens,WR,Cornelius,Johnson,2000-11-29,"6' 3""",208.0,86,Michigan,USA,"Greenwich, CT",2024,4426479,NULL,NULL
4685736,NFL,33,BAL,Ravens,OT,Emery,Jones Jr.,2004-03-05,"6' 5""",320.0,51,LSU,USA,"Baton Rouge, LA",2023,4685736,NULL,NULL
4870847,NFL,33,BAL,Ravens,WR,Ja'Kobi,Lane,2004-08-05,"6' 4""",200.0,6,USC,USA,"Mesa, AZ",2025,4870847,NULL,NULL
4686768,NFL,33,BAL,Ravens,OT,Gerad,Lichtenhan,2001-12-03,"6' 8""",330.0,78,Oregon State,USA,"Davis, CA",2024,4686768,NULL,NULL
4427971,NFL,33,BAL,Ravens,RB,Dontae,McMillan,NULL,"5' 10""",203.0,36,Eastern Michigan,USA,"Seattle, WA",2025,4427971,NULL,NULL
5084180,NFL,33,BAL,Ravens,QB,Diego,Pavia,2002-02-16,"5' 10""",203.0,17,Vanderbilt,USA,"Albuquerque, NM",2025,5084180,NULL,NULL
4428225,NFL,33,BAL,Ravens,G,Jared,Penning,2000-09-17,"6' 5""",319.0,68,Northern Iowa,USA,"Clear Lake, IA",2024,4428225,NULL,NULL
5084402,NFL,33,BAL,Ravens,TE,Ty,Pezza,NULL,"6' 3""",234.0,84,Brown,USA,"North Kingstown, RI",2025,5084402,NULL,NULL
3915470,NFL,33,BAL,Ravens,C,Danny,Pinter,1996-06-19,"6' 4""",306.0,63,Ball State,USA,"South Bend, IN",2020,3915470,NULL,NULL
4602984,NFL,33,BAL,Ravens,OT,Diego,Pounds,NULL,"6' 6""",330.0,61,Ole Miss,USA,"Raleigh, NC",2025,4602984,NULL,NULL
4685526,NFL,33,BAL,Ravens,RB,Adam,Randall,NULL,"6' 3""",232.0,23,Clemson,USA,"Myrtle Beach, SC",2025,4685526,NULL,NULL
4430876,NFL,33,BAL,Ravens,OT,Roger,Rosengarten,2002-06-03,"6' 5""",316.0,70,Washington,USA,"Highlands Ranch, CO",2022,4430876,NULL,NULL
5088338,NFL,33,BAL,Ravens,WR,Elijah,Sarratt,NULL,"6' 2""",210.0,13,Indiana,USA,"Stafford, VA",2025,5088338,NULL,NULL
4879972,NFL,33,BAL,Ravens,FB,Lucas,Scott,2003-08-25,"6' 3""",290.0,47,Army,USA,"Binghamton, NY",2024,4879972,NULL,NULL
4035479,NFL,33,BAL,Ravens,G,John,Simpson,1997-08-19,"6' 4""",330.0,74,Clemson,USA,"North Charleston, SC",2020,4035479,NULL,NULL
4869520,NFL,33,BAL,Ravens,WR,Octavian,Smith Jr.,NULL,"5' 11""",184.0,87,Maryland,USA,"Burtonsville, MD",2025,4869520,NULL,NULL
3052897,NFL,33,BAL,Ravens,TE,Durham,Smythe,1995-08-09,"6' 4""",248.0,80,Notre Dame,USA,"Belton, TX",2018,3052897,NULL,NULL
2980153,NFL,33,BAL,Ravens,OT,Ronnie,Stanley,1994-03-18,"6' 6""",310.0,79,Notre Dame,USA,"Las Vegas, NV",2016,2980153,NULL,NULL
4876311,NFL,33,BAL,Ravens,RB,Elijah,Tau-Tolliver,NULL,"6' 0""",204.0,34,Michigan State,USA,"Sparks, NV",2025,4876311,NULL,NULL
4036419,NFL,33,BAL,Ravens,QB,Skylar,Thompson,1997-06-04,"6' 2""",219.0,11,Kansas State,USA,"Independence, MO",2020,4036419,NULL,NULL
4769895,NFL,33,BAL,Ravens,OT,Carson,Vinson,2001-11-13,"6' 7""",320.0,76,Alabama A&M,USA,"Morrisville, NC",2023,4769895,NULL,NULL
4243220,NFL,33,BAL,Ravens,G,Andrew,Vorhees,1999-01-21,"6' 6""",320.0,72,USC,USA,"Kingsburg, CA",2022,4243220,NULL,NULL
4428763,NFL,33,BAL,Ravens,WR,Dayton,Wade,2000-09-08,"5' 9""",184.0,18,Ole Miss,USA,"Atlanta, GA",2023,4428763,NULL,NULL
4696882,NFL,33,BAL,Ravens,WR,Devontez,Walker,2001-06-19,"6' 1""",198.0,81,North Carolina,USA,"Charlotte, NC",2022,4696882,NULL,NULL
4690143,NFL,33,BAL,Ravens,WR,LaJohntay,Wester,2002-03-29,"5' 9""",170.0,10,Colorado,USA,"Palmetto, FL",2023,4690143,NULL,NULL
3052101,NFL,33,BAL,Ravens,CB,Chidobe,Awuzie,1995-05-24,"5' 11""",202.0,3,Colorado,USA,"San Jose, CA",2017,3052101,NULL,NULL
4432661,NFL,33,BAL,Ravens,DT,Rayshaun,Benny,NULL,"6' 3""",298.0,99,Michigan,USA,"Detroit, MI",2025,4432661,NULL,NULL
4698244,NFL,33,BAL,Ravens,LB,Teddye,Buchanan,2002-10-03,"6' 2""",240.0,40,California,USA,"San Francisco, CA",2023,4698244,NULL,NULL
4908867,NFL,33,BAL,Ravens,LB,Ethan,Burke,NULL,"6' 6""",267.0,45,Texas,USA,"Austin, TX",2025,4908867,NULL,NULL
11284,NFL,33,BAL,Ravens,DE,Calais,Campbell,1986-09-01,"6' 8""",307.0,93,Miami,USA,"Aurora, CO",2008,11284,NULL,NULL
4875379,NFL,33,BAL,Ravens,LB,Dominic,DeLuca,NULL,"6' 1""",228.0,42,Penn State,USA,"West Pittston, PA",2025,4875379,NULL,NULL
4685355,NFL,33,BAL,Ravens,DT,Aaron,Graves,NULL,"6' 5""",292.0,59,Iowa,USA,"Dayton, IA",2025,4685355,NULL,NULL
4683188,NFL,33,BAL,Ravens,LB,Mike,Green,2003-07-28,"6' 3""",250.0,15,Marshall,USA,"Williamsburg, VA",2023,4683188,NULL,NULL
4575517,NFL,33,BAL,Ravens,S,Kyle,Hamilton,2001-03-16,"6' 4""",218.0,14,Notre Dame,USA,"Atlanta, GA",2020,4575517,NULL,NULL
3858276,NFL,33,BAL,Ravens,S,Jaylinn,Hawkins,1997-08-25,"6' 1""",208.0,21,California,USA,"Buena Park, CA",2020,3858276,NULL,NULL
3052743,NFL,33,BAL,Ravens,LB,Trey,Hendrickson,1994-12-05,"6' 4""",270.0,91,Florida Atlantic,USA,"Apopka, FL",2017,3052743,NULL,NULL
4565350,NFL,33,BAL,Ravens,LB,Jay,Higgins IV,2002-02-14,"6' 0""",230.0,49,Iowa,USA,"Indianapolis, IN",2023,4565350,NULL,NULL
3126356,NFL,33,BAL,Ravens,CB,Marlon,Humphrey,1996-07-08,"6' 0""",210.0,44,Alabama,USA,"Hoover, AL",2017,3126356,NULL,NULL
4426372,NFL,33,BAL,Ravens,LB,Adisa,Isaac,2001-10-04,"6' 4""",253.0,50,Penn State,USA,"Brooklyn, NY",2022,4426372,NULL,NULL
4878287,NFL,33,BAL,Ravens,S,Keondre,Jackson,2003-05-02,"6' 2""",215.0,39,Illinois State,USA,"Freeport, IL",2023,4878287,NULL,NULL
15846,NFL,33,BAL,Ravens,DT,John,Jenkins,1989-07-11,"6' 3""",360.0,94,Georgia,USA,"Meriden, CT",2013,15846,NULL,NULL
4569428,NFL,33,BAL,Ravens,LB,Carl,Jones,2001-08-08,"6' 2""",230.0,48,UCLA,USA,"Bakersfield, CA",2023,4569428,NULL,NULL
4362139,NFL,33,BAL,Ravens,DT,Travis,Jones,1999-10-15,"6' 4""",341.0,98,UConn,USA,"New Haven, CT",2020,4362139,NULL,NULL
5083656,NFL,33,BAL,Ravens,CB,Bilhal,Kone,2002-03-03,"6' 1""",190.0,31,Western Michigan,USA,"Apple Valley, MN",2023,5083656,NULL,NULL
4575860,NFL,33,BAL,Ravens,CB,Robert,Longerbeam,2001-01-18,"5' 11""",174.0,37,Rutgers,USA,"Alexandria, VA",2023,4575860,NULL,NULL
4035245,NFL,33,BAL,Ravens,DT,Nnamdi,Madubuike,1997-11-17,"6' 3""",305.0,92,Texas A&M,USA,"McKinney, TX",2020,4035245,NULL,NULL
4694334,NFL,33,BAL,Ravens,CB,Keyon,Martin,2001-05-16,"5' 9""",170.0,38,Louisiana,USA,"Fort Lauderdale, FL",2023,4694334,NULL,NULL
4685443,NFL,33,BAL,Ravens,CB,Matthew,McDoom,NULL,"5' 9""",175.0,35,Cincinnati,USA,"Winter Garden, FL",2025,4685443,NULL,NULL
5144942,NFL,33,BAL,Ravens,DT,CJ,Okoye,2001-10-20,"6' 6""",370.0,97,NULL,Nigeria,Nkwere,2023,5144942,NULL,NULL
5211114,NFL,33,BAL,Ravens,DT,David,Olajiga,1997-11-03,"6' 3""",315.0,65,Central Missouri,England,London,2024,5211114,NULL,NULL
3116175,NFL,33,BAL,Ravens,CB,Amani,Oruwariye,1996-02-09,"6' 2""",205.0,25,Penn State,USA,"Tampa, FL",2019,3116175,NULL,NULL
4565311,NFL,33,BAL,Ravens,DT,Aeneas,Peebles,2001-09-03,"6' 0""",289.0,90,Virginia Tech,USA,"Raleigh, NC",2023,4565311,NULL,NULL
4702918,NFL,33,BAL,Ravens,CB,Chandler,Rivers,NULL,"5' 9""",185.0,29,Duke,USA,"Beaumont, TX",2025,4702918,NULL,NULL
4433887,NFL,33,BAL,Ravens,S,Jahquez,Robinson,NULL,"6' 2""",201.0,41,Auburn,USA,"Jacksonville, FL",2025,4433887,NULL,NULL
5082541,NFL,33,BAL,Ravens,CB,Marquise,Robinson,2002-07-16,"6' 0""",192.0,28,Arkansas,USA,"Crosby, MS",2024,5082541,NULL,NULL
4690179,NFL,33,BAL,Ravens,LB,Tavius,Robinson,1999-01-03,"6' 6""",262.0,95,Ole Miss,Canada,"Guelph, ON",2021,4690179,NULL,NULL
4433904,NFL,33,BAL,Ravens,LB,Kaimon,Rucker,2002-02-28,"6' 2""",265.0,56,North Carolina,USA,"Hartwell, GA",2024,4433904,NULL,NULL
4430831,NFL,33,BAL,Ravens,LB,Trenton,Simpson,2001-06-14,"6' 2""",235.0,32,Clemson,USA,"Charlotte, NC",2021,4430831,NULL,NULL
3915189,NFL,33,BAL,Ravens,LB,Roquan,Smith,1997-04-08,"6' 1""",235.0,0,Georgia,USA,"Montezuma, GA",2018,3915189,NULL,NULL
4685530,NFL,33,BAL,Ravens,S,Malaki,Starks,2003-11-13,"6' 1""",203.0,24,Georgia,USA,"Jefferson, GA",2023,4685530,NULL,NULL
4575483,NFL,33,BAL,Ravens,CB,T.J.,Tampa,2002-03-13,"6' 1""",199.0,27,Iowa State,USA,"St. Petersburg, FL",2022,4575483,NULL,NULL
4035463,NFL,33,BAL,Ravens,CB,K'Von,Wallace,1997-07-25,"5' 11""",205.0,26,Clemson,USA,"Richmond, VA",2020,4035463,NULL,NULL
4880219,NFL,33,BAL,Ravens,S,Silas,Walters,NULL,"5' 11""",199.0,36,Miami (OH),USA,"West Chester, OH",2025,4880219,NULL,NULL
3915837,NFL,33,BAL,Ravens,DT,Broderick,Washington Jr.,1996-12-04,"6' 2""",315.0,96,Texas Tech,USA,"Longview, TX",2020,3915837,NULL,NULL
5151144,NFL,33,BAL,Ravens,CB,Lardarius,Webb Jr.,NULL,"5' 9""",177.0,34,Wake Forest,USA,"Opelika, AL",2025,5151144,NULL,NULL
4601278,NFL,33,BAL,Ravens,CB,Nate,Wiggins,2003-08-28,"6' 1""",182.0,2,Clemson,USA,"Atlanta, GA",2022,4601278,NULL,NULL
4880362,NFL,33,BAL,Ravens,LB,Reid,Williford,NULL,"6' 1""",235.0,57,Charlotte,USA,"Franklin, TN",2025,4880362,NULL,NULL
4697761,NFL,33,BAL,Ravens,DT,Dion,Wilson Jr.,NULL,"6' 4""",302.0,58,Syracuse,USA,"Perris, CA",2025,4697761,NULL,NULL
4839501,NFL,33,BAL,Ravens,LB,Zion,Young,2004-03-18,"6' 5""",262.0,9,Missouri,USA,"Atlanta, GA",2025,4839501,NULL,NULL
5084956,NFL,33,BAL,Ravens,P,Ryan,Eckley,NULL,"6' 0""",200.0,30,Michigan State,USA,"Lithia, FL",2025,5084956,NULL,NULL
4427146,NFL,33,BAL,Ravens,P,Luke,Elzinga,NULL,"6' 4""",223.0,31,Oklahoma,USA,"Grand Rapids, MI",2024,4427146,NULL,NULL
4697745,NFL,33,BAL,Ravens,PK,Tyler,Loop,2001-08-04,"5' 11""",191.0,33,Arizona,USA,"Lucas, TX",2023,4697745,NULL,NULL
3915184,NFL,33,BAL,Ravens,LS,Nick,Moore,1992-12-09,"6' 2""",260.0,46,Georgia,USA,"Snellville, GA",2020,3915184,NULL,NULL
4431152,NFL,2,BUF,Bills,FB,Jackson,Acker,NULL,"6' 1""",247.0,40,Wisconsin,USA,"Madison, WI",2025,4431152,NULL,NULL
3918298,NFL,2,BUF,Bills,QB,Josh,Allen,1996-05-21,"6' 5""",237.0,17,Wyoming,USA,"Firebaugh, CA",2018,3918298,NULL,NULL
3115293,NFL,2,BUF,Bills,QB,Kyle,Allen,1996-03-08,"6' 3""",210.0,11,Houston,USA,"Scottsdale, AZ",2018,3115293,NULL,NULL
4367203,NFL,2,BUF,Bills,OT,Alec,Anderson,1999-10-03,"6' 5""",305.0,70,UCLA,USA,"Fontana, CA",2021,4367203,NULL,NULL
4683153,NFL,2,BUF,Bills,WR,Skyler,Bell,NULL,"5' 11""",192.0,13,UConn,USA,"Bronx, NY",2025,4683153,NULL,NULL
4869533,NFL,2,BUF,Bills,OT,Jude,Bowry,NULL,"6' 5""",314.0,74,Boston College,USA,"Germantown, MD",2025,4869533,NULL,NULL
4426498,NFL,2,BUF,Bills,G,Nick,Broeker,2000-10-07,"6' 4""",305.0,65,Ole Miss,USA,"Springfield, IL",2022,4426498,NULL,NULL
4030899,NFL,2,BUF,Bills,OT,Spencer,Brown,1998-02-28,"6' 8""",311.0,79,Northern Iowa,USA,"Lenox, IA",2019,4030899,NULL,NULL
4039034,NFL,2,BUF,Bills,QB,Shane,Buechele,1998-01-08,"6' 0""",210.0,6,SMU,USA,"Arlington, TX",2021,4039034,NULL,NULL
5209587,NFL,2,BUF,Bills,OT,Travis,Clayton,2001-02-17,"6' 7""",303.0,67,NULL,England,Basingstoke,2023,5209587,NULL,NULL
4635008,NFL,2,BUF,Bills,WR,Keon,Coleman,2003-05-17,"6' 3""",213.0,0,Florida State,USA,"Opelousas, LA",2022,4635008,NULL,NULL
4379399,NFL,2,BUF,Bills,RB,James,Cook III,1999-09-25,"5' 11""",190.0,4,Georgia,USA,"Miami, FL",2020,4379399,NULL,NULL
3056608,NFL,2,BUF,Bills,C,Austin,Corbett,1995-12-17,"6' 4""",306.0,63,Nevada,USA,"Sparks, NV",2018,3056608,NULL,NULL
4035448,NFL,2,BUF,Bills,C,Lloyd,Cushenberry III,1997-11-22,"6' 4""",315.0,53,LSU,USA,"Carville, LA",2020,4035448,NULL,NULL
4431053,NFL,2,BUF,Bills,WR,Mac,Dalena,2001-10-04,"5' 11""",180.0,82,Fresno State,USA,"Fresno, CA",2024,4431053,NULL,NULL
4429501,NFL,2,BUF,Bills,RB,Ray,Davis,1999-11-11,"5' 8""",211.0,7,Kentucky,USA,"San Francisco, CA",2022,4429501,NULL,NULL
3051324,NFL,2,BUF,Bills,OT,Dion,Dawkins,1994-04-26,"6' 5""",320.0,73,Temple,USA,"Rahway, NJ",2017,3051324,NULL,NULL
4570706,NFL,2,BUF,Bills,OT,Bruno,Fina,NULL,"6' 5""",300.0,75,Duke,USA,"Tucson, AZ",2025,4570706,NULL,NULL
4429805,NFL,2,BUF,Bills,RB,Frank,Gore Jr.,2002-03-13,"5' 8""",201.0,20,Southern Miss,USA,"Miami, FL",2024,4429805,NULL,NULL
4432215,NFL,2,BUF,Bills,WR,Stephen,Gosnell,2001-10-22,"6' 1""",198.0,89,Virginia Tech,USA,"Pilot Mountain, NC",2024,4432215,NULL,NULL
4368828,NFL,2,BUF,Bills,OT,Tylan,Grable,1999-10-04,"6' 5""",313.0,68,UCF,USA,"Gordon, GA",2022,4368828,NULL,NULL
4035004,NFL,2,BUF,Bills,WR,Mecole,Hardman Jr.,1998-03-12,"5' 10""",187.0,1,Georgia,USA,"Bowman, GA",2019,4035004,NULL,NULL
4573699,NFL,2,BUF,Bills,TE,Jackson,Hawes,2000-12-06,"6' 4""",253.0,85,Georgia Tech,USA,"Salt Lake City, UT",2023,4573699,NULL,NULL
3915411,NFL,2,BUF,Bills,RB,Ty,Johnson,1997-09-17,"5' 10""",210.0,26,Maryland,USA,"Cumberland, MD",2019,3915411,NULL,NULL
4385690,NFL,2,BUF,Bills,TE,Dalton,Kincaid,1999-10-18,"6' 3""",246.0,86,Utah,USA,"Las Vegas, NV",2021,4385690,NULL,NULL
3930086,NFL,2,BUF,Bills,TE,Dawson,Knox,1996-11-14,"6' 4""",254.0,88,Ole Miss,USA,"Brentwood, TN",2019,3930086,NULL,NULL
4688552,NFL,2,BUF,Bills,TE,Keleki,Latu,2002-08-13,"6' 6""",249.0,83,Washington,USA,"Sacramento, CA",2024,4688552,NULL,NULL
4427843,NFL,2,BUF,Bills,OT,Chase,Lundt,2000-06-16,"6' 7""",304.0,77,UConn,USA,"Arlington, TX",2023,4427843,NULL,NULL
4430270,NFL,2,BUF,Bills,WR,Ja'Mori,Maclin,NULL,"5' 11""",183.0,84,Kentucky,USA,"Kirkwood, MO",2025,4430270,NULL,NULL
4033748,NFL,2,BUF,Bills,C,Connor,McGovern,1997-11-03,"6' 6""",318.0,66,Penn State,USA,"Larksville, PA",2019,4033748,NULL,NULL
3915416,NFL,2,BUF,Bills,WR,DJ,Moore,1997-04-14,"6' 0""",213.0,2,Maryland,USA,"Philadelphia, PA",2018,3915416,NULL,NULL
4242433,NFL,2,BUF,Bills,WR,Joshua,Palmer,1999-09-22,"6' 1""",210.0,5,Tennessee,Canada,"Brampton, ON",2019,4242433,NULL,NULL
4606712,NFL,2,BUF,Bills,G,Ar'maj,Reed-Adams,NULL,"6' 5""",314.0,60,Texas A&M,USA,"Dallas, TX",2025,4606712,NULL,NULL
4373678,NFL,2,BUF,Bills,WR,Khalil,Shakir,2000-02-03,"6' 0""",190.0,10,Boise State,USA,"Murrieta, CA",2020,4373678,NULL,NULL
4241476,NFL,2,BUF,Bills,WR,Tyrell,Shavers,1999-08-18,"6' 4""",211.0,14,San Diego State,USA,"Lewisville, TX",2023,4241476,NULL,NULL
3122168,NFL,2,BUF,Bills,WR,Trent,Sherfield,1996-02-25,"6' 1""",205.0,81,Vanderbilt,USA,"Danville, IL",2018,3122168,NULL,NULL
4374187,NFL,2,BUF,Bills,WR,Deven,Thompkins,1999-12-23,"5' 8""",155.0,NULL,Utah State,USA,"Fort Myers, FL",2019,4374187,NULL,NULL
4878956,NFL,2,BUF,Bills,WR,Max,Tomczak,NULL,"6' 0""",195.0,NULL,Youngstown State,USA,"Frankfort, IL",2025,4878956,NULL,NULL
4428696,NFL,2,BUF,Bills,G,O'Cyrus,Torrence,2000-01-20,"6' 5""",330.0,64,Florida,USA,"Greensburg, LA",2021,4428696,NULL,NULL
4430815,NFL,2,BUF,Bills,C,Sedrick,Van Pran-Granger,2001-10-23,"6' 4""",315.0,62,Georgia,USA,"New Orleans, LA",2022,4430815,NULL,NULL
4372070,NFL,2,BUF,Bills,FB,Ben,VanSumeren,2000-05-05,"6' 2""",250.0,45,Michigan State,USA,"Bay City, MI",2021,4372070,NULL,NULL
4036448,NFL,2,BUF,Bills,WR,Jalen,Virgil,1998-07-13,"6' 1""",210.0,87,App State,USA,"Lawrenceville, GA",2021,4036448,NULL,NULL
4878824,NFL,2,BUF,Bills,OT,Da'Metrius,Weatherspoon,NULL,"6' 7""",320.0,76,Syracuse,USA,"Clairton, PA",2025,4878824,NULL,NULL
4579554,NFL,2,BUF,Bills,RB,Ian,Wheeler,2001-09-15,"5' 10""",206.0,NULL,Howard,USA,"Houston, TX",2022,4579554,NULL,NULL
4608362,NFL,2,BUF,Bills,TE,Shane,Zylstra,1996-11-16,"6' 4""",244.0,48,Minnesota State,USA,"Spicer, MN",2020,4608362,NULL,NULL
4683450,NFL,2,BUF,Bills,DT,Tommy,Akingbesote,2003-02-25,"6' 4""",316.0,71,Maryland,USA,"Largo, MD",2024,4683450,NULL,NULL
4401823,NFL,2,BUF,Bills,CB,Dee,Alford,1997-11-05,"5' 11""",180.0,23,Tusculum,USA,"Griffin, GA",2020,4401823,NULL,NULL
4366349,NFL,2,BUF,Bills,LB,Joe,Andreessen,2000-02-07,"6' 1""",240.0,44,Buffalo,USA,"Depew, NY",2022,4366349,NULL,NULL
4379778,NFL,2,BUF,Bills,CB,Christian,Benford,2000-09-21,"6' 1""",205.0,47,Villanova,USA,"Randallstown, MD",2020,4379778,NULL,NULL
4259166,NFL,2,BUF,Bills,LB,Terrel,Bernard,1999-05-07,"6' 1""",224.0,8,Baylor,USA,"La Porte, TX",2020,4259166,NULL,NULL
4676004,NFL,2,BUF,Bills,S,Cole,Bishop,2002-10-24,"6' 2""",206.0,24,Utah,USA,"Peachtree City, GA",2023,4676004,NULL,NULL
4426883,NFL,2,BUF,Bills,DT,DeWayne,Carter,2000-12-10,"6' 2""",302.0,90,Duke,USA,"Pickerington, OH",2022,4426883,NULL,NULL
3116733,NFL,2,BUF,Bills,LB,Bradley,Chubb,1996-06-24,"6' 4""",268.0,9,NC State,USA,"Marietta, GA",2018,3116733,NULL,NULL
4689804,NFL,2,BUF,Bills,LB,Jimmy,Ciarlo,2001-02-28,"6' 2""",230.0,35,Army,USA,"Ringwood, NJ",2023,4689804,NULL,NULL
4427348,NFL,2,BUF,Bills,CB,Te'Cory,Couch,1999-09-06,"5' 10""",185.0,33,Miami,USA,"Fort Lauderdale, FL",2024,4427348,NULL,NULL
3915487,NFL,2,BUF,Bills,DE,Mike,Danna,1997-12-04,"6' 2""",261.0,51,Michigan,USA,"Detroit, MI",2020,3915487,NULL,NULL
4567943,NFL,2,BUF,Bills,DE,Cade,Denhoff,NULL,"6' 5""",260.0,57,Clemson,USA,"Plant City, FL",2025,4567943,NULL,NULL
4576144,NFL,2,BUF,Bills,CB,Jordan,Dunbar,NULL,"6' 0""",195.0,36,Missouri State,USA,"Syracuse, NY",2025,4576144,NULL,NULL
4685347,NFL,2,BUF,Bills,DT,Zane,Durant,NULL,"6' 1""",290.0,92,Penn State,USA,"Lake Nona, FL",2025,4685347,NULL,NULL
4594321,NFL,2,BUF,Bills,LB,Kaleb,Elarms-Orr,NULL,"6' 2""",234.0,52,TCU,USA,"Hayward, CA",2025,4594321,NULL,NULL
3931424,NFL,2,BUF,Bills,LB,Demetrius,Flannigan-Fowles,1996-09-04,"6' 2""",223.0,50,Arizona,USA,"Tucson, AZ",2019,3931424,NULL,NULL
4044133,NFL,2,BUF,Bills,S,Sam,Franklin Jr.,1996-02-02,"6' 3""",210.0,28,Temple,USA,"Crystal River, FL",2020,4044133,NULL,NULL
5084058,NFL,2,BUF,Bills,LB,Theron,Gaines,NULL,"6' 1""",237.0,54,Tennessee Tech,USA,"Murfreesboro, TN",2025,5084058,NULL,NULL
4034953,NFL,2,BUF,Bills,S,C.J.,Gardner-Johnson,1997-12-20,"5' 11""",208.0,22,Florida,USA,"Cocoa, FL",2019,4034953,NULL,NULL
4688931,NFL,2,BUF,Bills,CB,Maxwell,Hairston,2003-08-06,"5' 11""",192.0,31,Kentucky,USA,"West Bloomfield, MI",2023,4688931,NULL,NULL
4036060,NFL,2,BUF,Bills,S,Damar,Hamlin,1998-03-24,"6' 0""",200.0,3,Pittsburgh,USA,"Mckees Rocks, PA",2019,4036060,NULL,NULL
4596480,NFL,2,BUF,Bills,CB,Jordan,Hancock,2003-08-12,"6' 0""",195.0,37,Ohio State,USA,"Suwanee, GA",2023,4596480,NULL,NULL
4033234,NFL,2,BUF,Bills,DE,Michael,Hoecht,1997-10-05,"6' 4""",264.0,55,Brown,USA,"Oakwood, OH",2020,4033234,NULL,NULL
4879270,NFL,2,BUF,Bills,DT,Kody,Huisman,NULL,"6' 4""",297.0,61,Virginia Tech,USA,"Pella, IA",2025,4879270,NULL,NULL
4832035,NFL,2,BUF,Bills,CB,Davison,Igbinosun,2004-04-11,"6' 2""",193.0,21,Ohio State,USA,"Union, NJ",2025,4832035,NULL,NULL
4432715,NFL,2,BUF,Bills,DE,Landon,Jackson,2003-01-02,"6' 6""",264.0,94,Arkansas,USA,"Texarkana, TX",2023,4432715,NULL,NULL
4577066,NFL,2,BUF,Bills,LB,Keonta,Jenkins,2002-01-26,"6' 2""",211.0,49,Virginia Tech,USA,"Jacksonville, FL",2024,4577066,NULL,NULL
4249214,NFL,2,BUF,Bills,DE,Andre,Jones Jr.,1998-10-25,"6' 5""",258.0,59,Louisiana,USA,"Varnado, LA",2023,4249214,NULL,NULL
5076951,NFL,2,BUF,Bills,S,Jalon,Kilgore,NULL,"6' 1""",210.0,29,South Carolina,USA,"Eatonton, GA",2025,5076951,NULL,NULL
4427826,NFL,2,BUF,Bills,DT,Zion,Logue,2001-07-13,"6' 6""",325.0,93,Georgia,USA,"Lebanon, TN",2024,4427826,NULL,NULL
4241468,NFL,2,BUF,Bills,DT,Phidarian,Mathis,1998-04-26,"6' 4""",312.0,72,Alabama,USA,"Wisner, LA",2020,4241468,NULL,NULL
4039303,NFL,2,BUF,Bills,DT,Ed,Oliver,1997-12-12,"6' 1""",287.0,91,Houston,USA,"Houston, TX",2019,4039303,NULL,NULL
4573684,NFL,2,BUF,Bills,S,Wande,Owens,2001-03-26,"5' 11""",205.0,30,New Hampshire,USA,"Cooksville, MD",2023,4573684,NULL,NULL
4870886,NFL,2,BUF,Bills,LB,TJ,Parker,2004-09-19,"6' 3""",263.0,99,Clemson,USA,"Phenix City, AL",2025,4870886,NULL,NULL
4698598,NFL,2,BUF,Bills,CB,Toriano,Pride Jr.,NULL,"5' 10""",185.0,32,Missouri,USA,"St. Louis, MO",2025,4698598,NULL,NULL
4362506,NFL,2,BUF,Bills,LB,Greg,Rousseau,2000-04-05,"6' 6""",266.0,15,Miami,USA,"Coconut Creek, FL",2019,4362506,NULL,NULL
4684527,NFL,2,BUF,Bills,DT,T.J.,Sanders,2003-07-30,"6' 4""",297.0,98,South Carolina,USA,"Marion, SC",2023,4684527,NULL,NULL
4428548,NFL,2,BUF,Bills,LB,Javon,Solomon,2001-01-17,"6' 1""",246.0,56,Troy,USA,"Tallahassee, FL",2022,4428548,NULL,NULL
4240575,NFL,2,BUF,Bills,S,Geno,Stone,1999-04-19,"5' 11""",207.0,25,Iowa,USA,"New Castle, PA",2020,4240575,NULL,NULL
4831989,NFL,2,BUF,Bills,DT,Deone,Walker,2004-03-11,"6' 7""",331.0,96,Kentucky,USA,"Detroit, MI",2023,4831989,NULL,NULL
4682749,NFL,2,BUF,Bills,CB,Kani,Walker,NULL,"6' 2""",204.0,41,Arkansas,USA,"Atlanta, GA",2025,4682749,NULL,NULL
4568624,NFL,2,BUF,Bills,LB,Dorian,Williams,2001-06-28,"6' 1""",228.0,42,Tulane,USA,"Indian Land, SC",2021,4568624,NULL,NULL
3917232,NFL,2,BUF,Bills,PK,Tyler,Bass,1997-02-14,"5' 10""",183.0,16,Georgia Southern,USA,"Irmo, SC",2020,3917232,NULL,NULL
4682758,NFL,2,BUF,Bills,P,Tommy,Doman Jr.,NULL,"6' 4""",214.0,39,Florida,USA,"Rochester Hills, MI",2025,4682758,NULL,NULL
2976549,NFL,2,BUF,Bills,LS,Reid,Ferguson,1994-03-24,"6' 2""",235.0,69,LSU,USA,"Buford, GA",2016,2976549,NULL,NULL
4035685,NFL,2,BUF,Bills,P,Mitch,Wishnowsky,1992-03-03,"6' 2""",220.0,19,Utah,Australia,Perth,2019,4035685,NULL,NULL
4568703,NFL,2,BUF,Bills,CB,Dorian,Strong,2002-03-14,"6' 1""",185.0,43,Virginia Tech,USA,"Upper Marlboro, MD",2023,4568703,NULL,NULL
5091739,NFL,29,CAR,Panthers,WR,Chris,Brazzell II,2003-09-22,"6' 4""",198.0,19,Tennessee,USA,"Midland, TX",2025,5091739,NULL,NULL
4678008,NFL,29,CAR,Panthers,RB,Jonathon,Brooks,2003-07-21,"6' 0""",207.0,25,Texas,USA,"Hallettsville, TX",2022,4678008,NULL,NULL
4369950,NFL,29,CAR,Panthers,G,Ja'Tyre,Carter,1999-01-15,"6' 3""",311.0,65,Southern,USA,"White Castle, LA",2022,4369950,NULL,NULL
4242230,NFL,29,CAR,Panthers,G,Saahdiq,Charles,1999-07-26,"6' 4""",321.0,78,LSU,USA,"Jackson, MS",2020,4242230,NULL,NULL
3929637,NFL,29,CAR,Panthers,WR,Dan,Chisena,1997-02-25,"6' 3""",202.0,88,Penn State,USA,"Downingtown, PA",2020,3929637,NULL,NULL
4695883,NFL,29,CAR,Panthers,WR,Jalen,Coker,2001-10-30,"6' 3""",213.0,18,Holy Cross,USA,"Sterling, VA",2022,4695883,NULL,NULL
4613105,NFL,29,CAR,Panthers,RB,Miles,Davis,NULL,"5' 11""",215.0,37,Utah State,USA,"Las Vegas, NV",2025,4613105,NULL,NULL
4239934,NFL,29,CAR,Panthers,RB,AJ,Dillon,1998-05-02,"6' 0""",247.0,28,Boston College,USA,"New London, CT",2020,4239934,NULL,NULL
4427132,NFL,29,CAR,Panthers,OT,Ikem,Ekwonu,2000-10-31,"6' 4""",320.0,79,NC State,USA,"Charlotte, NC",2020,4427132,NULL,NULL
4685350,NFL,29,CAR,Panthers,RB,Trevor,Etienne,2004-07-09,"5' 8""",198.0,23,Georgia,USA,"Jennings, LA",2023,4685350,NULL,NULL
4683243,NFL,29,CAR,Panthers,TE,Mitchell,Evans,2003-03-18,"6' 5""",258.0,84,Notre Dame,USA,"Wadsworth, OH",2023,4683243,NULL,NULL
4034962,NFL,29,CAR,Panthers,OT,Stone,Forsythe,1997-12-29,"6' 8""",307.0,73,Florida,USA,"Winter Garden, FL",2019,4034962,NULL,NULL
4035048,NFL,29,CAR,Panthers,C,Luke,Fortner,1998-05-15,"6' 6""",300.0,77,Kentucky,USA,"Sylvania, OH",2020,4035048,NULL,NULL
4034948,NFL,29,CAR,Panthers,TE,Feleipe,Franks,1997-12-22,"6' 6""",228.0,81,Arkansas,USA,"Crawfordville, FL",2021,4034948,NULL,NULL
4870694,NFL,29,CAR,Panthers,OT,Monroe,Freeling,2004-07-25,"6' 7""",315.0,57,Georgia,USA,"Charleston, SC",2025,4870694,NULL,NULL
4686358,NFL,29,CAR,Panthers,OT,Isaia,Glass,NULL,"6' 4""",311.0,74,Vanderbilt,USA,"San Tan Valley, AZ",2025,4686358,NULL,NULL
4570485,NFL,29,CAR,Panthers,G,Joshua,Gray,2000-03-13,"6' 5""",299.0,67,Oregon State,USA,"Rancho Cucamonga, CA",2024,4570485,NULL,NULL
3115252,NFL,29,CAR,Panthers,QB,Will,Grier,1995-04-03,"6' 1""",220.0,14,West Virginia,USA,"Charlotte, NC",2019,3115252,NULL,NULL
4874515,NFL,29,CAR,Panthers,C,Sam,Hecht,NULL,"6' 4""",303.0,75,Kansas State,USA,"Shawnee, KS",2025,4874515,NULL,NULL
4708486,NFL,29,CAR,Panthers,WR,Jimmy,Horn Jr.,2002-09-12,"5' 8""",174.0,15,Colorado,USA,"Sanford, FL",2023,4708486,NULL,NULL
4241416,NFL,29,CAR,Panthers,RB,Chuba,Hubbard,1999-06-11,"6' 1""",210.0,30,Oklahoma State,Canada,"Sherwood Park, AB",2019,4241416,NULL,NULL
3917592,NFL,29,CAR,Panthers,G,Robert,Hunt,1996-08-25,"6' 6""",323.0,50,Louisiana,USA,"Burkeville, TX",2020,3917592,NULL,NULL
4428993,NFL,29,CAR,Panthers,QB,Haynes,King,NULL,"6' 2""",212.0,16,Georgia Tech,USA,"Longview, TX",2025,4428993,NULL,NULL
4430034,NFL,29,CAR,Panthers,WR,Xavier,Legette,2001-01-29,"6' 3""",227.0,17,South Carolina,USA,"Mullins, SC",2022,4430034,NULL,NULL
4362647,NFL,29,CAR,Panthers,G,Damien,Lewis,1997-03-21,"6' 2""",327.0,68,LSU,USA,"Canton, MS",2020,4362647,NULL,NULL
4685472,NFL,29,CAR,Panthers,WR,Tetairoa,McMillan,2003-04-05,"6' 5""",212.0,4,Arizona,USA,"Waimanalo, HI",2023,4685472,NULL,NULL
4570636,NFL,29,CAR,Panthers,WR,Malick,Meiga,NULL,"6' 4""",201.0,35,Coastal Carolina,Canada,"Montreal, PQ",2025,4570636,NULL,NULL
4567096,NFL,29,CAR,Panthers,WR,John,Metchie III,2000-07-18,"5' 11""",187.0,13,Alabama,Canada,"Brampton, ON",2021,4567096,NULL,NULL
4361988,NFL,29,CAR,Panthers,TE,James,Mitchell,1999-08-11,"6' 4""",249.0,85,Virginia Tech,USA,"Big Stone Gap, VA",2021,4361988,NULL,NULL
4212909,NFL,29,CAR,Panthers,WR,David,Moore,1995-01-15,"6' 0""",220.0,83,East Central,USA,"Gainesville, TX",2017,4212909,NULL,NULL
2973051,NFL,29,CAR,Panthers,OT,Taylor,Moton,1994-08-18,"6' 5""",325.0,72,Western Michigan,USA,"Okemos, MI",2017,2973051,NULL,NULL
4240703,NFL,29,CAR,Panthers,QB,Kenny,Pickett,1998-06-06,"6' 3""",220.0,12,Pittsburgh,USA,"Oakhurst, NJ",2020,4240703,NULL,NULL
4869965,NFL,29,CAR,Panthers,WR,Kobe,Prentice,NULL,"5' 11""",190.0,39,Baylor,USA,"Calera, AL",2025,4869965,NULL,NULL
4876995,NFL,29,CAR,Panthers,WR,Ja'seem,Reed,2003-03-21,"6' 2""",195.0,86,San Diego,USA,"Thousand Oaks, CA",2024,4876995,NULL,NULL
4683506,NFL,29,CAR,Panthers,OT,Albert,Reese IV,NULL,"6' 7""",330.0,76,Mississippi State,Canada,"Edmonton, AB",2025,4683506,NULL,NULL
4428421,NFL,29,CAR,Panthers,C,Nick,Samac,2001-08-21,"6' 4""",314.0,60,Michigan State,USA,"Mentor, OH",2022,4428421,NULL,NULL
4431588,NFL,29,CAR,Panthers,TE,Ja'Tavion,Sanders,2003-03-27,"6' 4""",252.0,0,Texas,USA,"Denton, TX",2022,4431588,NULL,NULL
4428532,NFL,29,CAR,Panthers,WR,Ainias,Smith,2001-05-31,"5' 9""",176.0,80,Texas A&M,USA,"Missouri City, TX",2023,4428532,NULL,NULL
4360763,NFL,29,CAR,Panthers,WR,Brycen,Tremayne,1999-11-18,"6' 4""",212.0,87,Stanford,USA,"Los Angeles, CA",2023,4360763,NULL,NULL
4372780,NFL,29,CAR,Panthers,TE,Tommy,Tremble,2000-06-02,"6' 4""",250.0,82,Notre Dame,USA,"Johns Creek, GA",2019,4372780,NULL,NULL
4709392,NFL,29,CAR,Panthers,RB,Anthony,Tyus III,2003-03-20,"6' 1""",226.0,34,Ohio,USA,"Portage, MI",2024,4709392,NULL,NULL
4361429,NFL,29,CAR,Panthers,OT,Rasheed,Walker,2000-02-13,"6' 6""",325.0,63,Penn State,USA,"Waldorf, MD",2020,4361429,NULL,NULL
4685720,NFL,29,CAR,Panthers,QB,Bryce,Young,2001-07-25,"5' 10""",204.0,9,Alabama,USA,"Pasadena, CA",2021,4685720,NULL,NULL
4710661,NFL,29,CAR,Panthers,G,Chandler,Zavala,1999-04-02,"6' 3""",322.0,62,NC State,USA,"Boynton Beach, FL",2021,4710661,NULL,NULL
4426646,NFL,29,CAR,Panthers,LB,Jared,Bartlett,2001-04-01,"6' 2""",237.0,56,Cincinnati,USA,"Miami, FL",2024,4426646,NULL,NULL
4035495,NFL,29,CAR,Panthers,DT,Derrick,Brown,1998-04-15,"6' 5""",320.0,95,Auburn,USA,"Sugar Hill, GA",2020,4035495,NULL,NULL
4372518,NFL,29,CAR,Panthers,DT,Bobby,Brown III,2000-08-07,"6' 4""",332.0,97,Texas A&M,USA,"Arlington, TX",2019,4372518,NULL,NULL
4256224,NFL,29,CAR,Panthers,LB,Claudin,Cherelus,1999-02-09,"6' 2""",230.0,53,Alcorn State,USA,"Golden Gate, FL",2021,4256224,NULL,NULL
4244607,NFL,29,CAR,Panthers,CB,Akayleb,Evans,1999-06-22,"6' 2""",198.0,29,Missouri,USA,"McKinney, TX",2020,4244607,NULL,NULL
4367330,NFL,29,CAR,Panthers,CB,Tyrek,Funderburk,2000-11-28,"6' 0""",185.0,20,App State,USA,"Indian Trail, NC",2023,4367330,NULL,NULL
3917016,NFL,29,CAR,Panthers,LB,Trevis,Gipson,1997-06-13,"6' 4""",255.0,52,Tulsa,USA,"Cedar Hill, TX",2020,3917016,NULL,NULL
4685375,NFL,29,CAR,Panthers,CB,Jaylon,Guilbeau,NULL,"5' 11""",190.0,41,Texas,USA,"Port Arthur, TX",2025,4685375,NULL,NULL
4602967,NFL,29,CAR,Panthers,DT,Aaron,Hall,NULL,"6' 4""",297.0,61,Duke,USA,"Durham, NC",2025,4602967,NULL,NULL
4360773,NFL,29,CAR,Panthers,LB,Nick,Hampton,2000-04-05,"6' 3""",235.0,39,App State,USA,"Anderson, SC",2021,4360773,NULL,NULL
4427401,NFL,29,CAR,Panthers,DE,Jared,Harrison-Hunte,2000-07-22,"6' 4""",294.0,94,SMU,USA,"Middle Village, NY",2023,4427401,NULL,NULL
4362847,NFL,29,CAR,Panthers,CB,Jaycee,Horn,1999-11-26,"6' 1""",200.0,8,South Carolina,USA,"Alpharetta, GA",2019,4362847,NULL,NULL
4431551,NFL,29,CAR,Panthers,DT,Lee,Hunter,2002-07-02,"6' 3""",318.0,92,Texas Tech,USA,"Mobile, AL",2025,4431551,NULL,NULL
4714157,NFL,29,CAR,Panthers,LB,Thomas,Incoom,1999-02-19,"6' 2""",265.0,48,Central Michigan,USA,"Stone Mountain, GA",2021,4714157,NULL,NULL
4687513,NFL,29,CAR,Panthers,DT,Cam,Jackson,2002-08-07,"6' 6""",328.0,99,Florida,USA,"Haynesville, LA",2023,4687513,NULL,NULL
3917853,NFL,29,CAR,Panthers,CB,Mike,Jackson,1997-01-10,"6' 1""",210.0,2,Miami,USA,"Birmingham, AL",2019,3917853,NULL,NULL
4036063,NFL,29,CAR,Panthers,LB,Patrick,Jones II,1998-09-29,"6' 4""",264.0,91,Pittsburgh,USA,"Chesapeake, VA",2019,4036063,NULL,NULL
4875592,NFL,29,CAR,Panthers,LB,Jackson,Kuwatch,NULL,"6' 4""",232.0,46,Miami (OH),USA,"Cincinnati, OH",2025,4875592,NULL,NULL
5151083,NFL,29,CAR,Panthers,CB,Will,Lee III,NULL,"6' 1""",189.0,24,Texas A&M,USA,"St. Louis, MO",2025,5151083,NULL,NULL
4243256,NFL,29,CAR,Panthers,LB,Devin,Lloyd,1998-09-30,"6' 3""",235.0,55,Utah,USA,"Chula Vista, CA",2020,4243256,NULL,NULL
4432729,NFL,29,CAR,Panthers,DT,Tywone,Malone Jr.,NULL,"6' 4""",309.0,64,Ohio State,USA,"Jamesburg, NJ",2025,4432729,NULL,NULL
4880613,NFL,29,CAR,Panthers,LB,Bam,Martin-Scott,2000-07-04,"6' 2""",231.0,54,South Carolina,USA,"Fort Wayne, IN",2023,4880613,NULL,NULL
4702576,NFL,29,CAR,Panthers,CB,Cam,Miller,NULL,"6' 0""",192.0,42,Rutgers,USA,"Fernandina Beach, FL",2025,4702576,NULL,NULL
4362487,NFL,29,CAR,Panthers,S,Tre'von,Moehrig,1999-06-16,"6' 2""",202.0,7,TCU,USA,"Spring Branch, TX",2019,4362487,NULL,NULL
5279357,NFL,29,CAR,Panthers,LB,Mapalo,Mwansa,2004-04-02,"6' 2""",230.0,58,NULL,England,Peterborough,2024,5279357,NULL,NULL
4428125,NFL,29,CAR,Panthers,LB,Maema,Njongmeta,2001-03-09,"6' 0""",230.0,45,Wisconsin,USA,"Buffalo Grove, IL",2022,4428125,NULL,NULL
4875848,NFL,29,CAR,Panthers,DT,Parker,Petersen,NULL,"6' 4""",315.0,69,Wisconsin,USA,"Nashville, TN",2025,4875848,NULL,NULL
4242975,NFL,29,CAR,Panthers,LB,Jaelan,Phillips,1999-05-28,"6' 5""",266.0,5,Miami,USA,"Redlands, CA",2019,4242975,NULL,NULL
4429110,NFL,29,CAR,Panthers,S,Lathan,Ransom,2002-07-16,"6' 0""",206.0,22,Ohio State,USA,"Tucson, AZ",2023,4429110,NULL,NULL
4241473,NFL,29,CAR,Panthers,DE,LaBryan,Ray,1997-12-05,"6' 4""",290.0,93,Alabama,USA,"Madison, AL",2021,4241473,NULL,NULL
4775268,NFL,29,CAR,Panthers,CB,Michael,Reid,2002-05-24,"6' 2""",200.0,35,South Dakota,USA,"Owings Mills, MD",2024,4775268,NULL,NULL
4426926,NFL,29,CAR,Panthers,S,Demani,Richardson,2000-10-07,"6' 1""",215.0,36,Texas A&M,USA,"Waxahachie, TX",2022,4426926,NULL,NULL
4032200,NFL,29,CAR,Panthers,CB,Robert,Rochell,1998-04-26,"6' 2""",195.0,33,Central Arkansas,USA,"Shreveport, LA",2019,4032200,NULL,NULL
3116179,NFL,29,CAR,Panthers,S,Nick,Scott,1995-05-17,"5' 11""",200.0,21,Penn State,USA,"Fairfax, VA",2019,3116179,NULL,NULL
4833355,NFL,29,CAR,Panthers,LB,Nic,Scourton,2004-08-25,"6' 2""",257.0,11,Texas A&M,USA,"Bryan, TX",2023,4833355,NULL,NULL
4035462,NFL,29,CAR,Panthers,S,Isaiah,Simmons,1998-07-26,"6' 4""",238.0,27,Clemson,USA,"Olathe, KS",2020,4035462,NULL,NULL
4594449,NFL,29,CAR,Panthers,CB,DeVonta,Smith,NULL,"5' 11""",195.0,43,Notre Dame,USA,"Cincinnati, OH",2025,4594449,NULL,NULL
4816330,NFL,29,CAR,Panthers,LB,Isaiah,Smith,NULL,"6' 4""",248.0,47,SMU,USA,"Washington, DC",2025,4816330,NULL,NULL
4697636,NFL,29,CAR,Panthers,CB,Chau,Smith-Wade,2002-09-17,"5' 11""",176.0,26,Washington State,USA,"Denver, CO",2022,4697636,NULL,NULL
4431426,NFL,29,CAR,Panthers,CB,Corey,Thornton,2001-01-30,"6' 1""",195.0,31,Louisville,USA,"Miami, FL",2023,4431426,NULL,NULL
4429166,NFL,29,CAR,Panthers,LB,Princely,Umanmielen,2002-04-18,"6' 4""",244.0,3,Ole Miss,USA,"Austin, TX",2023,4429166,NULL,NULL
4683815,NFL,29,CAR,Panthers,LB,Trevin,Wallace,2003-02-22,"6' 1""",244.0,32,Kentucky,USA,"Jesup, GA",2022,4683815,NULL,NULL
4058925,NFL,29,CAR,Panthers,DT,Tershawn,Wharton,1998-06-25,"6' 1""",280.0,98,Missouri S&T,USA,"University City, MO",2020,4058925,NULL,NULL
4566384,NFL,29,CAR,Panthers,S,Zakee,Wheatley,NULL,"6' 3""",203.0,38,Penn State,USA,"Crofton, MD",2025,4566384,NULL,NULL
4568263,NFL,29,CAR,Panthers,PK,Ryan,Fitzgerald,2000-08-13,"5' 11""",193.0,10,Florida State,USA,"Coolidge, GA",2023,4568263,NULL,NULL
11759,NFL,29,CAR,Panthers,LS,JJ,Jansen,1986-01-20,"6' 2""",235.0,44,Notre Dame,USA,"Phoenix, AZ",2008,11759,NULL,NULL
15928,NFL,29,CAR,Panthers,P,Sam,Martin,1990-02-27,"6' 1""",205.0,6,App State,USA,"Fayetteville, GA",2013,15928,NULL,NULL
4243315,NFL,3,CHI,Bears,RB,Salvon,Ahmed,1998-12-30,"5' 11""",196.0,36,Washington,USA,"Kirkland, WA",2020,4243315,NULL,NULL
3914307,NFL,3,CHI,Bears,WR,Maurice,Alexander,1997-01-10,"5' 10""",173.0,13,Florida International,USA,"Florida City, FL",2024,3914307,NULL,NULL
4883090,NFL,3,CHI,Bears,OT,Kiran,Amegadjie,2002-02-01,"6' 5""",326.0,72,Yale,USA,"Hinsdale, IL",2022,4883090,NULL,NULL
4434153,NFL,3,CHI,Bears,QB,Tyson,Bagent,2000-06-08,"6' 3""",212.0,17,Shepherd,USA,"Martinsburg, WV",2021,4434153,NULL,NULL
4709983,NFL,3,CHI,Bears,G,Caden,Barnett,NULL,"6' 4""",316.0,76,Wyoming,USA,"Justin, TX",2025,4709983,NULL,NULL
5125873,NFL,3,CHI,Bears,OT,Theo,Benedet,2001-10-12,"6' 7""",304.0,79,British Columbia,Canada,"North Vancouver, BC",2023,5125873,NULL,NULL
4694074,NFL,3,CHI,Bears,RB,Coleman,Bennett,NULL,"5' 11""",185.0,30,Kennesaw State,USA,"Fort Lauderdale, FL",2025,4694074,NULL,NULL
3116729,NFL,3,CHI,Bears,C,Garrett,Bradbury,1995-06-20,"6' 3""",305.0,67,NC State,USA,"Charlotte, NC",2019,3116729,NULL,NULL
4036032,NFL,3,CHI,Bears,RB,Brittain,Brown,1997-10-10,"6' 1""",205.0,38,UCLA,USA,"Canton, GA",2022,4036032,NULL,NULL
4685278,NFL,3,CHI,Bears,WR,Luther,Burden III,2003-12-12,"6' 0""",210.0,10,Missouri,USA,"St. Louis, MO",2023,4685278,NULL,NULL
3948283,NFL,3,CHI,Bears,TE,Stephen,Carlson,1996-12-12,"6' 4""",248.0,88,Princeton,USA,"Jamestown, NY",2019,3948283,NULL,NULL
5065495,NFL,3,CHI,Bears,WR,Kaden,Davis,1998-09-25,"6' 1""",193.0,27,Northwest Missouri State,USA,"Ellsworth, KS",2024,5065495,NULL,NULL
4384683,NFL,3,CHI,Bears,G,Kyle,Hergel,1999-10-07,"6' 2""",315.0,60,Boston College,Canada,"Toronto, ON",2023,4384683,NULL,NULL
4432784,NFL,3,CHI,Bears,WR,Kyron,Hudson,NULL,"6' 1""",212.0,20,Penn State,USA,"Duarte, CA",2025,4432784,NULL,NULL
4379769,NFL,3,CHI,Bears,TE,Qadir,Ismail,2000-02-17,"6' 6""",245.0,80,Samford,USA,"Bel Air, MD",2024,4379769,NULL,NULL
3930040,NFL,3,CHI,Bears,G,Jonah,Jackson,1997-02-05,"6' 3""",319.0,73,Ohio State,USA,"Media, PA",2020,3930040,NULL,NULL
4426386,NFL,3,CHI,Bears,RB,Roschon,Johnson,2001-01-31,"6' 0""",227.0,23,Texas,USA,"Port Neches, TX",2021,4426386,NULL,NULL
4251007,NFL,3,CHI,Bears,OT,Braxton,Jones,1999-03-27,"6' 5""",303.0,70,Southern Utah,USA,"Murray, UT",2020,4251007,NULL,NULL
4686907,NFL,3,CHI,Bears,C,Logan,Jones,2001-10-19,"6' 3""",299.0,54,Iowa,USA,"Council Bluffs, IA",2025,4686907,NULL,NULL
4916349,NFL,3,CHI,Bears,TE,Nikola,Kalinic,1997-01-21,"6' 4""",248.0,86,NULL,Canada,"Toronto, ON",2023,4916349,NULL,NULL
15168,NFL,3,CHI,Bears,QB,Case,Keenum,1988-02-17,"6' 1""",220.0,11,Houston,USA,"Abilene, TX",2012,15168,NULL,NULL
4701951,NFL,3,CHI,Bears,WR,Omari,Kelly,NULL,"5' 11""",190.0,82,Michigan State,USA,"Trussville, AL",2025,4701951,NULL,NULL
4258595,NFL,3,CHI,Bears,TE,Cole,Kmet,1999-03-10,"6' 6""",257.0,85,Notre Dame,USA,"Lake Barrington, IL",2020,4258595,NULL,NULL
4608746,NFL,3,CHI,Bears,C,Jaren,Kump,NULL,"6' 5""",306.0,64,Utah,USA,"Riverton, UT",2025,4608746,NULL,NULL
5150662,NFL,3,CHI,Bears,TE,Hayden,Large,NULL,"6' 4""",250.0,43,Iowa,USA,"Hudsonville, MI",2025,5150662,NULL,NULL
4723086,NFL,3,CHI,Bears,TE,Colston,Loveland,2004-04-09,"6' 6""",241.0,84,Michigan,USA,"Gooding, ID",2023,4723086,NULL,NULL
4360319,NFL,3,CHI,Bears,G,Jordan,McFadden,1999-11-16,"6' 2""",306.0,74,Clemson,USA,"Spartanburg, SC",2021,4360319,NULL,NULL
3914397,NFL,3,CHI,Bears,WR,Scotty,Miller,1997-07-31,"5' 9""",174.0,35,Bowling Green,USA,"Barrington, IL",2019,3914397,NULL,NULL
4608686,NFL,3,CHI,Bears,RB,Kyle,Monangai,2002-06-06,"5' 8""",207.0,25,Rutgers,USA,"Roseland, NJ",2023,4608686,NULL,NULL
4431580,NFL,3,CHI,Bears,QB,Miller,Moss,NULL,"6' 1""",211.0,16,Louisville,USA,"Los Angeles, CA",2025,4431580,NULL,NULL
4682479,NFL,3,CHI,Bears,OT,Mason,Murphy,NULL,"6' 5""",315.0,63,Auburn,USA,"Riverside, CA",2025,4682479,NULL,NULL
4695895,NFL,3,CHI,Bears,OT,Luke,Newman,2002-03-03,"6' 3""",308.0,65,Michigan State,USA,"Bloomfield Hills, MI",2023,4695895,NULL,NULL
4431299,NFL,3,CHI,Bears,WR,Rome,Odunze,2002-06-03,"6' 3""",214.0,15,Washington,USA,"Las Vegas, NV",2022,4431299,NULL,NULL
2973405,NFL,3,CHI,Bears,WR,Kalif,Raymond,1994-08-08,"5' 9""",160.0,14,Holy Cross,USA,"Lawrenceville, GA",2016,2973405,NULL,NULL
4685183,NFL,3,CHI,Bears,WR,JP,Richardson,2002-03-23,"5' 11""",192.0,83,TCU,USA,"Missouri City, TX",2024,4685183,NULL,NULL
4685504,NFL,3,CHI,Bears,TE,Sam,Roush,2003-09-06,"6' 5""",267.0,87,Stanford,USA,"Nashville, TN",2025,4685504,NULL,NULL
4259545,NFL,3,CHI,Bears,RB,D'Andre,Swift,1999-01-14,"5' 8""",204.0,4,Georgia,USA,"Philadelphia, PA",2020,4259545,NULL,NULL
4869748,NFL,3,CHI,Bears,WR,Zavion,Thomas,2004-02-14,"5' 10""",190.0,81,LSU,USA,"Woodmere, LA",2025,4869748,NULL,NULL
2577773,NFL,3,CHI,Bears,G,Joe,Thuney,1992-11-18,"6' 5""",301.0,62,NC State,USA,"Centerville, OH",2016,2577773,NULL,NULL
4432595,NFL,3,CHI,Bears,OT,Ozzy,Trapilo,2001-10-17,"6' 8""",312.0,75,Boston College,USA,"Norwell, MA",2023,4432595,NULL,NULL
5160110,NFL,3,CHI,Bears,WR,Jahdae,Walker,2002-07-05,"6' 3""",206.0,9,Texas A&M,USA,"Cleveland, OH",2023,5160110,NULL,NULL
4431611,NFL,3,CHI,Bears,QB,Caleb,Williams,2001-11-18,"6' 1""",226.0,18,USC,USA,"Washington, DC",2022,4431611,NULL,NULL
4241482,NFL,3,CHI,Bears,OT,Jedrick,Wills Jr.,1999-05-17,"6' 4""",307.0,71,Alabama,USA,"Lexington, KY",2020,4241482,NULL,NULL
4426358,NFL,3,CHI,Bears,OT,Darnell,Wright,2001-08-10,"6' 5""",325.0,58,Tennessee,USA,"Huntington, WV",2021,4426358,NULL,NULL
4240459,NFL,3,CHI,Bears,CB,Josh,Blackwell,1999-04-05,"5' 11""",179.0,39,Duke,USA,"Buford, GA",2020,4240459,NULL,NULL
4683553,NFL,3,CHI,Bears,DE,Austin,Booker,2002-12-14,"6' 6""",245.0,94,Kansas,USA,"Greenwood, IN",2022,4683553,NULL,NULL
4239094,NFL,3,CHI,Bears,S,Coby,Bryant,1999-03-29,"6' 1""",193.0,2,Cincinnati,USA,"Cleveland, OH",2020,4239094,NULL,NULL
4036261,NFL,3,CHI,Bears,LB,Devin,Bush,1998-07-18,"5' 11""",234.0,12,Michigan,USA,"Pembroke Pines, FL",2019,4036261,NULL,NULL
4429014,NFL,3,CHI,Bears,DT,Gervon,Dexter Sr.,2000-10-05,"6' 6""",326.0,99,Florida,USA,"Lake Wales, FL",2021,4429014,NULL,NULL
3121544,NFL,3,CHI,Bears,LB,T.J.,Edwards,1996-08-12,"6' 0""",228.0,53,Wisconsin,USA,"Lake Villa, IL",2019,3121544,NULL,NULL
4911952,NFL,3,CHI,Bears,LB,Keyshaun,Elliott,NULL,"6' 1""",233.0,49,Arizona State,USA,"Richmond, MO",2025,4911952,NULL,NULL
4769880,NFL,3,CHI,Bears,CB,KC,Eziomume,NULL,"6' 1""",198.0,20,Tulane,USA,"Acworth, GA",2025,4769880,NULL,NULL
4245655,NFL,3,CHI,Bears,LB,Tony,Fields II,1999-06-18,"6' 1""",220.0,43,West Virginia,USA,"Las Vegas, NV",2019,4245655,NULL,NULL
4917592,NFL,3,CHI,Bears,CB,Dallis,Flowers,1997-06-04,"6' 1""",196.0,37,Pittsburg State,USA,"Chicago, IL",2021,4917592,NULL,NULL
3892883,NFL,3,CHI,Bears,DT,Neville,Gallimore,1997-01-17,"6' 2""",307.0,90,Oklahoma,Canada,"St. Catharines, ON",2020,3892883,NULL,NULL
4240655,NFL,3,CHI,Bears,DE,Jonathan,Garvin,1999-07-28,"6' 4""",257.0,52,Miami,USA,"Lake Worth, FL",2020,4240655,NULL,NULL
4361093,NFL,3,CHI,Bears,CB,Kyler,Gordon,1999-12-17,"5' 11""",200.0,6,Washington,USA,"Mukilteo, WA",2020,4361093,NULL,NULL
4365629,NFL,3,CHI,Bears,DE,Daniel,Hardy,1998-12-15,"6' 2""",255.0,92,Montana State,USA,"Beaverton, OR",2021,4365629,NULL,NULL
4242402,NFL,3,CHI,Bears,S,Elijah,Hicks,1999-10-16,"5' 11""",204.0,22,California,USA,"Long Beach, CA",2020,4242402,NULL,NULL
4429970,NFL,3,CHI,Bears,LB,Ruben,Hyppolite II,2001-09-16,"6' 0""",236.0,47,Maryland,USA,"Fort Lauderdale, FL",2023,4429970,NULL,NULL
4241007,NFL,3,CHI,Bears,LB,D'Marco,Jackson,1998-07-20,"6' 1""",233.0,48,App State,USA,"Spartanburg, SC",2020,4241007,NULL,NULL
2576492,NFL,3,CHI,Bears,DE,Grady,Jarrett,1993-04-28,"6' 1""",294.0,50,Clemson,USA,"Conyers, GA",2015,2576492,NULL,NULL
4243253,NFL,3,CHI,Bears,CB,Jaylon,Johnson,1999-04-19,"6' 0""",195.0,1,Utah,USA,"Fresno, CA",2020,4243253,NULL,NULL
4361748,NFL,3,CHI,Bears,S,Anthony,Johnson Jr.,1999-12-02,"6' 0""",205.0,26,Iowa State,USA,"St. Petersburg, FL",2022,4361748,NULL,NULL
4047655,NFL,3,CHI,Bears,CB,Jaylon,Jones,1997-10-14,"5' 11""",190.0,33,Ole Miss,USA,"Allen, TX",2020,4047655,NULL,NULL
4372463,NFL,3,CHI,Bears,DE,Jamree,Kromah,2000-06-14,"6' 3""",268.0,59,James Madison,USA,"Glenarden, MD",2024,4372463,NULL,NULL
3916577,NFL,3,CHI,Bears,CB,Cam,Lewis,1997-04-13,"5' 9""",183.0,21,Buffalo,USA,"Detroit, MI",2019,3916577,NULL,NULL
4877376,NFL,3,CHI,Bears,DT,Jayden,Loving,NULL,"6' 1""",309.0,91,Wake Forest,USA,"Hamilton, AL",2025,4877376,NULL,NULL
4259181,NFL,3,CHI,Bears,DT,James,Lynch,1999-01-20,"6' 4""",295.0,97,Baylor,USA,"Round Rock, TX",2020,4259181,NULL,NULL
4430805,NFL,3,CHI,Bears,CB,Dontae,Manning,2001-09-17,"5' 10""",190.0,27,Oregon,USA,"Kansas City, MO",2024,4430805,NULL,NULL
4372523,NFL,3,CHI,Bears,DE,Jeremiah,Martin,2000-07-10,"6' 3""",265.0,69,Washington,USA,"San Bernardino, CA",2024,4372523,NULL,NULL
4684963,NFL,3,CHI,Bears,LB,Wayne,Matthews III,NULL,"6' 0""",221.0,35,Michigan State,USA,"Largo, MD",2025,4684963,NULL,NULL
4870953,NFL,3,CHI,Bears,CB,Malik,Muhammad,NULL,"6' 0""",182.0,24,Texas,USA,"Desoto, TX",2025,4870953,NULL,NULL
4242659,NFL,3,CHI,Bears,DE,Dayo,Odeyingbo,1999-09-24,"6' 5""",282.0,55,Vanderbilt,USA,"Irving, TX",2019,4242659,NULL,NULL
4567482,NFL,3,CHI,Bears,S,Gervarrius,Owens,1999-10-14,"6' 0""",200.0,30,Houston,USA,"Moore, OK",2023,4567482,NULL,NULL
4258485,NFL,3,CHI,Bears,LB,Jon,Rhattigan,1999-02-02,"6' 0""",236.0,46,Army,USA,"Naperville, IL",2019,4258485,NULL,NULL
4372576,NFL,3,CHI,Bears,LB,Jack,Sanborn,2000-07-29,"6' 2""",234.0,57,Wisconsin,USA,"Deer Park, IL",2020,4372576,NULL,NULL
4241611,NFL,3,CHI,Bears,LB,Nephi,Sewell,1998-12-19,"6' 0""",228.0,45,Utah,USA,"St. George, UT",2022,4241611,NULL,NULL
4430822,NFL,3,CHI,Bears,LB,Noah,Sewell,2002-04-26,"6' 1""",246.0,44,Oregon,American Samoa,Malaeimi,2021,4430822,NULL,NULL
4360935,NFL,3,CHI,Bears,CB,Terell,Smith,1999-07-27,"6' 0""",204.0,32,Minnesota,USA,"Snellville, GA",2021,4360935,NULL,NULL
4426374,NFL,3,CHI,Bears,CB,Tyrique,Stevenson,2000-05-26,"6' 0""",212.0,29,Miami,USA,"Miami, FL",2021,4426374,NULL,NULL
3116726,NFL,3,CHI,Bears,DT,Kentavius,Street,1996-05-08,"6' 2""",315.0,93,NC State,USA,"Greenville, NC",2018,3116726,NULL,NULL
3134690,NFL,3,CHI,Bears,DE,Montez,Sweat,1996-09-04,"6' 6""",270.0,98,Mississippi State,USA,"Stone Mountain, GA",2019,3134690,NULL,NULL
4954445,NFL,3,CHI,Bears,S,Dillon,Thieneman,2004-08-08,"6' 0""",201.0,31,Oregon,USA,"Westfield, IN",2025,4954445,NULL,NULL
4879561,NFL,3,CHI,Bears,S,Skyler,Thomas,NULL,"6' 2""",191.0,38,Oregon State,USA,"Menlo Park, CA",2025,4879561,NULL,NULL
4432804,NFL,3,CHI,Bears,DT,Shemar,Turner,2003-01-14,"6' 3""",293.0,95,Texas A&M,USA,"Desoto, TX",2023,4432804,NULL,NULL
4875381,NFL,3,CHI,Bears,DT,Jordan,van den Berg,NULL,"6' 3""",310.0,96,Georgia Tech,South Africa,Johannesburg,2025,4875381,NULL,NULL
4873482,NFL,3,CHI,Bears,LS,Luke,Elkin,2002-06-27,"6' 1""",235.0,46,Iowa,USA,"Neenah, WI",2024,4873482,NULL,NULL
4696723,NFL,3,CHI,Bears,LS,Beau,Gardner,NULL,"6' 5""",249.0,45,Georgia,USA,"San Francisco, CA",2025,4696723,NULL,NULL
17427,NFL,3,CHI,Bears,PK,Cairo,Santos,1991-11-12,"5' 8""",173.0,8,Tulane,USA,"Saint Augustine, FL",2014,17427,NULL,NULL
4686889,NFL,3,CHI,Bears,P,Tory,Taylor,1997-10-07,"6' 4""",225.0,19,Iowa,Australia,"Melbourne, VIC",2022,4686889,NULL,NULL
4427834,NFL,4,CIN,Bengals,TE,Erick,All Jr.,2000-09-13,"6' 5""",255.0,83,Iowa,USA,"Fairfield, OH",2022,4427834,NULL,NULL
4879478,NFL,4,CIN,Bengals,C,Jacob,Bayer,2002-12-12,"6' 3""",310.0,69,Arkansas State,USA,"Grandview, TX",2024,4879478,NULL,NULL
4245645,NFL,4,CIN,Bengals,RB,Gary,Brightwell,1998-02-28,"6' 1""",218.0,32,Arizona,USA,"Chester, PA",2021,4245645,NULL,NULL
4429299,NFL,4,CIN,Bengals,RB,Tahj,Brooks,2002-05-13,"5' 9""",220.0,25,Texas Tech,USA,"Manor, TX",2023,4429299,NULL,NULL
4362238,NFL,4,CIN,Bengals,RB,Chase,Brown,2000-03-21,"5' 10""",210.0,30,Illinois,Canada,"London, ON",2021,4362238,NULL,NULL
4876200,NFL,4,CIN,Bengals,G,Liam,Brown,NULL,"6' 5""",307.0,60,Montana,USA,"Beaverton, OR",2025,4876200,NULL,NULL
3116370,NFL,4,CIN,Bengals,OT,Orlando,Brown Jr.,1996-05-02,"6' 8""",350.0,75,Oklahoma,USA,"Duluth, GA",2018,3116370,NULL,NULL
4430992,NFL,4,CIN,Bengals,RB,Kentrel,Bullock,NULL,"5' 10""",204.0,31,South Alabama,USA,"Columbia, MS",2025,4430992,NULL,NULL
3915511,NFL,4,CIN,Bengals,QB,Joe,Burrow,1996-12-10,"6' 4""",215.0,9,LSU,USA,"Athens, OH",2020,3915511,NULL,NULL
4362628,NFL,4,CIN,Bengals,WR,Ja'Marr,Chase,2000-03-01,"6' 0""",205.0,1,LSU,USA,"Harvey, LA",2019,4362628,NULL,NULL
4259592,NFL,4,CIN,Bengals,QB,Sean,Clifford,1998-07-14,"6' 2""",212.0,4,Penn State,USA,"Cincinnati, OH",2023,4259592,NULL,NULL
4429430,NFL,4,CIN,Bengals,OT,Andrew,Coker,2001-03-23,"6' 7""",315.0,79,TCU,USA,"Katy, TX",2024,4429430,NULL,NULL
5085189,NFL,4,CIN,Bengals,TE,Jack,Endries,NULL,"6' 5""",245.0,84,Texas,USA,"Danville, CA",2025,5085189,NULL,NULL
4646773,NFL,4,CIN,Bengals,G,Dylan,Fairchild,2003-05-08,"6' 5""",318.0,63,Georgia,USA,"Cumming, GA",2023,4646773,NULL,NULL
11252,NFL,4,CIN,Bengals,QB,Joe,Flacco,1985-01-16,"6' 6""",245.0,16,Delaware,USA,"Audubon, NJ",2008,11252,NULL,NULL
3707061,NFL,4,CIN,Bengals,OT,Cody,Ford,1996-12-28,"6' 3""",345.0,61,Oklahoma,USA,"Pineville, LA",2019,3707061,NULL,NULL
4362769,NFL,4,CIN,Bengals,OT,Javon,Foster,2000-03-31,"6' 5""",319.0,73,Missouri,USA,"Detroit, MI",2023,4362769,NULL,NULL
3116164,NFL,4,CIN,Bengals,TE,Mike,Gesicki,1995-10-03,"6' 6""",245.0,88,Penn State,USA,"Manahawkin, NJ",2018,3116164,NULL,NULL
4700712,NFL,4,CIN,Bengals,TE,Cam,Grandy,1999-11-19,"6' 5""",253.0,85,Illinois State,USA,"Benson, IL",2022,4700712,NULL,NULL
4611995,NFL,4,CIN,Bengals,RB,Jamal,Haynes,NULL,"5' 7""",195.0,24,Georgia Tech,USA,"Loganville, GA",2025,4611995,NULL,NULL
4239993,NFL,4,CIN,Bengals,WR,Tee,Higgins,1999-01-18,"6' 4""",220.0,5,Clemson,USA,"Oak Ridge, TN",2020,4239993,NULL,NULL
3050481,NFL,4,CIN,Bengals,TE,Tanner,Hudson,1994-11-12,"6' 5""",241.0,87,Southern Arkansas,USA,"Big Sandy, TN",2018,3050481,NULL,NULL
4368003,NFL,4,CIN,Bengals,WR,Andrei,Iosivas,1999-10-15,"6' 3""",210.0,80,Princeton,USA,"Honolulu, HI",2021,4368003,NULL,NULL
11394,NFL,4,CIN,Bengals,QB,Josh,Johnson,1986-05-15,"6' 3""",219.0,11,San Diego,USA,"Oakland, CA",2008,11394,NULL,NULL
4385430,NFL,4,CIN,Bengals,WR,Xavier,Johnson,1999-05-11,"6' 1""",210.0,18,Ohio State,USA,"Cincinnati, OH",2024,4385430,NULL,NULL
4257188,NFL,4,CIN,Bengals,WR,Charlie,Jones,1998-10-29,"6' 0""",190.0,15,Purdue,USA,"Deerfield, IL",2021,4257188,NULL,NULL
4686368,NFL,4,CIN,Bengals,OT,Christian,Jones,NULL,"6' 9""",345.0,76,San Diego State,USA,"San Luis Obispo, CA",2025,4686368,NULL,NULL
2576188,NFL,4,CIN,Bengals,C,Ted,Karras,1993-03-15,"6' 4""",310.0,64,Illinois,USA,"Indianapolis, IN",2016,2576188,NULL,NULL
4819215,NFL,4,CIN,Bengals,TE,Josh,Kattus,NULL,"6' 4""",245.0,48,Kentucky,USA,"Cincinnati, OH",2025,4819215,NULL,NULL
4870866,NFL,4,CIN,Bengals,C,Connor,Lew,NULL,"6' 4""",310.0,65,Auburn,USA,"Kennesaw, GA",2025,4870866,NULL,NULL
4384852,NFL,4,CIN,Bengals,WR,Dohnte,Meyers,NULL,"5' 11""",186.0,81,Delta State,USA,"Duluth, GA",2024,4384852,NULL,NULL
4429012,NFL,4,CIN,Bengals,RB,Kendall,Milton,2002-02-10,"6' 1""",230.0,36,Georgia,USA,"Fresno, CA",2024,4429012,NULL,NULL
4431571,NFL,4,CIN,Bengals,OT,Amarius,Mims,2002-10-14,"6' 8""",350.0,71,Georgia,USA,"Cochran, GA",2022,4431571,NULL,NULL
4594444,NFL,4,CIN,Bengals,WR,Jordan,Moore,2002-04-18,"6' 0""",191.0,14,Duke,USA,"Sykesville, MD",2024,4594444,NULL,NULL
4689117,NFL,4,CIN,Bengals,OT,Brian,Parker II,NULL,"6' 5""",310.0,62,Duke,USA,"Cincinnati, OH",2025,4689117,NULL,NULL
3116389,NFL,4,CIN,Bengals,RB,Samaje,Perine,1995-09-16,"5' 11""",240.0,34,Oklahoma,USA,"Pflugerville, TX",2017,3116389,NULL,NULL
4035776,NFL,4,CIN,Bengals,WR,Kendric,Pryor,1998-01-06,"5' 11""",189.0,19,Wisconsin,USA,"Hazel Crest, IL",2023,4035776,NULL,NULL
3125082,NFL,4,CIN,Bengals,G,Dalton,Risner,1995-07-13,"6' 5""",312.0,66,Kansas State,USA,"Wiggins, CO",2019,3125082,NULL,NULL
4429010,NFL,4,CIN,Bengals,G,Jalen,Rivers,2002-09-12,"6' 5""",319.0,74,Miami,USA,"Jacksonville, FL",2023,4429010,NULL,NULL
4705561,NFL,4,CIN,Bengals,OT,Corey,Robinson II,NULL,"6' 5""",311.0,77,Arkansas,USA,"Roswell, GA",2025,4705561,NULL,NULL
3127310,NFL,4,CIN,Bengals,TE,Drew,Sample,1996-04-16,"6' 5""",260.0,89,Washington,USA,"Bellevue, WA",2019,3127310,NULL,NULL
4718457,NFL,4,CIN,Bengals,WR,Noah,Thomas,NULL,"6' 5""",203.0,17,Georgia,USA,"League City, TX",2025,4718457,NULL,NULL
4690070,NFL,4,CIN,Bengals,WR,Mitchell,Tinsley,1999-09-15,"6' 1""",205.0,82,Penn State,USA,"Lee's Summit, MO",2022,4690070,NULL,NULL
4570738,NFL,4,CIN,Bengals,WR,Ke'Shawn,Williams,2001-12-27,"5' 9""",189.0,12,Indiana,USA,"Philadelphia, PA",2023,4570738,NULL,NULL
5092508,NFL,4,CIN,Bengals,WR,Colbie,Young,NULL,"6' 3""",218.0,86,Georgia,USA,"Binghamton, NY",2025,5092508,NULL,NULL
3054840,NFL,4,CIN,Bengals,DT,Jonathan,Allen,1995-01-16,"6' 3""",300.0,93,Alabama,USA,"Leesburg, VA",2017,3054840,NULL,NULL
4368056,NFL,4,CIN,Bengals,LB,Liam,Anderson,2000-04-30,"6' 3""",230.0,45,Holy Cross,USA,"Flanders, NJ",2024,4368056,NULL,NULL
4874448,NFL,4,CIN,Bengals,S,Daijahn,Anthony,2000-09-09,"6' 0""",200.0,33,Ole Miss,USA,"Richmond, VA",2022,4874448,NULL,NULL
4567098,NFL,4,CIN,Bengals,S,Jordan,Battle,2000-12-14,"6' 1""",215.0,27,Alabama,USA,"Fort Lauderdale, FL",2021,4567098,NULL,NULL
4570546,NFL,4,CIN,Bengals,LB,Swayze,Bozeman,1998-11-02,"6' 2""",225.0,47,Southern Miss,USA,"Flora, MS",2023,4570546,NULL,NULL
3051746,NFL,4,CIN,Bengals,LB,Oren,Burks,1995-03-21,"6' 3""",233.0,42,Vanderbilt,USA,"Fairfax Station, VA",2018,3051746,NULL,NULL
4431519,NFL,4,CIN,Bengals,LB,Barrett,Carter,2002-10-23,"6' 0""",231.0,49,Clemson,USA,"Suwanee, GA",2023,4431519,NULL,NULL
4247726,NFL,4,CIN,Bengals,S,Bryan,Cook,1999-09-07,"6' 1""",210.0,6,Cincinnati,USA,"Cincinnati, OH",2020,4247726,NULL,NULL
4426992,NFL,4,CIN,Bengals,DT,Howard,Cross III,2001-07-31,"6' 1""",285.0,95,Notre Dame,USA,"Paramus, NJ",2023,4426992,NULL,NULL
3125356,NFL,4,CIN,Bengals,CB,Jalen,Davis,1996-02-02,"5' 10""",186.0,35,Utah State,USA,"La Mesa, CA",2018,3125356,NULL,NULL
4726127,NFL,4,CIN,Bengals,CB,Tacario,Davis,2004-08-17,"6' 4""",194.0,20,Washington,USA,"Long Beach, CA",2025,4726127,NULL,NULL
4683128,NFL,4,CIN,Bengals,LB,Jack,Dingle,NULL,"6' 4""",235.0,59,Cincinnati,USA,"Louisville, KY",2025,4683128,NULL,NULL
4401811,NFL,4,CIN,Bengals,S,Kyle,Dugger,1996-03-22,"6' 1""",216.0,29,Lenoir Rhyne,USA,"Decatur, GA",2020,4401811,NULL,NULL
4426457,NFL,4,CIN,Bengals,DE,Isaiah,Foskey,2000-10-30,"6' 5""",280.0,51,Notre Dame,USA,"Antioch, CA",2021,4426457,NULL,NULL
4602656,NFL,4,CIN,Bengals,LB,Eric,Gentry,NULL,"6' 7""",221.0,58,USC,USA,"Philadelphia, PA",2025,4602656,NULL,NULL
3917797,NFL,4,CIN,Bengals,LB,Joe,Giles-Harris,1997-04-01,"6' 2""",234.0,43,Duke,USA,"Nyack, NY",2019,3917797,NULL,NULL
4360413,NFL,4,CIN,Bengals,LB,Shaka,Heyward,2000-04-19,"6' 3""",238.0,50,Duke,USA,"Dacula, GA",2022,4360413,NULL,NULL
3116748,NFL,4,CIN,Bengals,DT,B.J.,Hill,1995-04-20,"6' 3""",311.0,92,NC State,USA,"Oakboro, NC",2018,3116748,NULL,NULL
4426422,NFL,4,CIN,Bengals,CB,Dax,Hill,2000-09-29,"6' 0""",195.0,23,Michigan,USA,"Tulsa, OK",2020,4426422,NULL,NULL
4710752,NFL,4,CIN,Bengals,DE,Cashius,Howell,2003-04-16,"6' 3""",255.0,55,Texas A&M,USA,"Kansas City, MO",2025,4710752,NULL,NULL
4362502,NFL,4,CIN,Bengals,CB,DJ,Ivey,2000-02-25,"6' 1""",192.0,38,Miami,USA,"Florida City, FL",2021,4362502,NULL,NULL
4692680,NFL,4,CIN,Bengals,DT,McKinnley,Jackson,2001-12-26,"6' 2""",330.0,91,Texas A&M,USA,"Lucedale, MS",2022,4692680,NULL,NULL
4569448,NFL,4,CIN,Bengals,DT,Jordan,Jefferson,2001-09-24,"6' 4""",317.0,68,LSU,USA,"Navarre, FL",2022,4569448,NULL,NULL
4432301,NFL,4,CIN,Bengals,DT,Kris,Jenkins Jr.,2001-10-10,"6' 3""",310.0,90,Michigan,USA,"Olney, MD",2022,4432301,NULL,NULL
4430065,NFL,4,CIN,Bengals,DE,Cedric,Johnson,2002-09-06,"6' 3""",264.0,52,Ole Miss,USA,"Mobile, AL",2022,4430065,NULL,NULL
4429946,NFL,4,CIN,Bengals,S,PJ,Jules,2001-05-14,"6' 0""",203.0,37,Southern Illinois,USA,"Orlando, FL",2023,4429946,NULL,NULL
4430819,NFL,4,CIN,Bengals,CB,Jalen,Kimber,2001-02-13,"6' 0""",190.0,40,Penn State,USA,"Merrillville, IN",2024,4430819,NULL,NULL
4427729,NFL,4,CIN,Bengals,LB,Demetrius,Knight Jr.,2000-07-21,"6' 2""",240.0,44,South Carolina,USA,"Locust Grove, GA",2023,4427729,NULL,NULL
4035483,NFL,4,CIN,Bengals,DT,Dexter,Lawrence II,1997-11-12,"6' 5""",350.0,97,Clemson,USA,"Wake Forest, NC",2019,4035483,NULL,NULL
4575559,NFL,4,CIN,Bengals,CB,Bralyn,Lux,2000-08-28,"5' 10""",180.0,21,Texas Tech,USA,"San Jose, CA",2024,4575559,NULL,NULL
4240754,NFL,4,CIN,Bengals,DE,Boye,Mafe,1998-11-30,"6' 4""",265.0,53,Minnesota,USA,"Golden Valley, MN",2020,4240754,NULL,NULL
4428985,NFL,4,CIN,Bengals,DE,Myles,Murphy,2002-01-03,"6' 5""",275.0,99,Clemson,USA,"Marietta, GA",2021,4428985,NULL,NULL
4365319,NFL,4,CIN,Bengals,CB,Josh,Newton,2000-09-14,"5' 11""",190.0,28,TCU,USA,"Monroe, LA",2022,4365319,NULL,NULL
4597253,NFL,4,CIN,Bengals,S,Isaiah,Nwokobia,NULL,"6' 1""",206.0,41,SMU,USA,"Dallas, TX",2025,4597253,NULL,NULL
4429009,NFL,4,CIN,Bengals,LB,Antwaun,Powell-Ryland,2002-02-23,"6' 3""",252.0,56,Virginia Tech,USA,"Portsmouth, VA",2024,4429009,NULL,NULL
5081542,NFL,4,CIN,Bengals,DT,Landon,Robinson,NULL,"6' 0""",295.0,96,Navy,USA,"Fairlawn, OH",2025,5081542,NULL,NULL
4240612,NFL,4,CIN,Bengals,DT,T.J.,Slaton Jr.,1997-10-03,"6' 5""",340.0,98,Florida,USA,"Fort Lauderdale, FL",2019,4240612,NULL,NULL
4685562,NFL,4,CIN,Bengals,DE,Shemar,Stewart,2003-11-12,"6' 5""",267.0,94,Texas A&M,USA,"Miami, FL",2023,4685562,NULL,NULL
4240434,NFL,4,CIN,Bengals,CB,Ja'Sir,Taylor,1999-01-08,"5' 11""",185.0,26,Wake Forest,USA,"Asbury Park, NJ",2020,4240434,NULL,NULL
4572036,NFL,4,CIN,Bengals,CB,DJ,Turner II,2000-11-09,"5' 11""",185.0,0,Michigan,USA,"Suwanee, GA",2021,4572036,NULL,NULL
4431619,NFL,4,CIN,Bengals,CB,Ceyair,Wright,NULL,"6' 0""",185.0,22,Nebraska,USA,"Los Angeles, CA",2025,4431619,NULL,NULL
4240071,NFL,4,CIN,Bengals,S,Russ,Yeast,1999-05-08,"5' 10""",195.0,39,Kansas State,USA,"Danville, KY",2022,4240071,NULL,NULL
4360234,NFL,4,CIN,Bengals,PK,Evan,McPherson,1999-07-21,"5' 11""",185.0,2,Florida,USA,"Fort Payne, AL",2019,4360234,NULL,NULL
4608820,NFL,4,CIN,Bengals,P,Ryan,Rehkow,1998-09-11,"6' 4""",235.0,8,BYU,USA,"Veradale, WA",2022,4608820,NULL,NULL
4572051,NFL,4,CIN,Bengals,LS,William,Wagner,2000-12-20,"6' 2""",240.0,46,Michigan,USA,"Alpharetta, GA",2023,4572051,NULL,NULL
4691138,NFL,5,CLE,Browns,WR,Aaron,Anderson,NULL,"5' 8""",198.0,85,LSU,USA,"New Orleans, LA",2025,4691138,NULL,NULL
4597310,NFL,5,CLE,Browns,OT,Austin,Barber,2003-05-20,"6' 7""",320.0,58,Florida,USA,"Jacksonville, FL",2025,4597310,NULL,NULL
4362603,NFL,5,CLE,Browns,TE,Brenden,Bates,1999-10-16,"6' 5""",255.0,82,Kentucky,USA,"Cincinnati, OH",2022,4362603,NULL,NULL
4808839,NFL,5,CLE,Browns,WR,Isaiah,Bond,2004-03-15,"5' 11""",180.0,0,Texas,USA,"Buford, GA",2023,4808839,NULL,NULL
5153650,NFL,5,CLE,Browns,RB,Davon,Booth,NULL,"5' 10""",192.0,29,Mississippi State,USA,"North Las Vegas, NV",2025,5153650,NULL,NULL
4832800,NFL,5,CLE,Browns,WR,Denzel,Boston,2003-12-06,"6' 4""",215.0,12,Washington,USA,"South Hill, WA",2025,4832800,NULL,NULL
4816090,NFL,5,CLE,Browns,C,Parker,Brailsford,NULL,"6' 2""",290.0,52,Alabama,USA,"Mesa, AZ",2025,4816090,NULL,NULL
2515270,NFL,5,CLE,Browns,FB,Michael,Burton,1992-02-01,"6' 0""",247.0,34,Rutgers,USA,"Long Valley, NJ",2015,2515270,NULL,NULL
4575664,NFL,5,CLE,Browns,OT,Jeremiah,Byers,2001-03-23,"6' 4""",320.0,63,Miami,USA,"Austin, TX",2024,4575664,NULL,NULL
4870653,NFL,5,CLE,Browns,WR,KC,Concepcion,2004-09-24,"6' 0""",190.0,1,Texas A&M,USA,"Charlotte, NC",2025,4870653,NULL,NULL
4426955,NFL,5,CLE,Browns,OT,Jack,Conley,2001-06-15,"6' 7""",333.0,67,Boston College,USA,"New Canaan, CT",2024,4426955,NULL,NULL
4613104,NFL,5,CLE,Browns,WR,Malachi,Corley,2002-03-21,"5' 11""",215.0,83,Western Kentucky,USA,"Orange City, FL",2022,4613104,NULL,NULL
4567410,NFL,5,CLE,Browns,C,Kingsley,Eguakun,2001-03-23,"6' 3""",305.0,65,Florida,USA,"Jacksonville, FL",2023,4567410,NULL,NULL
5083076,NFL,5,CLE,Browns,TE,Harold,Fannin Jr.,2004-07-20,"6' 4""",241.0,44,Bowling Green,USA,"Canton, OH",2023,5083076,NULL,NULL
4870723,NFL,5,CLE,Browns,OT,Spencer,Fano,2004-11-04,"6' 6""",315.0,55,Utah,USA,"Spanish Fork, UT",2025,4870723,NULL,NULL
4566157,NFL,5,CLE,Browns,WR,Luke,Floriea,2001-10-23,"5' 8""",180.0,81,Kent State,USA,"Mentor, OH",2024,4566157,NULL,NULL
4427238,NFL,5,CLE,Browns,QB,Dillon,Gabriel,2000-12-28,"5' 11""",205.0,8,Oregon,USA,"Mililani, HI",2023,4427238,NULL,NULL
4240548,NFL,5,CLE,Browns,G,Kendrick,Green,1998-12-22,"6' 4""",315.0,53,Illinois,USA,"Peoria, IL",2020,4240548,NULL,NULL
4431325,NFL,5,CLE,Browns,QB,Taylen,Green,NULL,"6' 6""",230.0,15,Arkansas,USA,"Lewisville, TX",2025,4431325,NULL,NULL
5086027,NFL,5,CLE,Browns,RB,T.J.,Harden,NULL,"6' 2""",218.0,36,SMU,USA,"Los Angeles, CA",2025,5086027,NULL,NULL
3131498,NFL,5,CLE,Browns,OT,Tytus,Howard,1996-05-23,"6' 5""",320.0,71,Alabama State,USA,"Monroeville, AL",2019,3131498,NULL,NULL
3115485,NFL,5,CLE,Browns,C,Elgton,Jenkins,1995-12-26,"6' 5""",310.0,74,Mississippi State,USA,"Clarksdale, MS",2019,3115485,NULL,NULL
4038457,NFL,5,CLE,Browns,G,Teven,Jenkins,1998-03-03,"6' 6""",321.0,78,Oklahoma State,USA,"Topeka, KS",2019,4038457,NULL,NULL
4241463,NFL,5,CLE,Browns,WR,Jerry,Jeudy,1999-04-24,"6' 1""",195.0,3,Alabama,USA,"Deerfield Beach, FL",2020,4241463,NULL,NULL
4247347,NFL,5,CLE,Browns,G,Zion,Johnson,1999-11-18,"6' 3""",315.0,77,Boston College,USA,"Bowie, MD",2020,4247347,NULL,NULL
4427637,NFL,5,CLE,Browns,OT,Dawand,Jones,2001-08-06,"6' 8""",374.0,79,Ohio State,USA,"Indianapolis, IN",2021,4427637,NULL,NULL
4685702,NFL,5,CLE,Browns,RB,Quinshon,Judkins,2003-10-29,"6' 0""",221.0,10,Ohio State,USA,"Pike Road, AL",2023,4685702,NULL,NULL
4877203,NFL,5,CLE,Browns,WR,Gage,Larvadain,2003-01-03,"5' 8""",171.0,84,South Carolina,USA,"Donaldsonville, LA",2023,4877203,NULL,NULL
4373079,NFL,5,CLE,Browns,OT,KT,Leveston,1999-10-28,"6' 4""",335.0,72,Kansas State,USA,"Waco, TX",2022,4373079,NULL,NULL
4432374,NFL,5,CLE,Browns,RB,Ahmani,Marshall,2002-03-21,"6' 1""",225.0,23,App State,USA,"Winston-Salem, NC",2024,4432374,NULL,NULL
5150290,NFL,5,CLE,Browns,OT,Izavion,Miller,NULL,"6' 5""",306.0,60,Auburn,USA,"Memphis, TN",2025,5150290,NULL,NULL
4242247,NFL,5,CLE,Browns,OT,Tyre,Phillips,1997-01-29,"6' 5""",330.0,69,Mississippi State,USA,"Grenada, MS",2020,4242247,NULL,NULL
4565859,NFL,5,CLE,Browns,TE,Joe,Royer,NULL,"6' 5""",250.0,18,Cincinnati,USA,"Cincinnati, OH",2025,4565859,NULL,NULL
4685540,NFL,5,CLE,Browns,TE,Carsen,Ryan,NULL,"6' 3""",255.0,48,BYU,USA,"Orem, UT",2025,4685540,NULL,NULL
5081397,NFL,5,CLE,Browns,RB,Dylan,Sampson,2004-09-14,"5' 8""",200.0,22,Tennessee,USA,"Baton Rouge, LA",2023,5081397,NULL,NULL
4601080,NFL,5,CLE,Browns,RB,Raheim,Sanders,2002-06-08,"6' 0""",230.0,35,South Carolina,USA,"Rockledge, FL",2023,4601080,NULL,NULL
4432762,NFL,5,CLE,Browns,QB,Shedeur,Sanders,2002-02-07,"6' 2""",212.0,2,Colorado,USA,"Dallas, TX",2023,4432762,NULL,NULL
4034862,NFL,5,CLE,Browns,TE,Jack,Stoll,1998-01-28,"6' 4""",245.0,89,Nebraska,USA,"Lone Tree, CO",2019,4034862,NULL,NULL
4428678,NFL,5,CLE,Browns,WR,Jamari,Thrash,2000-12-19,"6' 0""",190.0,80,Louisville,USA,"LaGrange, GA",2022,4428678,NULL,NULL
4369863,NFL,5,CLE,Browns,WR,Cedric,Tillman,2000-04-19,"6' 3""",215.0,19,Tennessee,USA,"Las Vegas, NV",2021,4369863,NULL,NULL
4241424,NFL,5,CLE,Browns,WR,Tylan,Wallace,1999-05-13,"5' 11""",200.0,16,Oklahoma State,USA,"Fort Worth, TX",2019,4241424,NULL,NULL
3122840,NFL,5,CLE,Browns,QB,Deshaun,Watson,1995-09-14,"6' 3""",223.0,4,Clemson,USA,"Gainesville, GA",2017,3122840,NULL,NULL
4362018,NFL,5,CLE,Browns,TE,Blake,Whiteheart,2000-03-22,"6' 4""",250.0,86,Wake Forest,USA,"Winston-Salem, NC",2021,4362018,NULL,NULL
5096863,NFL,5,CLE,Browns,WR,Kole,Wilson,NULL,"5' 9""",177.0,87,Baylor,USA,"Katy, TX",2025,5096863,NULL,NULL
4430806,NFL,5,CLE,Browns,C,Luke,Wypler,2001-05-03,"6' 3""",303.0,56,Ohio State,USA,"Montvale, NJ",2021,4430806,NULL,NULL
4433963,NFL,5,CLE,Browns,G,Zak,Zinter,2001-04-17,"6' 6""",310.0,70,Michigan,USA,"North Andover, MA",2022,4433963,NULL,NULL
4259300,NFL,5,CLE,Browns,CB,Tre,Avery,1997-02-26,"5' 11""",185.0,11,Rutgers,USA,"Baltimore, MD",2020,4259300,NULL,NULL
4039010,NFL,5,CLE,Browns,CB,Myles,Bryant,1998-01-02,"5' 9""",192.0,27,Washington,USA,"Pasadena, CA",2020,4039010,NULL,NULL
4379397,NFL,5,CLE,Browns,CB,Tyson,Campbell,2000-03-17,"6' 1""",195.0,7,Georgia,USA,"Plantation, FL",2019,4379397,NULL,NULL
4432673,NFL,5,CLE,Browns,LB,Reid,Carrico,NULL,"6' 2""",226.0,38,West Virginia,USA,"Ironton, OH",2025,4432673,NULL,NULL
4429392,NFL,5,CLE,Browns,DT,Elijah,Chatman,2000-12-05,"6' 0""",278.0,62,SMU,USA,"Shreveport, LA",2023,4429392,NULL,NULL
5160391,NFL,5,CLE,Browns,CB,Michael,Coats Jr.,NULL,"5' 9""",184.0,39,West Virginia,USA,"Louisville, MS",2025,5160391,NULL,NULL
3040471,NFL,5,CLE,Browns,DT,Maliek,Collins,1995-04-08,"6' 2""",310.0,96,Nebraska,USA,"Kansas City, MO",2016,3040471,NULL,NULL
4243541,NFL,5,CLE,Browns,DT,Kalia,Davis,1998-10-02,"6' 2""",310.0,93,UCF,USA,"Pensacola, FL",2020,4243541,NULL,NULL
4242208,NFL,5,CLE,Browns,S,Grant,Delpit,1998-09-20,"6' 3""",208.0,9,LSU,USA,"Houston, TX",2020,4242208,NULL,NULL
4572922,NFL,5,CLE,Browns,S,Christopher,Edmonds,2001-07-16,"6' 2""",210.0,41,Arizona State,USA,"Phenix City, AL",2023,4572922,NULL,NULL
4600389,NFL,5,CLE,Browns,CB,Nate,Evans,NULL,"5' 11""",191.0,43,Delaware,USA,"Virginia Beach, VA",2025,4600389,NULL,NULL
5080699,NFL,5,CLE,Browns,DE,Logan,Fano,NULL,"6' 4""",252.0,97,Utah,USA,"Spanish Fork, UT",2025,5080699,NULL,NULL
4873232,NFL,5,CLE,Browns,DT,Mason,Graham,2003-09-02,"6' 4""",315.0,94,Michigan,USA,"Anaheim, CA",2023,4873232,NULL,NULL
4600415,NFL,5,CLE,Browns,DT,Mike,Hall Jr.,2003-06-13,"6' 3""",300.0,51,Ohio State,USA,"Streetsboro, OH",2022,4600415,NULL,NULL
4695783,NFL,5,CLE,Browns,CB,Myles,Harden,2001-12-13,"5' 11""",195.0,26,South Dakota,USA,"Miami Gardens, FL",2022,4695783,NULL,NULL
4427461,NFL,5,CLE,Browns,CB,Tyron,Herring,2001-04-14,"6' 1""",200.0,47,Delaware,USA,"Delray Beach, FL",2024,4427461,NULL,NULL
4569620,NFL,5,CLE,Browns,S,Ronnie,Hickman,2001-10-11,"6' 1""",209.0,33,Ohio State,USA,"South Orange, NJ",2021,4569620,NULL,NULL
4605792,NFL,5,CLE,Browns,DE,Adin,Huntington,2002-03-18,"6' 1""",281.0,98,Tulane,USA,"Stafford, VA",2023,4605792,NULL,NULL
5150249,NFL,5,CLE,Browns,LB,Justin,Jefferson,NULL,"6' 0""",223.0,17,Alabama,USA,"Memphis, TN",2025,5150249,NULL,NULL
4572519,NFL,5,CLE,Browns,CB,Dom,Jones,2000-07-16,"6' 2""",192.0,37,Colorado State,USA,"Duluth, GA",2023,4572519,NULL,NULL
4033855,NFL,5,CLE,Browns,DT,Sam,Kamara,1997-12-21,"6' 0""",272.0,92,Stony Brook,USA,"Carteret, NJ",2021,4033855,NULL,NULL
5085888,NFL,5,CLE,Browns,LB,Easton,Mascarenas-Arnold,2002-09-13,"5' 11""",227.0,42,USC,USA,"Mission Viejo, CA",2023,5085888,NULL,NULL
4427963,NFL,5,CLE,Browns,DE,Isaiah,McGuire,2001-07-27,"6' 4""",268.0,57,Missouri,USA,"Tulsa, OK",2021,4427963,NULL,NULL
4686027,NFL,5,CLE,Browns,S,Donovan,McMillon,2002-06-18,"6' 2""",203.0,31,Pittsburgh,USA,"Mcmurray, PA",2023,4686027,NULL,NULL
4837186,NFL,5,CLE,Browns,S,Emmanuel,McNeil-Warren,2004-01-08,"6' 3""",210.0,28,Toledo,USA,"Tampa, FL",2025,4837186,NULL,NULL
4046690,NFL,5,CLE,Browns,DE,Julian,Okwara,1997-12-27,"6' 4""",250.0,99,Notre Dame,USA,"Charlotte, NC",2020,4046690,NULL,NULL
4251125,NFL,5,CLE,Browns,LB,Winston,Reid,1999-08-03,"6' 0""",225.0,59,Weber State,USA,"West Jordan, UT",2022,4251125,NULL,NULL
3139389,NFL,5,CLE,Browns,CB,D'Angelo,Ross,1993-10-29,"5' 9""",190.0,20,New Mexico,USA,"La Puente, CA",2019,3139389,NULL,NULL
4889957,NFL,5,CLE,Browns,DE,Tyreak,Sapp,NULL,"6' 2""",273.0,64,Florida,USA,"Fort Lauderdale, FL",2025,4889957,NULL,NULL
4876017,NFL,5,CLE,Browns,LB,Carson,Schwesinger,2003-02-24,"6' 3""",242.0,49,UCLA,USA,"Moorpark, CA",2023,4876017,NULL,NULL
4683129,NFL,5,CLE,Browns,DE,Khordae,Sydnor,NULL,"6' 4""",264.0,90,Vanderbilt,USA,"Harlem, NY",2025,4683129,NULL,NULL
4035505,NFL,5,CLE,Browns,S,Daniel,Thomas,1998-07-01,"5' 10""",215.0,24,Auburn,USA,"Montgomery, AL",2020,4035505,NULL,NULL
4374280,NFL,5,CLE,Browns,LB,Edefuan,Ulofoshio,2000-01-23,"6' 1""",240.0,54,Washington,USA,"Anchorage, AK",2023,4374280,NULL,NULL
4578085,NFL,5,CLE,Browns,DE,Jared,Verse,2000-11-04,"6' 4""",260.0,8,Florida State,USA,"Dayton, OH",2022,4578085,NULL,NULL
3915535,NFL,5,CLE,Browns,CB,Denzel,Ward,1997-04-28,"5' 11""",190.0,21,Ohio State,USA,"Macedonia, OH",2018,3915535,NULL,NULL
4709014,NFL,5,CLE,Browns,S,Zion,Washington,NULL,"6' 1""",208.0,34,Boise State,USA,"Frisco, TX",2025,4709014,NULL,NULL
4362895,NFL,5,CLE,Browns,LB,Nathaniel,Watson,2000-09-01,"6' 0""",233.0,40,Mississippi State,USA,"Maplesville, AL",2022,4362895,NULL,NULL
4247722,NFL,5,CLE,Browns,DE,Benton,Whitley,1999-02-12,"6' 4""",260.0,61,Holy Cross,USA,"Springfield, MA",2020,4247722,NULL,NULL
3110565,NFL,5,CLE,Browns,LB,Quincy,Williams,1996-08-28,"5' 11""",230.0,5,Murray State,USA,"Birmingham, AL",2019,3110565,NULL,NULL
4570119,NFL,5,CLE,Browns,DE,Alex,Wright,2000-09-05,"6' 5""",267.0,91,UAB,USA,"Elba, AL",2020,4570119,NULL,NULL
4039396,NFL,5,CLE,Browns,P,Corey,Bojorquez,1996-09-13,"6' 0""",217.0,13,New Mexico,USA,"Bellflower, CA",2018,4039396,NULL,NULL
4578937,NFL,5,CLE,Browns,P,Nik,Constantinou,1999-12-17,"6' 3""",225.0,30,Texas A&M,Australia,"Melbourne, VIC",2025,4578937,NULL,NULL
4690083,NFL,5,CLE,Browns,P,Wes,Pahl,NULL,"6' 4""",207.0,36,Oklahoma State,USA,"Columbus, GA",2025,4690083,NULL,NULL
3913293,NFL,5,CLE,Browns,LS,Rex,Sunahara,1996-10-09,"6' 6""",242.0,50,West Virginia,USA,"Bay Village, OH",2020,3913293,NULL,NULL
4258620,NFL,5,CLE,Browns,PK,Andre,Szmyt,1998-09-26,"6' 0""",200.0,25,Syracuse,USA,"Vernon Hills, IL",2023,4258620,NULL,NULL
4258599,NFL,5,CLE,Browns,LB,Jeremiah,Owusu-Koramoah,1999-11-04,"6' 2""",221.0,6,Notre Dame,USA,"Hampton, VA",2019,4258599,NULL,NULL
4429202,NFL,6,DAL,Cowboys,RB,Israel,Abanikanda,2002-10-05,"5' 10""",217.0,30,Pittsburgh,USA,"Brooklyn, NY",2022,4429202,NULL,NULL
4685120,NFL,6,DAL,Cowboys,G,T.J.,Bass,1999-03-31,"6' 4""",320.0,66,Oregon,USA,"Deming, WA",2021,4685120,NULL,NULL
4426663,NFL,6,DAL,Cowboys,C,Cooper,Beebe,2001-05-19,"6' 3""",320.0,56,Kansas State,USA,"Kansas City, KS",2022,4426663,NULL,NULL
4685279,NFL,6,DAL,Cowboys,RB,Jaydon,Blue,2004-01-08,"5' 9""",198.0,23,Texas,USA,"Houston, TX",2023,4685279,NULL,NULL
4685263,NFL,6,DAL,Cowboys,G,Tyler,Booker,2004-04-12,"6' 5""",330.0,52,Alabama,USA,"New Haven, CT",2023,4685263,NULL,NULL
4808759,NFL,6,DAL,Cowboys,WR,Camden,Brown,NULL,"6' 2""",204.0,6,Georgia Southern,USA,"Monroe, LA",2025,4808759,NULL,NULL
4696203,NFL,6,DAL,Cowboys,OT,Ajani,Cornelius,2002-05-21,"6' 5""",318.0,65,Oregon,USA,"Harlem, NY",2023,4696203,NULL,NULL
4240603,NFL,6,DAL,Cowboys,RB,Malik,Davis,1998-11-26,"5' 10""",205.0,20,Florida,USA,"Tampa, FL",2022,4240603,NULL,NULL
4242442,NFL,6,DAL,Cowboys,TE,Princeton,Fant,1999-03-11,"6' 2""",245.0,85,Tennessee,USA,"Nashville, TN",2023,4242442,NULL,NULL
4242355,NFL,6,DAL,Cowboys,TE,Jake,Ferguson,1999-01-18,"6' 5""",250.0,87,Wisconsin,USA,"Madison, WI",2020,4242355,NULL,NULL
5083754,NFL,6,DAL,Cowboys,WR,Ryan,Flournoy,1999-10-27,"6' 1""",205.0,19,Southeast Missouri State,USA,"Hazel Crest, IL",2022,5083754,NULL,NULL
4240836,NFL,6,DAL,Cowboys,G,Chris,Glaser,1999-10-01,"6' 4""",300.0,68,Virginia,USA,"Solon, OH",2023,4240836,NULL,NULL
4609048,NFL,6,DAL,Cowboys,OT,Tyler,Guyton,2001-06-11,"6' 7""",325.0,60,Oklahoma,USA,"Manor, TX",2022,4609048,NULL,NULL
4429172,NFL,6,DAL,Cowboys,WR,Traeshon,Holden,2001-09-12,"6' 2""",208.0,80,Oregon,USA,"Kissimmee, FL",2024,4429172,NULL,NULL
4426875,NFL,6,DAL,Cowboys,QB,Sam,Howell,2000-09-16,"6' 1""",225.0,16,North Carolina,USA,"Indian Trail, NC",2020,4426875,NULL,NULL
4685409,NFL,6,DAL,Cowboys,WR,Jordan,Hudson,NULL,"6' 1""",199.0,18,SMU,USA,"Garland, TX",2025,4685409,NULL,NULL
4363547,NFL,6,DAL,Cowboys,OT,Marcellus,Johnson,2000-04-01,"6' 4""",307.0,79,Missouri,USA,"Normal, IL",2024,4363547,NULL,NULL
2310331,NFL,6,DAL,Cowboys,WR,Tyler,Johnson,1998-08-25,"6' 1""",208.0,15,Minnesota,USA,"Minneapolis, MN",2020,2310331,NULL,NULL
4427140,NFL,6,DAL,Cowboys,G,Trevor,Keegan,2000-08-30,"6' 6""",320.0,77,Michigan,USA,"Crystal Lake, IL",2022,4427140,NULL,NULL
4241389,NFL,6,DAL,Cowboys,WR,CeeDee,Lamb,1999-04-08,"6' 2""",198.0,88,Oklahoma,USA,"Richmond, TX",2020,4241389,NULL,NULL
3920591,NFL,6,DAL,Cowboys,G,Nick,Leverett,1997-01-11,"6' 3""",310.0,51,Rice,USA,"Salisbury, NC",2020,3920591,NULL,NULL
4383396,NFL,6,DAL,Cowboys,FB,Hunter,Luepke,2000-02-28,"6' 1""",250.0,40,North Dakota State,USA,"Spencer, WI",2021,4383396,NULL,NULL
4431562,NFL,6,DAL,Cowboys,RB,Phil,Mafah,2002-10-24,"6' 1""",232.0,37,Clemson,USA,"Loganville, GA",2023,4431562,NULL,NULL
4360698,NFL,6,DAL,Cowboys,QB,Joe,Milton III,2000-03-06,"6' 5""",236.0,10,Tennessee,USA,"Pahokee, FL",2022,4360698,NULL,NULL
4035403,NFL,6,DAL,Cowboys,WR,Denzel,Mims,1997-10-10,"6' 3""",207.0,84,Baylor,USA,"Daingerfield, TX",2020,4035403,NULL,NULL
4426485,NFL,6,DAL,Cowboys,WR,Jonathan,Mingo,2001-04-20,"6' 2""",225.0,81,Ole Miss,USA,"Brandon, MS",2021,4426485,NULL,NULL
4880106,NFL,6,DAL,Cowboys,OT,Shiyazh,Pete,NULL,"6' 9""",309.0,75,Kentucky,USA,"Navajo, NM",2025,4880106,NULL,NULL
4426354,NFL,6,DAL,Cowboys,WR,George,Pickens,2001-03-04,"6' 3""",200.0,3,Georgia,USA,"Hoover, AL",2020,4426354,NULL,NULL
2577417,NFL,6,DAL,Cowboys,QB,Dak,Prescott,1993-07-29,"6' 2""",230.0,4,Mississippi State,USA,"Haughton, LA",2016,2577417,NULL,NULL
4430689,NFL,6,DAL,Cowboys,RB,Dominic,Richardson,NULL,"6' 0""",204.0,43,Tulsa,USA,"Oklahoma City, OK",2025,4430689,NULL,NULL
4710711,NFL,6,DAL,Cowboys,TE,DJ,Rogers,NULL,"6' 4""",245.0,49,TCU,USA,"Bellevue, WA",2025,4710711,NULL,NULL
4372096,NFL,6,DAL,Cowboys,TE,Luke,Schoonmaker,1998-09-28,"6' 5""",250.0,86,Michigan,USA,"Hamden, CT",2021,4372096,NULL,NULL
4685554,NFL,6,DAL,Cowboys,OT,Drew,Shelton,NULL,"6' 5""",313.0,67,Penn State,USA,"Downingtown, PA",2025,4685554,NULL,NULL
4685110,NFL,6,DAL,Cowboys,WR,Anthony,Smith,NULL,"6' 2""",197.0,83,East Carolina,USA,"Huntingtown, MD",2025,4685110,NULL,NULL
4581750,NFL,6,DAL,Cowboys,WR,Jaden,Smith,2001-12-13,"6' 6""",210.0,17,Tarleton State,USA,"Fort Worth, TX",2025,4581750,NULL,NULL
4568652,NFL,6,DAL,Cowboys,G,Tyler,Smith,2001-04-03,"6' 5""",328.0,73,Tulsa,USA,"Fort Worth, TX",2020,4568652,NULL,NULL
4360967,NFL,6,DAL,Cowboys,TE,Brevyn,Spann-Ford,1999-12-27,"6' 6""",265.0,89,Minnesota,USA,"Saint Cloud, MN",2022,4360967,NULL,NULL
3915834,NFL,6,DAL,Cowboys,OT,Terence,Steele,1997-06-04,"6' 6""",320.0,78,Texas Tech,USA,"Cibolo, TX",2020,3915834,NULL,NULL
4428656,NFL,6,DAL,Cowboys,OT,Nate,Thomas,2001-08-22,"6' 5""",330.0,71,Louisiana,USA,"Chalmette, LA",2022,4428656,NULL,NULL
4594749,NFL,6,DAL,Cowboys,TE,Michael,Trigg,NULL,"6' 4""",240.0,46,Baylor,USA,"Tampa, FL",2025,4594749,NULL,NULL
3676833,NFL,6,DAL,Cowboys,WR,KaVontae,Turpin,1996-08-02,"5' 7""",158.0,9,TCU,USA,"Monroe, LA",2020,3676833,NULL,NULL
3051738,NFL,6,DAL,Cowboys,WR,Marquez,Valdes-Scantling,1994-10-10,"6' 4""",206.0,11,South Florida,USA,"St. Petersburg, FL",2018,3051738,NULL,NULL
4361579,NFL,6,DAL,Cowboys,RB,Javonte,Williams,2000-04-25,"5' 10""",222.0,33,North Carolina,USA,"Wallace, NC",2019,4361579,NULL,NULL
5082352,NFL,6,DAL,Cowboys,G,DJ,Wingfield,NULL,"6' 4""",316.0,64,USC,USA,"Los Angeles, CA",2025,5082352,NULL,NULL
4685266,NFL,6,DAL,Cowboys,LB,Jaishawn,Barham,2004-02-02,"6' 3""",240.0,55,Michigan,USA,"District Heights, MD",2025,4685266,NULL,NULL
4429249,NFL,6,DAL,Cowboys,LB,Justin,Barron,2001-10-25,"6' 4""",235.0,45,Syracuse,USA,"Rocky Hill, CT",2024,4429249,NULL,NULL
4241921,NFL,6,DAL,Cowboys,S,Markquese,Bell,1999-01-06,"6' 2""",215.0,14,Florida A&M,USA,"Bridgeton, NJ",2020,4241921,NULL,NULL
4248911,NFL,6,DAL,Cowboys,CB,DaRon,Bland,1999-07-12,"6' 2""",202.0,26,Fresno State,USA,"Modesto, CA",2020,4248911,NULL,NULL
4426513,NFL,6,DAL,Cowboys,CB,Trikweze,Bridges,2000-09-20,"6' 2""",200.0,25,Florida,USA,"Lanett, AL",2023,4426513,NULL,NULL
2980097,NFL,6,DAL,Cowboys,DT,Jonathan,Bullard,1993-10-22,"6' 3""",290.0,98,Florida,USA,"Shelby, NC",2016,2980097,NULL,NULL
3929814,NFL,6,DAL,Cowboys,CB,Josh,Butler,1996-11-25,"6' 0""",192.0,31,Michigan State,USA,"Mesquite, TX",2022,3929814,NULL,NULL
4431006,NFL,6,DAL,Cowboys,CB,Caelen,Carson,2002-03-03,"6' 0""",195.0,21,Wake Forest,USA,"Waldorf, MD",2022,4431006,NULL,NULL
4685841,NFL,6,DAL,Cowboys,CB,Zion,Childress,2002-01-21,"5' 11""",203.0,48,Kentucky,USA,"Houston, TX",2024,4685841,NULL,NULL
4595352,NFL,6,DAL,Cowboys,S,Alijah,Clark,2003-07-11,"6' 1""",200.0,38,Syracuse,USA,"Camden, NJ",2023,4595352,NULL,NULL
3122752,NFL,6,DAL,Cowboys,DT,Kenny,Clark,1995-10-04,"6' 3""",314.0,97,UCLA,USA,"San Bernardino, CA",2016,3122752,NULL,NULL
4870706,NFL,6,DAL,Cowboys,S,Caleb,Downs,2004-12-10,"6' 0""",206.0,13,Ohio State,USA,"Hoschton, GA",2025,4870706,NULL,NULL
4689364,NFL,6,DAL,Cowboys,DT,Tommy,Dunn Jr.,NULL,"6' 3""",291.0,95,Kansas,USA,"Garland, TX",2025,4689364,NULL,NULL
4384549,NFL,6,DAL,Cowboys,CB,Cobie,Durant,1998-02-09,"5' 11""",181.0,2,South Carolina State,USA,"Lamar, SC",2020,4384549,NULL,NULL
4683848,NFL,6,DAL,Cowboys,LB,Donovan,Ezeiruaku,2003-09-25,"6' 2""",255.0,6,Boston College,USA,"Williamstown, NJ",2023,4683848,NULL,NULL
4046523,NFL,6,DAL,Cowboys,LB,Rashan,Gary,1997-12-03,"6' 5""",277.0,7,Michigan,USA,"Plainfield, NJ",2019,4046523,NULL,NULL
4431547,NFL,6,DAL,Cowboys,DT,Kelvin,Gilliam Jr.,NULL,"6' 2""",296.0,94,Virginia Tech,USA,"Richmond, VA",2025,4431547,NULL,NULL
3121415,NFL,6,DAL,Cowboys,S,Malik,Hooker,1996-04-02,"6' 1""",215.0,24,Ohio State,USA,"New Castle, PA",2017,3121415,NULL,NULL
4240608,NFL,6,DAL,Cowboys,LB,James,Houston,1998-11-16,"6' 1""",248.0,53,Jackson State,USA,"Fort Lauderdale, FL",2020,4240608,NULL,NULL
4685400,NFL,6,DAL,Cowboys,LB,Shemar,James,2004-06-24,"6' 1""",235.0,50,Florida,USA,"Mobile, AL",2023,4685400,NULL,NULL
4360307,NFL,6,DAL,Cowboys,CB,Derion,Kendrick,2000-08-24,"6' 0""",205.0,15,Georgia,USA,"Rock Hill, SC",2020,4360307,NULL,NULL
4574551,NFL,6,DAL,Cowboys,LB,Isaiah,Land,2000-02-05,"6' 3""",245.0,58,Florida A&M,USA,"Buffalo, NY",2022,4574551,NULL,NULL
4710067,NFL,6,DAL,Cowboys,LB,Malachi,Lawrence,2003-07-21,"6' 4""",253.0,57,UCF,USA,"Louisville, KY",2025,4710067,NULL,NULL
4427816,NFL,6,DAL,Cowboys,LB,Marist,Liufau,2001-02-09,"6' 2""",238.0,35,Notre Dame,USA,"Kalihi, HI",2022,4427816,NULL,NULL
3929850,NFL,6,DAL,Cowboys,S,P.J.,Locke,1997-02-12,"5' 11""",202.0,1,Texas,USA,"Beaumont, TX",2019,3929850,NULL,NULL
4702577,NFL,6,DAL,Cowboys,CB,Devin,Moore,NULL,"6' 3""",198.0,29,Florida,USA,"Naples, FL",2025,4702577,NULL,NULL
5066095,NFL,6,DAL,Cowboys,DT,Adedayo,Odeleye,1997-10-17,"6' 5""",283.0,96,NULL,NULL,NULL,2024,5066095,NULL,NULL
4367210,NFL,6,DAL,Cowboys,DT,Otito,Ogbonnia,2000-08-25,"6' 4""",320.0,91,UCLA,USA,"Houston, TX",2020,4367210,NULL,NULL
4362088,NFL,6,DAL,Cowboys,LB,DeMarvion,Overshown,2000-08-13,"6' 3""",230.0,0,Texas,USA,"Arp, TX",2021,4362088,NULL,NULL
4870960,NFL,6,DAL,Cowboys,DT,LT,Overton,NULL,"6' 5""",274.0,99,Alabama,USA,"Milton, GA",2025,4870960,NULL,NULL
4557348,NFL,6,DAL,Cowboys,LB,Langston,Patterson,NULL,"6' 0""",229.0,47,Vanderbilt,USA,"Nashville, TN",2025,4557348,NULL,NULL
5095865,NFL,6,DAL,Cowboys,CB,Shavon,Revel Jr.,2001-04-08,"6' 1""",198.0,28,East Carolina,USA,"Winston-Salem, NC",2023,5095865,NULL,NULL
4044448,NFL,6,DAL,Cowboys,LB,Curtis,Robinson,1998-06-02,"6' 3""",235.0,42,Stanford,USA,"Irvine, CA",2020,4044448,NULL,NULL
4240849,NFL,6,DAL,Cowboys,LB,Charles,Snowden,1998-03-27,"6' 7""",240.0,49,Virginia,USA,"Silver Spring, MD",2022,4240849,NULL,NULL
4259546,NFL,6,DAL,Cowboys,CB,Ameer,Speed,1999-10-13,"6' 3""",215.0,39,Michigan State,USA,"Jacksonville, FL",2022,4259546,NULL,NULL
4428584,NFL,6,DAL,Cowboys,CB,Reddy,Steward,2001-05-04,"5' 11""",178.0,27,Troy,USA,"Decatur, AL",2023,4428584,NULL,NULL
4043089,NFL,6,DAL,Cowboys,S,Jalen,Thompson,1998-07-18,"5' 11""",190.0,34,Washington State,USA,"Downey, CA",2019,4043089,NULL,NULL
4431603,NFL,6,DAL,Cowboys,DT,Jay,Toia,2003-07-16,"6' 2""",340.0,93,UCLA,USA,"Inglewood, CA",2023,4431603,NULL,NULL
4689333,NFL,6,DAL,Cowboys,LB,Tyrus,Wheat,1999-12-08,"6' 2""",260.0,90,Mississippi State,USA,"Amite, LA",2021,4689333,NULL,NULL
4040982,NFL,6,DAL,Cowboys,DT,Quinnen,Williams,1997-12-20,"6' 3""",303.0,92,Alabama,USA,"Birmingham, AL",2019,4040982,NULL,NULL
4567242,NFL,6,DAL,Cowboys,LB,Sam,Williams,1999-03-31,"6' 4""",260.0,54,Ole Miss,USA,"Montgomery, AL",2021,4567242,NULL,NULL
4428914,NFL,6,DAL,Cowboys,LB,Dee,Winters,2000-10-17,"5' 11""",227.0,53,TCU,USA,"Brenham, TX",2021,4428914,NULL,NULL
4682915,NFL,6,DAL,Cowboys,DT,D.J.,Withers,NULL,"6' 4""",294.0,59,Kansas,USA,"Little Rock, AR",2025,4682915,NULL,NULL
4872841,NFL,6,DAL,Cowboys,S,Julius,Wood,2001-05-02,"6' 1""",193.0,32,East Carolina,USA,"Columbus, OH",2023,4872841,NULL,NULL
14950,NFL,6,DAL,Cowboys,P,Bryan,Anger,1988-10-06,"6' 3""",214.0,5,California,USA,"Camarillo, CA",2012,14950,NULL,NULL
3953687,NFL,6,DAL,Cowboys,PK,Brandon,Aubrey,1995-03-14,"6' 3""",218.0,17,Notre Dame,NULL,NULL,2021,3953687,NULL,NULL
3052357,NFL,6,DAL,Cowboys,LS,Trent,Sieg,1995-05-19,"6' 3""",255.0,44,Colorado State,USA,"Eaton, CO",2018,3052357,NULL,NULL
4044138,NFL,6,DAL,Cowboys,C,Matt,Hennessy,1997-11-17,"6' 4""",295.0,72,Temple,USA,"Bardonia, NY",2020,4044138,NULL,NULL
4383440,NFL,7,DEN,Broncos,TE,Nate,Adkins,1999-07-09,"6' 3""",252.0,45,South Carolina,USA,"Knoxville, TN",2021,4383440,NULL,NULL
4362748,NFL,7,DEN,Broncos,RB,Tyler,Badie,2000-02-07,"5' 8""",197.0,28,Missouri,USA,"Memphis, TN",2022,4362748,NULL,NULL
4034704,NFL,7,DEN,Broncos,WR,Michael,Bandy,1997-12-05,"5' 10""",190.0,83,San Diego,USA,"La Mirada, CA",2022,4034704,NULL,NULL
5159802,NFL,7,DEN,Broncos,TE,Dallen,Bentley,NULL,"6' 4""",253.0,89,Utah,USA,"Taylorsville, UT",2025,5159802,NULL,NULL
4035662,NFL,7,DEN,Broncos,OT,Garett,Bolles,1992-05-27,"6' 5""",300.0,72,Utah,USA,"Lehi, UT",2017,4035662,NULL,NULL
4600981,NFL,7,DEN,Broncos,WR,Pat,Bryant,2002-12-10,"6' 2""",204.0,13,Illinois,USA,"Jacksonville, FL",2023,4600981,NULL,NULL
3917940,NFL,7,DEN,Broncos,WR,Hakeem,Butler,1996-05-16,"6' 5""",227.0,30,Iowa State,USA,"Baltimore, MD",2019,3917940,NULL,NULL
4868598,NFL,7,DEN,Broncos,OT,Kage,Casey,NULL,"6' 5""",310.0,78,Boise State,USA,"Happy Valley, OR",2025,4868598,NULL,NULL
4702555,NFL,7,DEN,Broncos,RB,Jonah,Coleman,NULL,"5' 8""",220.0,20,Washington,USA,"Stockton, CA",2025,4702555,NULL,NULL
4361691,NFL,7,DEN,Broncos,OT,Frank,Crum,2000-05-14,"6' 7""",315.0,73,Wyoming,USA,"Laramie, WY",2022,4361691,NULL,NULL
3121541,NFL,7,DEN,Broncos,C,Michael,Deiter,1996-09-03,"6' 6""",310.0,67,Wisconsin,USA,"Curtice, OH",2019,3121541,NULL,NULL
4241985,NFL,7,DEN,Broncos,RB,J.K.,Dobbins,1998-12-17,"5' 10""",212.0,27,Ohio State,USA,"La Grange, TX",2020,4241985,NULL,NULL
4241820,NFL,7,DEN,Broncos,QB,Sam,Ehlinger,1998-09-30,"6' 1""",222.0,4,Texas,USA,"Austin, TX",2019,4241820,NULL,NULL
3051876,NFL,7,DEN,Broncos,TE,Evan,Engram,1994-09-02,"6' 3""",240.0,1,Ole Miss,USA,"Powder Springs, GA",2017,3051876,NULL,NULL
4242503,NFL,7,DEN,Broncos,C,Alex,Forsyth,1999-02-13,"6' 4""",312.0,54,Oregon,USA,"West Linn, OR",2021,4242503,NULL,NULL
4431280,NFL,7,DEN,Broncos,WR,Troy,Franklin,2003-02-06,"6' 3""",180.0,11,Oregon,USA,"East Palo Alto, CA",2022,4431280,NULL,NULL
4368033,NFL,7,DEN,Broncos,G,Nick,Gargiulo,2000-07-19,"6' 5""",310.0,66,South Carolina,USA,"Yorktown Heights, NY",2023,4368033,NULL,NULL
4568490,NFL,7,DEN,Broncos,RB,RJ,Harvey,2001-02-04,"5' 8""",205.0,12,UCF,USA,"Orlando, FL",2023,4568490,NULL,NULL
4429951,NFL,7,DEN,Broncos,OT,Reid,Holskey,2002-01-03,"6' 6""",306.0,NULL,Miami (OH),USA,"Pataskala, OH",2024,4429951,NULL,NULL
4039057,NFL,7,DEN,Broncos,WR,Lil'Jordan,Humphrey,1998-04-19,"6' 4""",225.0,5,Texas,USA,"Southlake, TX",2019,4039057,NULL,NULL
4912052,NFL,7,DEN,Broncos,TE,Justin,Joly,NULL,"6' 3""",241.0,80,NC State,USA,"Brewster, NY",2025,4912052,NULL,NULL
5225419,NFL,7,DEN,Broncos,WR,Kolbe,Katsis,NULL,"6' 1""",185.0,81,Northern Arizona,USA,"Owasso, OK",2025,5225419,NULL,NULL
4685424,NFL,7,DEN,Broncos,WR,Dane,Key,NULL,"6' 3""",210.0,32,Nebraska,USA,"Lexington, KY",2025,4685424,NULL,NULL
4360231,NFL,7,DEN,Broncos,TE,Lucas,Krull,1998-07-11,"6' 6""",260.0,85,Pittsburgh,USA,"Shawnee, KS",2021,4360231,NULL,NULL
4432208,NFL,7,DEN,Broncos,TE,Caleb,Lohner,2001-10-01,"6' 7""",250.0,84,Utah,USA,"Flower Mound, TX",2024,4432208,NULL,NULL
4683227,NFL,7,DEN,Broncos,WR,Joseph,Manjack IV,NULL,"6' 3""",210.0,86,TCU,USA,"Tomball, TX",2025,4683227,NULL,NULL
3052885,NFL,7,DEN,Broncos,OT,Mike,McGlinchey,1995-01-12,"6' 8""",315.0,69,Notre Dame,USA,"Philadelphia, PA",2018,3052885,NULL,NULL
4722893,NFL,7,DEN,Broncos,RB,Jaleel,McLaughlin,2000-09-13,"5' 7""",187.0,38,Youngstown State,USA,"Marshville, NC",2021,4722893,NULL,NULL
4608138,NFL,7,DEN,Broncos,G,Quinn,Meinerz,1998-11-15,"6' 3""",320.0,77,Wisconsin Whitewater,USA,"Hartford, WI",2019,4608138,NULL,NULL
4686442,NFL,7,DEN,Broncos,OT,Tyler,Miller,NULL,"6' 9""",335.0,71,Iowa State,USA,"Scranton, IA",2025,4686442,NULL,NULL
4686472,NFL,7,DEN,Broncos,WR,Marvin,Mims Jr.,2002-03-19,"5' 11""",182.0,19,Oklahoma,USA,"Frisco, TX",2021,4686472,NULL,NULL
4426338,NFL,7,DEN,Broncos,QB,Bo,Nix,2000-02-25,"6' 2""",217.0,10,Oregon,USA,"Pinson, AL",2022,4426338,NULL,NULL
5085625,NFL,7,DEN,Broncos,OT,Gavin,Ortega,NULL,"6' 5""",300.0,68,Weber State,USA,"Bellingham, WA",2025,5085625,NULL,NULL
4240551,NFL,7,DEN,Broncos,OT,Alex,Palczewski,1999-08-03,"6' 6""",314.0,63,Illinois,USA,"Mount Prospect, IL",2021,4240551,NULL,NULL
3921936,NFL,7,DEN,Broncos,OT,Matt,Peart,1997-06-11,"6' 7""",318.0,79,UConn,Jamaica,Kingston,2020,3921936,NULL,NULL
4037650,NFL,7,DEN,Broncos,G,Ben,Powers,1996-10-29,"6' 4""",310.0,74,Oklahoma,USA,"Wichita, KS",2019,4037650,NULL,NULL
3929914,NFL,7,DEN,Broncos,FB,Adam,Prentice,1997-01-16,"6' 0""",245.0,46,South Carolina,USA,"Fresno, CA",2019,3929914,NULL,NULL
4569001,NFL,7,DEN,Broncos,WR,Cameron,Ross,NULL,"5' 10""",186.0,87,Virginia,USA,"Newark, DE",2025,4569001,NULL,NULL
4391845,NFL,7,DEN,Broncos,RB,Cody,Schrader,1999-09-08,"5' 9""",214.0,25,Missouri,USA,"St. Louis, MO",2022,4391845,NULL,NULL
3892775,NFL,7,DEN,Broncos,QB,Jarrett,Stidham,1996-08-08,"6' 3""",215.0,8,Auburn,USA,"Stephenville, TX",2019,3892775,NULL,NULL
3128429,NFL,7,DEN,Broncos,WR,Courtland,Sutton,1995-10-10,"6' 4""",216.0,14,SMU,USA,"Brenham, TX",2018,3128429,NULL,NULL
3915147,NFL,7,DEN,Broncos,G,Calvin,Throckmorton,1996-08-16,"6' 5""",311.0,76,Oregon,USA,"Bellevue, WA",2020,3915147,NULL,NULL
3911853,NFL,7,DEN,Broncos,TE,Adam,Trautman,1997-02-05,"6' 5""",253.0,82,Dayton,USA,"Williamsburg, MI",2020,3911853,NULL,NULL
4372016,NFL,7,DEN,Broncos,WR,Jaylen,Waddle,1998-11-25,"5' 10""",185.0,17,Alabama,USA,"Houston, TX",2019,4372016,NULL,NULL
4039018,NFL,7,DEN,Broncos,C,Luke,Wattenberg,1997-09-10,"6' 5""",300.0,60,Washington,USA,"Trabuco Canyon, CA",2020,4039018,NULL,NULL
4429193,NFL,7,DEN,Broncos,CB,Kris,Abrams-Draine,2001-10-04,"5' 11""",178.0,31,Missouri,USA,"Mobile, AL",2022,4429193,NULL,NULL
3915282,NFL,7,DEN,Broncos,DE,Zach,Allen,1997-08-20,"6' 5""",285.0,99,Boston College,USA,"New Canaan, CT",2019,3915282,NULL,NULL
4257240,NFL,7,DEN,Broncos,S,Tycen,Anderson,1999-06-13,"6' 2""",210.0,6,Toledo,USA,"Toledo, OH",2020,4257240,NULL,NULL
5082398,NFL,7,DEN,Broncos,CB,Brent,Austin,NULL,"5' 11""",180.0,25,California,USA,"San Bernardino, CA",2025,5082398,NULL,NULL
4428241,NFL,7,DEN,Broncos,LB,Levelle,Bailey,2000-12-04,"6' 2""",225.0,56,Fresno State,USA,"Sacramento, CA",2023,4428241,NULL,NULL
4430925,NFL,7,DEN,Broncos,CB,Jahdae,Barron,2001-12-04,"5' 11""",200.0,23,Texas,USA,"Austin, TX",2023,4430925,NULL,NULL
4360259,NFL,7,DEN,Broncos,LB,Nik,Bonitto,1999-09-26,"6' 3""",240.0,15,Oklahoma,USA,"Fort Lauderdale, FL",2020,4360259,NULL,NULL
4040608,NFL,7,DEN,Broncos,LB,Jonathon,Cooper,1998-01-08,"6' 4""",257.0,0,Ohio State,USA,"Gahanna, OH",2019,4040608,NULL,NULL
5098200,NFL,7,DEN,Broncos,CB,Blake,Cotton,NULL,"6' 2""",195.0,NULL,Utah,USA,"Sherman Oaks, CA",2025,5098200,NULL,NULL
4687592,NFL,7,DEN,Broncos,LB,Jonah,Elliss,2003-04-03,"6' 2""",246.0,52,Utah,USA,"Moscow, ID",2022,4687592,NULL,NULL
4565769,NFL,7,DEN,Broncos,CB,Sean,Fresch,NULL,"5' 9""",181.0,37,Rice,USA,"Austin, TX",2025,4565769,NULL,NULL
4242358,NFL,7,DEN,Broncos,DE,Matt,Henningsen,1999-07-09,"6' 3""",291.0,91,Wisconsin,USA,"Menomonee Falls, WI",2021,4242358,NULL,NULL
4360853,NFL,7,DEN,Broncos,S,Talanoa,Hufanga,2000-02-01,"6' 0""",200.0,9,USC,USA,"Corvallis, OR",2019,4360853,NULL,NULL
4261090,NFL,7,DEN,Broncos,DT,Jordan,Jackson,1998-01-30,"6' 4""",294.0,94,Air Force,USA,"Jacksonville, FL",2022,4261090,NULL,NULL
4039059,NFL,7,DEN,Broncos,S,Brandon,Jones,1998-04-02,"6' 0""",191.0,22,Texas,USA,"Nacogdoches, TX",2020,4039059,NULL,NULL
3894915,NFL,7,DEN,Broncos,DT,D.J.,Jones,1995-01-19,"6' 0""",305.0,93,Ole Miss,USA,"Greenville, SC",2017,3894915,NULL,NULL
4603189,NFL,7,DEN,Broncos,DE,Sai'vion,Jones,2003-07-03,"6' 5""",289.0,95,LSU,USA,"Vacherie, LA",2023,4603189,NULL,NULL
4037559,NFL,7,DEN,Broncos,S,Devon,Key,1997-10-28,"6' 0""",208.0,26,Western Kentucky,USA,"Lexington, KY",2022,4037559,NULL,NULL
4685439,NFL,7,DEN,Broncos,LB,Dasan,McCullough,NULL,"6' 5""",240.0,57,Nebraska,USA,"Kansas City, KS",2025,4685439,NULL,NULL
4567462,NFL,7,DEN,Broncos,CB,Ja'Quan,McMillian,2000-06-04,"5' 10""",183.0,29,East Carolina,USA,"Winston-Salem, NC",2021,4567462,NULL,NULL
4362524,NFL,7,DEN,Broncos,DT,Jordan,Miller,2000-01-20,"6' 3""",307.0,90,SMU,USA,"Jacksonville, FL",2024,4362524,NULL,NULL
4382401,NFL,7,DEN,Broncos,CB,Riley,Moss,2000-03-03,"6' 0""",193.0,21,Iowa,USA,"Ankeny, IA",2021,4382401,NULL,NULL
4912190,NFL,7,DEN,Broncos,LB,Red,Murdock,NULL,"6' 3""",240.0,50,Buffalo,USA,"Petersburg, VA",2025,4912190,NULL,NULL
4683535,NFL,7,DEN,Broncos,DT,Tyler,Onyedim,2003-05-14,"6' 3""",292.0,98,Texas A&M,USA,"Richmond, TX",2025,4683535,NULL,NULL
4875336,NFL,7,DEN,Broncos,LB,Karene,Reid,2000-02-19,"6' 0""",226.0,47,Utah,USA,"American Fork, UT",2023,4875336,NULL,NULL
4039064,NFL,7,DEN,Broncos,DT,Malcolm,Roach,1998-06-09,"6' 3""",290.0,97,Texas,USA,"Baton Rouge, LA",2020,4039064,NULL,NULL
4892440,NFL,7,DEN,Broncos,S,Parker,Robertson,NULL,"5' 11""",185.0,36,Oklahoma State,USA,"Rockwall, TX",2025,4892440,NULL,NULL
4374032,NFL,7,DEN,Broncos,CB,Jaden,Robinson,2000-11-14,"6' 0""",193.0,33,Oregon State,USA,"Auburn, WA",2024,4374032,NULL,NULL
4692048,NFL,7,DEN,Broncos,LB,Que,Robinson,2001-05-12,"6' 4""",243.0,51,Alabama,USA,"Birmingham, AL",2023,4692048,NULL,NULL
4685721,NFL,7,DEN,Broncos,LB,Drew,Sanders,2001-12-31,"6' 5""",233.0,41,Arkansas,USA,"Denton, TX",2021,4685721,NULL,NULL
4880014,NFL,7,DEN,Broncos,S,Miles,Scott,NULL,"5' 11""",210.0,39,Illinois,USA,"Dolton, IL",2025,4880014,NULL,NULL
2612151,NFL,7,DEN,Broncos,LB,Alex,Singleton,1993-12-07,"6' 2""",240.0,49,Montana State,USA,"Thousand Oaks, CA",2015,2612151,NULL,NULL
4428503,NFL,7,DEN,Broncos,S,JL,Skinner,2001-04-16,"6' 4""",220.0,34,Boise State,USA,"San Diego, CA",2021,4428503,NULL,NULL
3919548,NFL,7,DEN,Broncos,LB,Justin,Strnad,1996-08-21,"6' 3""",235.0,40,Wake Forest,USA,"Palm Harbor, FL",2020,3919548,NULL,NULL
4372012,NFL,7,DEN,Broncos,CB,Pat,Surtain II,2000-04-14,"6' 2""",202.0,2,Alabama,USA,"Plantation, FL",2019,4372012,NULL,NULL
4371946,NFL,7,DEN,Broncos,CB,Reese,Taylor,1999-08-27,"5' 9""",188.0,35,Purdue,USA,"Indianapolis, IN",2023,4371946,NULL,NULL
5216101,NFL,7,DEN,Broncos,LB,Dondrea,Tillman,1998-04-30,"6' 4""",247.0,92,IU Pennsylvania,USA,"Sterling, VA",2022,5216101,NULL,NULL
4693373,NFL,7,DEN,Broncos,LB,Jordan,Turner,2001-12-13,"6' 1""",231.0,55,Michigan State,USA,"Farmington Hills, MI",2023,4693373,NULL,NULL
4066109,NFL,7,DEN,Broncos,DE,Eyioma,Uwazurike,1998-05-06,"6' 6""",320.0,96,Iowa State,USA,"Detroit, MI",2021,4066109,NULL,NULL
4430973,NFL,7,DEN,Broncos,LB,Johnny,Walker,2001-12-12,"6' 3""",250.0,59,Missouri,USA,"Tampa, FL",2023,4430973,NULL,NULL
4428886,NFL,7,DEN,Broncos,DT,Kristian,Williams,2000-12-05,"6' 2""",295.0,75,Missouri,USA,"Memphis, TN",2024,4428886,NULL,NULL
4917859,NFL,7,DEN,Broncos,LB,Taurean,York,NULL,"5' 10""",226.0,42,Texas A&M,USA,"Temple, TX",2025,4917859,NULL,NULL
4875296,NFL,7,DEN,Broncos,LS,Luke,Basso,NULL,"6' 3""",246.0,43,Oregon,USA,"Lake Oswego, OR",2025,4875296,NULL,NULL
4589212,NFL,7,DEN,Broncos,P,Jeremy,Crawshaw,2001-05-22,"6' 3""",205.0,16,Florida,Australia,"Penrith, NSW",2023,4589212,NULL,NULL
3139166,NFL,7,DEN,Broncos,LS,Mitchell,Fraboni,1996-10-28,"6' 2""",223.0,48,Arizona State,USA,"Phoenix, AZ",2020,3139166,NULL,NULL
2985659,NFL,7,DEN,Broncos,PK,Wil,Lutz,1994-07-07,"5' 11""",184.0,3,Georgia State,USA,"Newnan, GA",2016,2985659,NULL,NULL
4597679,NFL,8,DET,Lions,QB,Luke,Altmyer,NULL,"6' 1""",213.0,2,Illinois,USA,"Starkville, MS",2025,4597679,NULL,NULL
4611506,NFL,8,DET,Lions,G,Ben,Bartch,1998-07-22,"6' 6""",318.0,78,Saint John's (MN),USA,"Dayton, OR",2020,4611506,NULL,NULL
4258170,NFL,8,DET,Lions,WR,Tarik,Black,1998-02-10,"6' 3""",213.0,12,Texas,USA,"Hamden, CT",2024,4258170,NULL,NULL
4241217,NFL,8,DET,Lions,OT,Larry,Borom,1999-03-30,"6' 5""",325.0,79,Missouri,USA,"Detroit, MI",2019,4241217,NULL,NULL
16728,NFL,8,DET,Lions,QB,Teddy,Bridgewater,1992-11-10,"6' 2""",217.0,5,Louisville,USA,"Miami, FL",2014,16728,NULL,NULL
4035270,NFL,8,DET,Lions,OT,Devin,Cochran,1998-07-17,"6' 7""",322.0,77,Georgia Tech,USA,"Norcross, GA",2022,4035270,NULL,NULL
3915486,NFL,8,DET,Lions,TE,Tyler,Conklin,1995-07-30,"6' 3""",245.0,83,Central Michigan,USA,"Chesterfield, MI",2018,3915486,NULL,NULL
4240069,NFL,8,DET,Lions,WR,Malik,Cunningham,1998-10-06,"6' 1""",190.0,15,Louisville,USA,"Montgomery, AL",2023,4240069,NULL,NULL
4037235,NFL,8,DET,Lions,WR,Greg,Dortch,1998-05-29,"5' 7""",183.0,8,Wake Forest,USA,"Richmond, VA",2019,4037235,NULL,NULL
4608890,NFL,8,DET,Lions,G,Miles,Frazier,2001-09-12,"6' 6""",325.0,71,LSU,USA,"Camden, NJ",2023,4608890,NULL,NULL
4429795,NFL,8,DET,Lions,RB,Jahmyr,Gibbs,2002-03-20,"5' 9""",202.0,0,Alabama,USA,"Dalton, GA",2021,4429795,NULL,NULL
3046779,NFL,8,DET,Lions,QB,Jared,Goff,1994-10-14,"6' 4""",217.0,16,California,USA,"Novato, CA",2016,3046779,NULL,NULL
4569615,NFL,8,DET,Lions,TE,Thomas,Gordon,2000-09-05,"6' 4""",250.0,82,Northwestern,USA,"Houston, TX",2024,4569615,NULL,NULL
4877824,NFL,8,DET,Lions,TE,Zach,Horton,2002-12-02,"6' 4""",256.0,40,Indiana,USA,"Roanoke, VA",2024,4877824,NULL,NULL
3116136,NFL,8,DET,Lions,RB,Justin,Jackson,1996-04-22,"6' 0""",199.0,38,Northwestern,USA,"Carol Stream, IL",2018,3116136,NULL,NULL
3915802,NFL,8,DET,Lions,WR,Lucky,Jackson,1997-07-17,"6' 1""",185.0,11,Western Kentucky,NULL,NULL,2024,3915802,NULL,NULL
3126997,NFL,8,DET,Lions,WR,Tom,Kennedy,1996-07-29,"5' 10""",195.0,85,Bryant,USA,"Farmingdale, NY",2019,3126997,NULL,NULL
4372769,NFL,8,DET,Lions,WR,Lawrence,Keys III,1999-12-09,"5' 11""",175.0,NULL,Tulane,USA,"New Orleans, LA",2024,4372769,NULL,NULL
5089453,NFL,8,DET,Lions,TE,Miles,Kitselman,NULL,"6' 5""",251.0,84,Tennessee,USA,"Lyndon, KS",2025,5089453,NULL,NULL
4430027,NFL,8,DET,Lions,TE,Sam,LaPorta,2001-01-12,"6' 3""",245.0,87,Iowa,USA,"Highland, IL",2021,4430027,NULL,NULL
4596439,NFL,8,DET,Lions,WR,Dominic,Lovett,2002-11-08,"5' 10""",185.0,19,Georgia,USA,"Belleville, IL",2023,4596439,NULL,NULL
4427864,NFL,8,DET,Lions,G,Christian,Mahogany,2000-10-11,"6' 3""",330.0,73,Boston College,USA,"Elmwood Park, NJ",2022,4427864,NULL,NULL
5209589,NFL,8,DET,Lions,OT,Giovanni,Manu,2001-01-26,"6' 7""",345.0,59,British Columbia,Canada,"Pitt Meadows, BC",2022,5209589,NULL,NULL
4245144,NFL,8,DET,Lions,WR,Tay,Martin,1997-12-14,"6' 3""",186.0,17,Oklahoma State,USA,"Houma, LA",2024,4245144,NULL,NULL
4361788,NFL,8,DET,Lions,C,Cade,Mays,1999-04-26,"6' 6""",325.0,64,Tennessee,USA,"Knoxville, TN",2020,4361788,NULL,NULL
4429187,NFL,8,DET,Lions,C,Seth,McLaughlin,2001-08-27,"6' 4""",304.0,65,Ohio State,USA,"Buford, GA",2024,4429187,NULL,NULL
4602788,NFL,8,DET,Lions,WR,Jackson,Meeks,2003-03-24,"6' 2""",235.0,13,Syracuse,USA,"Phenix City, AL",2024,4602788,NULL,NULL
5081450,NFL,8,DET,Lions,OT,Blake,Miller,2004-02-25,"6' 6""",320.0,76,Clemson,USA,"Strongsville, OH",2025,5081450,NULL,NULL
4693332,NFL,8,DET,Lions,G,Mason,Miller,2001-11-26,"6' 7""",318.0,63,North Dakota State,USA,"Ada, MN",2024,4693332,NULL,NULL
4051353,NFL,8,DET,Lions,G,Michael,Niese,1998-01-13,"6' 5""",300.0,62,Temple,USA,"Chesterfield, MO",2022,4051353,NULL,NULL
4361529,NFL,8,DET,Lions,RB,Isiah,Pacheco,1999-03-02,"5' 10""",210.0,10,Rutgers,USA,"Vineland, NJ",2020,4361529,NULL,NULL
4917235,NFL,8,DET,Lions,OT,Melvin,Priestly,NULL,"6' 4""",316.0,74,Illinois,USA,"St. Louis, MO",2025,4917235,NULL,NULL
4429035,NFL,8,DET,Lions,G,Tate,Ratledge,2001-04-26,"6' 6""",322.0,69,Georgia,USA,"Rome, GA",2023,4429035,NULL,NULL
4880638,NFL,8,DET,Lions,RB,Kye,Robichaux,2002-10-06,"6' 0""",213.0,34,Boston College,USA,"Columbus, GA",2023,4880638,NULL,NULL
4383429,NFL,8,DET,Lions,RB,Jacob,Saylors,2000-03-08,"5' 11""",195.0,25,East Tennessee State,USA,"Jasper, TN",2023,4383429,NULL,NULL
4361425,NFL,8,DET,Lions,G,Juice,Scruggs,2000-01-19,"6' 3""",320.0,70,Penn State,USA,"Ashtabula, OH",2021,4361425,NULL,NULL
4373825,NFL,8,DET,Lions,OT,Penei,Sewell,2000-10-09,"6' 5""",335.0,58,Oregon,American Samoa,Malaeimi,2019,4373825,NULL,NULL
4432545,NFL,8,DET,Lions,RB,Jabari,Small,2001-01-31,"5' 11""",208.0,26,Tennessee,USA,"Memphis, TN",2024,4432545,NULL,NULL
4367775,NFL,8,DET,Lions,OT,Colby,Sorsdal,2000-03-01,"6' 6""",315.0,75,William & Mary,USA,"Pittsburgh, PA",2021,4367775,NULL,NULL
4374302,NFL,8,DET,Lions,WR,Amon-Ra,St. Brown,1999-10-24,"6' 0""",202.0,14,USC,USA,"Anaheim Hills, CA",2019,4374302,NULL,NULL
5123663,NFL,8,DET,Lions,WR,Isaac,TeSlaa,2002-02-20,"6' 4""",214.0,18,Arkansas,USA,"Hudsonville, MI",2023,5123663,NULL,NULL
4912274,NFL,8,DET,Lions,RB,Sione,Vaki,2001-07-30,"5' 11""",216.0,33,Utah,USA,"Antioch, CA",2022,4912274,NULL,NULL
4426388,NFL,8,DET,Lions,WR,Jameson,Williams,2001-03-26,"6' 1""",184.0,1,Alabama,USA,"St. Louis, MO",2020,4426388,NULL,NULL
4036335,NFL,8,DET,Lions,WR,Cedrick,Wilson Jr.,1995-11-20,"6' 2""",205.0,86,Boise State,USA,"Memphis, TN",2018,4036335,NULL,NULL
4242392,NFL,8,DET,Lions,TE,Brock,Wright,1998-11-27,"6' 5""",254.0,89,Notre Dame,USA,"Cypress, TX",2019,4242392,NULL,NULL
5093004,NFL,8,DET,Lions,CB,Keith,Abney II,NULL,"5' 9""",187.0,28,Arizona State,USA,"Dallas, TX",2025,5093004,NULL,NULL
4039164,NFL,8,DET,Lions,DE,Myles,Adams,1998-03-09,"6' 2""",299.0,96,Rice,USA,"Arlington, TX",2020,4039164,NULL,NULL
4036507,NFL,8,DET,Lions,LB,Joe,Bachie,1998-02-26,"6' 2""",238.0,35,Michigan State,USA,"Brook Park, OH",2020,4036507,NULL,NULL
4260409,NFL,8,DET,Lions,LB,Derrick,Barnes,1999-05-29,"6' 0""",240.0,55,Purdue,USA,"Covington, KY",2019,4260409,NULL,NULL
4692025,NFL,8,DET,Lions,DB,Brian,Branch,2001-10-22,"6' 0""",203.0,32,Alabama,USA,"Fayetteville, GA",2021,4692025,NULL,NULL
4565445,NFL,8,DET,Lions,DB,Aamaris,Brown,NULL,"5' 10""",198.0,42,UNLV,USA,"Tampa, FL",2025,4565445,NULL,NULL
4569465,NFL,8,DET,Lions,LB,Jack,Campbell,2000-08-22,"6' 5""",246.0,46,Iowa,USA,"Cedar Falls, IA",2021,4569465,NULL,NULL
3045463,NFL,8,DET,Lions,S,Chuck,Clark,1995-04-19,"6' 0""",210.0,36,Virginia Tech,USA,"Suffolk, VA",2017,3045463,NULL,NULL
4362636,NFL,8,DET,Lions,LB,Damone,Clark,2000-06-28,"6' 2""",240.0,11,LSU,USA,"Baton Rouge, LA",2020,4362636,NULL,NULL
4027919,NFL,8,DET,Lions,CB,Khalil,Dorsey,1998-03-31,"5' 8""",190.0,30,Northern Arizona,USA,"Ontario, CA",2020,4027919,NULL,NULL
5103940,NFL,8,DET,Lions,DT,Skyler,Gill-Howard,NULL,"6' 0""",280.0,50,Texas Tech,USA,"Milwaukee, WI",2025,5103940,NULL,NULL
4569323,NFL,8,DET,Lions,S,Thomas,Harper,2000-11-05,"5' 8""",195.0,12,Notre Dame,USA,"Knoxville, TN",2022,4569323,NULL,NULL
4710422,NFL,8,DET,Lions,DE,Ahmed,Hassanein,2002-07-09,"6' 2""",275.0,99,Boise State,Egypt,Cairo,2024,4710422,NULL,NULL
4890074,NFL,8,DET,Lions,LB,Erick,Hunter,NULL,"6' 2""",224.0,48,Morgan State,USA,"Capitol Heights, MD",2025,4890074,NULL,NULL
4372099,NFL,8,DET,Lions,DE,Aidan,Hutchinson,2000-08-09,"6' 7""",268.0,97,Michigan,USA,"Plymouth, MI",2020,4372099,NULL,NULL
4372459,NFL,8,DET,Lions,DB,Christian,Izien,2000-06-08,"5' 10""",206.0,27,Rutgers,USA,"Far Rockaway, NY",2021,4372459,NULL,NULL
4575115,NFL,8,DET,Lions,S,Dan,Jackson,2000-11-30,"6' 1""",195.0,17,Georgia,USA,"Gainesville, GA",2023,4575115,NULL,NULL
4360383,NFL,8,DET,Lions,S,Kerby,Joseph,2000-11-14,"6' 0""",210.0,31,Illinois,USA,"Orlando, FL",2020,4360383,NULL,NULL
4430121,NFL,8,DET,Lions,DT,Aidan,Keanaaina,NULL,"6' 3""",320.0,60,California,USA,"Brighton, CO",2025,4430121,NULL,NULL
4361861,NFL,8,DET,Lions,DT,Tyler,Lacy,1999-11-10,"6' 4""",300.0,93,Oklahoma State,USA,"Sachse, TX",2021,4361861,NULL,NULL
4685442,NFL,8,DET,Lions,DE,Anthony,Lucas,NULL,"6' 5""",265.0,61,USC,USA,"Scottsdale, AZ",2025,4685442,NULL,NULL
3123938,NFL,8,DET,Lions,DB,Avonte,Maddox,1996-03-31,"5' 9""",191.0,29,Pittsburgh,USA,"Detroit, MI",2018,3123938,NULL,NULL
4371973,NFL,8,DET,Lions,CB,Roger,McCreary,2000-02-10,"5' 11""",190.0,21,Auburn,USA,"Mobile, AL",2020,4371973,NULL,NULL
4361662,NFL,8,DET,Lions,DT,Alim,McNeill,2000-05-11,"6' 2""",310.0,54,NC State,USA,"Raleigh, NC",2019,4361662,NULL,NULL
4685461,NFL,8,DET,Lions,DE,Derrick,Moore,2002-12-06,"6' 3""",260.0,9,Michigan,USA,"Baltimore, MD",2025,4685461,NULL,NULL
5144894,NFL,8,DET,Lions,LB,Trevor,Nowaske,1998-11-07,"6' 3""",237.0,53,Saginaw Valley State,USA,"Canton, MI",2021,5144894,NULL,NULL
4892218,NFL,8,DET,Lions,DE,Eric,O'Neill,NULL,"6' 2""",250.0,66,Rutgers,USA,"Staten Island, NY",2025,4892218,NULL,NULL
4039020,NFL,8,DET,Lions,DE,Levi,Onwuzurike,1998-03-02,"6' 3""",304.0,95,Washington,USA,"Allen, TX",2019,4039020,NULL,NULL
4566092,NFL,8,DET,Lions,CB,Ennis,Rakestraw Jr.,2002-06-05,"5' 11""",192.0,2,Missouri,USA,"Dallas, TX",2022,4566092,NULL,NULL
3139387,NFL,8,DET,Lions,CB,D.J.,Reed,1996-11-11,"5' 9""",190.0,4,Kansas State,USA,"Bakersfield, CA",2018,3139387,NULL,NULL
4241411,NFL,8,DET,Lions,LB,Malcolm,Rodriguez,1999-03-29,"5' 11""",230.0,44,Oklahoma State,USA,"Wagoner, OK",2020,4241411,NULL,NULL
4896353,NFL,8,DET,Lions,LB,Jimmy,Rolder,NULL,"6' 2""",238.0,41,Michigan,USA,"Orland Park, IL",2025,4896353,NULL,NULL
4682505,NFL,8,DET,Lions,CB,De'Shawn,Rucker,NULL,"6' 0""",195.0,43,South Florida,USA,"Tallahassee, FL",2025,4682505,NULL,NULL
4367835,NFL,8,DET,Lions,DT,Chris,Smith,1999-12-15,"6' 1""",320.0,90,Notre Dame,USA,"Detroit, MI",2024,4367835,NULL,NULL
4917439,NFL,8,DET,Lions,S,Loren,Strickland,2000-05-31,"5' 10""",206.0,24,Ball State,USA,"Carpentersville, IL",2023,4917439,NULL,NULL
4259647,NFL,8,DET,Lions,DT,Jay,Tufele,1999-07-25,"6' 3""",320.0,57,USC,USA,"Salt Lake City, UT",2019,4259647,NULL,NULL
4240269,NFL,8,DET,Lions,DE,Payton,Turner,1999-01-07,"6' 6""",272.0,92,Houston,USA,"Houston, TX",2019,4240269,NULL,NULL
4685609,NFL,8,DET,Lions,DT,Tyre,West,NULL,"6' 1""",290.0,52,Tennessee,USA,"Tifton, GA",2025,4685609,NULL,NULL
5143915,NFL,8,DET,Lions,CB,Nick,Whiteside,2000-05-01,"6' 1""",200.0,38,Saginaw Valley State,NULL,NULL,2023,5143915,NULL,NULL
4431615,NFL,8,DET,Lions,DT,Tyleik,Williams,2003-02-25,"6' 3""",325.0,91,Ohio State,USA,"Manassas, VA",2023,4431615,NULL,NULL
4586333,NFL,8,DET,Lions,DT,Mekhi,Wingo,2003-04-17,"6' 0""",282.0,94,LSU,USA,"St. Louis, MO",2022,4586333,NULL,NULL
4038849,NFL,8,DET,Lions,LB,DJ,Wonnum,1997-10-31,"6' 5""",262.0,98,South Carolina,USA,"Stone Mountain, GA",2020,4038849,NULL,NULL
3910229,NFL,8,DET,Lions,CB,Rock,Ya-Sin,1996-05-23,"5' 11""",195.0,23,Temple,USA,"Decatur, GA",2019,3910229,NULL,NULL
4689936,NFL,8,DET,Lions,PK,Jake,Bates,1999-03-03,"5' 10""",205.0,39,Arkansas,USA,"Tomball, TX",2022,4689936,NULL,NULL
3916370,NFL,8,DET,Lions,P,Jack,Fox,1996-09-01,"6' 2""",218.0,3,Rice,USA,"St. Louis, MO",2019,3916370,NULL,NULL
4571755,NFL,8,DET,Lions,LS,Hogan,Hatten,2000-08-06,"6' 2""",239.0,49,Idaho,USA,"Scottsdale, AZ",2022,4571755,NULL,NULL
4685441,NFL,8,DET,Lions,WR,Kendrick,Law,NULL,"5' 11""",203.0,88,Kentucky,USA,"Shreveport, LA",2025,4685441,NULL,NULL
4242390,NFL,9,GB,Packers,G,Aaron,Banks,1997-09-03,"6' 5""",325.0,65,Notre Dame,USA,"Alameda, CA",2019,4242390,NULL,NULL
4426623,NFL,9,GB,Packers,OT,Brant,Banks,2000-05-01,"6' 7""",306.0,72,Rice,USA,"Houston, TX",2024,4426623,NULL,NULL
4426638,NFL,9,GB,Packers,G,Karsen,Barnhart,2001-03-02,"6' 4""",306.0,61,Michigan,USA,"Paw Paw, MI",2024,4426638,NULL,NULL
4429248,NFL,9,GB,Packers,G,Dylan,Barrett,NULL,"6' 5""",326.0,74,Iowa State,USA,"St. Charles, IL",2025,4429248,NULL,NULL
4873706,NFL,9,GB,Packers,OT,Anthony,Belton,2001-02-23,"6' 6""",336.0,71,NC State,USA,"Tallahassee, FL",2023,4873706,NULL,NULL
3149687,NFL,9,GB,Packers,RB,Chris,Brooks,2000-01-11,"6' 1""",219.0,30,BYU,USA,"Oceanside, CA",2021,3149687,NULL,NULL
4569661,NFL,9,GB,Packers,C,Jager,Burton,NULL,"6' 4""",312.0,52,Kentucky,USA,"Lexington, KY",2025,4569661,NULL,NULL
4426972,NFL,9,GB,Packers,OT,Dalton,Cooper,2001-03-15,"6' 6""",326.0,78,Oklahoma State,USA,"Prague, OK",2024,4426972,NULL,NULL
4429466,NFL,9,GB,Packers,TE,Drake,Dabney,2002-05-14,"6' 5""",246.0,49,TCU,USA,"Cypress, TX",2024,4429466,NULL,NULL
4678010,NFL,9,GB,Packers,QB,Kyron,Drones,NULL,"6' 2""",226.0,13,Virginia Tech,USA,"Houston, TX",2025,4678010,NULL,NULL
4687706,NFL,9,GB,Packers,G,Josh,Gesky,NULL,"6' 5""",308.0,76,Illinois,USA,"Manteno, IL",2025,4687706,NULL,NULL
4361904,NFL,9,GB,Packers,OT,Travis,Glover,2000-08-17,"6' 6""",317.0,79,Georgia State,USA,"Vienna, GA",2022,4361904,NULL,NULL
4701936,NFL,9,GB,Packers,WR,Matthew,Golden,2003-08-01,"5' 11""",191.0,0,Texas,USA,"Houston, TX",2023,4701936,NULL,NULL
4047365,NFL,9,GB,Packers,RB,Josh,Jacobs,1998-02-11,"5' 10""",223.0,8,Alabama,USA,"Tulsa, OK",2019,4047365,NULL,NULL
4360887,NFL,9,GB,Packers,G,Donovan,Jennings,1999-11-24,"6' 4""",323.0,67,South Florida,USA,"Tampa, FL",2023,4360887,NULL,NULL
4362611,NFL,9,GB,Packers,OT,Darian,Kinnard,1999-12-29,"6' 5""",322.0,70,Kentucky,USA,"Knoxville, TN",2021,4362611,NULL,NULL
4572680,NFL,9,GB,Packers,TE,Tucker,Kraft,2000-11-03,"6' 5""",259.0,85,South Dakota State,USA,"Timber Lake, SD",2021,4572680,NULL,NULL
4432338,NFL,9,GB,Packers,TE,Luke,Lachey,2001-06-29,"6' 6""",250.0,86,Iowa,USA,"Columbus, OH",2024,4432338,NULL,NULL
4429023,NFL,9,GB,Packers,RB,MarShawn,Lloyd,2001-01-05,"5' 9""",220.0,32,USC,USA,"Wilmington, DE",2022,4429023,NULL,NULL
4036378,NFL,9,GB,Packers,QB,Jordan,Love,1998-11-02,"6' 4""",219.0,10,Utah State,USA,"Bakersfield, CA",2020,4036378,NULL,NULL
4808830,NFL,9,GB,Packers,RB,Damien,Martinez,2004-01-31,"6' 0""",217.0,26,Miami,USA,"Lewisville, TX",2024,4808830,NULL,NULL
4702913,NFL,9,GB,Packers,TE,RJ,Maryland,NULL,"6' 3""",236.0,48,SMU,USA,"Southlake, TX",2025,4702913,NULL,NULL
4433971,NFL,9,GB,Packers,QB,Kyle,McCord,2002-09-19,"6' 3""",218.0,18,Syracuse,USA,"Mount Laurel, NJ",2024,4433971,NULL,NULL
4259305,NFL,9,GB,Packers,WR,Bo,Melton,1999-05-18,"5' 11""",189.0,16,Rutgers,USA,"Mays Landing, NJ",2022,4259305,NULL,NULL
4428037,NFL,9,GB,Packers,C,Jacob,Monk,2001-06-04,"6' 3""",308.0,62,Duke,USA,"Clayton, NC",2022,4428037,NULL,NULL
4430191,NFL,9,GB,Packers,WR,Skyy,Moore,2000-09-10,"5' 10""",195.0,23,Western Michigan,USA,"New Kensington, PA",2020,4430191,NULL,NULL
3821571,NFL,9,GB,Packers,G,Jordan,Morgan,2001-08-04,"6' 5""",311.0,77,Arizona,USA,"Marana, AZ",2022,3821571,NULL,NULL
4428085,NFL,9,GB,Packers,TE,Luke,Musgrave,2000-09-02,"6' 6""",253.0,88,Oregon State,USA,"Bend, OR",2021,4428085,NULL,NULL
4428116,NFL,9,GB,Packers,WR,Isaiah,Neyor,2001-06-07,"6' 4""",218.0,80,Nebraska,USA,"Fort Worth, TX",2024,4428116,NULL,NULL
4683165,NFL,9,GB,Packers,RB,Jaden,Nixon,NULL,"5' 10""",199.0,35,UCF,USA,"Irving, TX",2025,4683165,NULL,NULL
4362249,NFL,9,GB,Packers,WR,Jayden,Reed,2000-04-28,"5' 11""",187.0,11,Michigan State,USA,"Naperville, IL",2021,4362249,NULL,NULL
4426411,NFL,9,GB,Packers,G,Sean,Rhyan,2000-09-15,"6' 5""",321.0,75,UCLA,USA,"Ladera Ranch, CA",2020,4426411,NULL,NULL
4686781,NFL,9,GB,Packers,WR,Brenden,Rice,2002-03-18,"6' 2""",208.0,89,USC,USA,"Chandler, AZ",2023,4686781,NULL,NULL
4608679,NFL,9,GB,Packers,WR,Will,Sheppard,2002-02-11,"6' 3""",196.0,82,Colorado,USA,"Madisonville, LA",2024,4608679,NULL,NULL
4249836,NFL,9,GB,Packers,RB,Pierre,Strong Jr.,1998-12-10,"5' 11""",207.0,22,South Dakota State,USA,"Little Rock, AR",2021,4249836,NULL,NULL
4635009,NFL,9,GB,Packers,WR,J. Michael,Sturdivant,NULL,"6' 3""",207.0,87,Florida,USA,"Flower Mound, TX",2025,4635009,NULL,NULL
4362770,NFL,9,GB,Packers,TE,Messiah,Swinson,2000-04-20,"6' 7""",259.0,43,Arizona State,USA,"Bay Shore, NY",2024,4362770,NULL,NULL
14163,NFL,9,GB,Packers,QB,Tyrod,Taylor,1989-08-03,"6' 1""",217.0,6,Virginia Tech,USA,"Hampton, VA",2011,14163,NULL,NULL
4240435,NFL,9,GB,Packers,OT,Zach,Tom,1999-03-26,"6' 4""",304.0,50,Wake Forest,USA,"Prairieville, LA",2020,4240435,NULL,NULL
4581189,NFL,9,GB,Packers,G,Dillon,Wade,NULL,"6' 3""",316.0,68,Auburn,USA,"Houston, TX",2025,4581189,NULL,NULL
4248528,NFL,9,GB,Packers,WR,Christian,Watson,1999-05-12,"6' 4""",215.0,9,North Dakota State,USA,"Tampa, FL",2020,4248528,NULL,NULL
4360086,NFL,9,GB,Packers,TE,Josh,Whyle,1999-09-08,"6' 7""",248.0,81,Cincinnati,USA,"Cincinnati, OH",2021,4360086,NULL,NULL
2312707,NFL,9,GB,Packers,G,John,Williams,2002-01-17,"6' 4""",322.0,73,Cincinnati,USA,"Bolingbrook, IL",2023,2312707,NULL,NULL
4431487,NFL,9,GB,Packers,WR,Savion,Williams,2001-11-22,"6' 4""",222.0,83,TCU,USA,"Marshall, TX",2023,4431487,NULL,NULL
4709980,NFL,9,GB,Packers,S,Johnathan,Baldwin II,2003-02-08,"6' 0""",190.0,37,UNLV,USA,"Houston, TX",2024,4709980,NULL,NULL
5278715,NFL,9,GB,Packers,DT,Dante,Barnett,2003-02-11,"6' 1""",275.0,69,Dickinson,England,Birmingham,2024,5278715,NULL,NULL
4371336,NFL,9,GB,Packers,CB,Shemar,Bartholomew,2000-06-06,"6' 0""",200.0,34,Georgia Southern,USA,"Houston, TX",2023,4371336,NULL,NULL
4429136,NFL,9,GB,Packers,DT,Warren,Brinson,2002-02-04,"6' 5""",315.0,91,Georgia,USA,"Savannah, GA",2023,4429136,NULL,NULL
4373423,NFL,9,GB,Packers,DT,Karl,Brooks,2000-05-08,"6' 3""",296.0,94,Bowling Green,USA,"Lansing, MI",2021,4373423,NULL,NULL
4688930,NFL,9,GB,Packers,S,Javon,Bullard,2002-09-05,"5' 10""",198.0,7,Georgia,USA,"Milledgeville, GA",2022,4688930,NULL,NULL
4887255,NFL,9,GB,Packers,DT,Anthony,Campbell,2000-09-09,"6' 6""",307.0,60,Miami,USA,"Bartow, FL",2024,4887255,NULL,NULL
5076652,NFL,9,GB,Packers,CB,Brandon,Cisse,2005-07-03,"6' 0""",189.0,2,South Carolina,USA,"Sumter, SC",2025,5076652,NULL,NULL
4430438,NFL,9,GB,Packers,LB,Edgerrin,Cooper,2001-11-17,"6' 2""",229.0,56,Texas A&M,USA,"Covington, LA",2022,4430438,NULL,NULL
4361776,NFL,9,GB,Packers,DE,Brenton,Cox Jr.,2000-01-30,"6' 4""",250.0,57,Florida,USA,"Stockbridge, GA",2021,4361776,NULL,NULL
4362910,NFL,9,GB,Packers,DT,Jaden,Crumedy,2000-07-30,"6' 4""",301.0,63,Mississippi State,USA,"Hattiesburg, MS",2022,4362910,NULL,NULL
4685315,NFL,9,GB,Packers,DE,Dani,Dennis-Sutton,NULL,"6' 5""",256.0,51,Penn State,USA,"Millsboro, DE",2025,4685315,NULL,NULL
4427068,NFL,9,GB,Packers,CB,MJ,Devonshire Jr.,2000-09-12,"5' 11""",186.0,28,Pittsburgh,USA,"Aliquippa, PA",2024,4427068,NULL,NULL
4259762,NFL,9,GB,Packers,DT,Jonathan,Ford,1998-09-29,"6' 5""",338.0,64,Miami,USA,"Fort Lauderdale, FL",2021,4259762,NULL,NULL
3124005,NFL,9,GB,Packers,LB,Zaire,Franklin,1996-07-02,"6' 0""",235.0,44,Syracuse,USA,"Philadelphia, PA",2018,3124005,NULL,NULL
4427356,NFL,9,GB,Packers,CB,Kamal,Hadden,2001-01-17,"6' 1""",192.0,36,Tennessee,USA,"River Rouge, MI",2023,4427356,NULL,NULL
2983055,NFL,9,GB,Packers,DT,Javon,Hargrave,1993-02-07,"6' 2""",307.0,98,South Carolina State,USA,"Salisbury, NC",2016,2983055,NULL,NULL
4567406,NFL,9,GB,Packers,LB,Ty'Ron,Hopper,2001-04-26,"6' 2""",228.0,59,Missouri,USA,"Shelby, NC",2022,4567406,NULL,NULL
4685402,NFL,9,GB,Packers,CB,Domani,Jackson,NULL,"6' 0""",194.0,20,Alabama,USA,"San Diego, CA",2025,4685402,NULL,NULL
4570773,NFL,9,GB,Packers,CB,Marlon,Jones,NULL,"6' 0""",190.0,46,Vanderbilt,USA,"Tacoma, WA",2025,4570773,NULL,NULL
4726151,NFL,9,GB,Packers,DE,Nyjalik,Kelly,NULL,"6' 5""",263.0,47,UCF,USA,"Fort Lauderdale, FL",2025,4726151,NULL,NULL
5083167,NFL,9,GB,Packers,S,Murvin,Kenion III,NULL,"5' 11""",200.0,39,Nevada,USA,"Vallejo, CA",2025,5083167,NULL,NULL
4820574,NFL,9,GB,Packers,DT,Chris,McClellan,2003-10-17,"6' 3""",313.0,55,Missouri,USA,"Tulsa, OK",2025,4820574,NULL,NULL
4239947,NFL,9,GB,Packers,LB,Isaiah,McDuffie,1999-07-21,"6' 1""",227.0,58,Boston College,USA,"Buffalo, NY",2019,4239947,NULL,NULL
4241470,NFL,9,GB,Packers,S,Xavier,McKinney,1998-08-08,"6' 0""",201.0,29,Alabama,USA,"Roswell, GA",2020,4241470,NULL,NULL
4242996,NFL,9,GB,Packers,DE,Arron,Mosby,1999-04-13,"6' 3""",250.0,53,Fresno State,USA,"Sanger, CA",2021,4242996,NULL,NULL
4036141,NFL,9,GB,Packers,LB,Nick,Niemann,1997-12-02,"6' 3""",234.0,31,Iowa,USA,"Sycamore, IL",2019,4036141,NULL,NULL
4259493,NFL,9,GB,Packers,CB,Keisean,Nixon,1997-06-22,"5' 10""",200.0,25,South Carolina,USA,"Compton, CA",2019,4259493,NULL,NULL
4374037,NFL,9,GB,Packers,S,Kitan,Oladapo,2000-10-10,"6' 2""",216.0,27,Oregon State,USA,"Happy Valley, OR",2022,4374037,NULL,NULL
4683059,NFL,9,GB,Packers,DE,Collin,Oliver,2002-09-23,"6' 2""",240.0,45,Oklahoma State,USA,"Oklahoma City, OK",2023,4683059,NULL,NULL
4361423,NFL,9,GB,Packers,DE,Micah,Parsons,1999-05-26,"6' 3""",250.0,1,Penn State,USA,"Harrisburg, PA",2019,4361423,NULL,NULL
4428223,NFL,9,GB,Packers,S,Mark,Perry,2001-05-30,"6' 0""",211.0,41,TCU,USA,"Rancho Cucamonga, CA",2024,4428223,NULL,NULL
4684030,NFL,9,GB,Packers,LB,TJ,Quinn,NULL,"6' 0""",225.0,40,Louisville,USA,"Valdosta, GA",2025,4684030,NULL,NULL
4240677,NFL,9,GB,Packers,DT,Jordon,Riley,1998-05-19,"6' 5""",338.0,97,Oregon,USA,"New Bern, NC",2022,4240677,NULL,NULL
4567225,NFL,9,GB,Packers,DB,Jaylin,Simpson,2000-03-17,"6' 0""",180.0,38,Auburn,USA,"Brunswick, GA",2024,4567225,NULL,NULL
4683643,NFL,9,GB,Packers,DE,Barryn,Sorrell,2002-12-22,"6' 3""",256.0,99,Texas,USA,"New Orleans, LA",2023,4683643,NULL,NULL
4258206,NFL,9,GB,Packers,CB,Benjamin,St-Juste,1997-09-08,"6' 3""",200.0,21,Minnesota,Canada,"Montreal, PQ",2019,4258206,NULL,NULL
4429142,NFL,9,GB,Packers,DT,Nazir,Stackhouse,2002-04-18,"6' 4""",327.0,93,Georgia,USA,"Stone Mountain, GA",2023,4429142,NULL,NULL
4430965,NFL,9,GB,Packers,CB,Carrington,Valentine,2001-09-09,"6' 0""",189.0,24,Kentucky,USA,"Cincinnati, OH",2021,4430965,NULL,NULL
4686906,NFL,9,GB,Packers,DE,Lukas,Van Ness,2001-07-06,"6' 5""",272.0,90,Iowa,USA,"Barrington, IL",2021,4686906,NULL,NULL
4036153,NFL,9,GB,Packers,LB,Kristian,Welch,1998-05-24,"6' 3""",240.0,54,Iowa,USA,"Iola, WI",2020,4036153,NULL,NULL
4428863,NFL,9,GB,Packers,S,Evan,Williams,2001-07-28,"5' 11""",200.0,33,Oregon,USA,"Campbell, CA",2022,4428863,NULL,NULL
4361791,NFL,9,GB,Packers,DT,Devonte,Wyatt,1998-03-31,"6' 3""",304.0,95,Georgia,USA,"Decatur, GA",2020,4361791,NULL,NULL
4245661,NFL,9,GB,Packers,PK,Lucas,Havrisik,1999-09-29,"6' 2""",185.0,35,Arizona,USA,"Riverside, CA",2022,4245661,NULL,NULL
4422336,NFL,9,GB,Packers,LS,Matt,Orzech,1995-04-12,"6' 3""",245.0,42,Azusa Pacific,USA,"San Diego, CA",2019,4422336,NULL,NULL
4869461,NFL,9,GB,Packers,PK,Trey,Smack,NULL,"6' 1""",188.0,28,Florida,USA,"Severna Park, MD",2025,4869461,NULL,NULL
4248789,NFL,9,GB,Packers,P,Daniel,Whelan,1999-02-10,"6' 5""",216.0,19,UC Davis,USA,"Rancho Mirage, CA",2021,4248789,NULL,NULL
4362732,NFL,34,HOU,Texans,C,Jake,Andrews,1999-11-11,"6' 3""",308.0,60,Troy,USA,"Millbrook, AL",2021,4362732,NULL,NULL
4683159,NFL,34,HOU,Texans,WR,Lewis,Bond,NULL,"5' 11""",190.0,82,Boston College,USA,"Chicago, IL",2025,4683159,NULL,NULL
4373273,NFL,34,HOU,Texans,RB,British,Brooks,1999-11-18,"5' 11""",225.0,44,North Carolina,USA,"Gastonia, NC",2022,4373273,NULL,NULL
3128412,NFL,34,HOU,Texans,G,Evan,Brown,1996-09-16,"6' 3""",320.0,67,SMU,USA,"Southlake, TX",2018,3128412,NULL,NULL
3043109,NFL,34,HOU,Texans,OT,Trent,Brown,1993-04-13,"6' 8""",380.0,77,Florida,USA,"Albany, GA",2015,3043109,NULL,NULL
4258173,NFL,34,HOU,Texans,WR,Nico,Collins,1999-03-19,"6' 4""",222.0,12,Michigan,USA,"Birmingham, AL",2019,4258173,NULL,NULL
4426981,NFL,34,HOU,Texans,C,Eli,Cox,2000-10-19,"6' 4""",309.0,65,Kentucky,USA,"Nicholasville, KY",2024,4426981,NULL,NULL
4366031,NFL,34,HOU,Texans,WR,Tank,Dell,1999-10-29,"5' 10""",165.0,1,Houston,USA,"Daytona Beach, FL",2021,4366031,NULL,NULL
4429693,NFL,34,HOU,Texans,OT,Aireontae,Ersery,2002-02-19,"6' 6""",330.0,79,Minnesota,USA,"Kansas City, MO",2023,4429693,NULL,NULL
4432699,NFL,34,HOU,Texans,OT,Blake,Fisher,2003-03-25,"6' 6""",312.0,57,Notre Dame,USA,"Avon, IN",2022,4432699,NULL,NULL
4686142,NFL,34,HOU,Texans,OT,Derrick,Graham,NULL,"6' 4""",292.0,73,Tulane,USA,"Lake Minneola, FL",2025,4686142,NULL,NULL
4879242,NFL,34,HOU,Texans,G,Sam,Hagen,NULL,"6' 6""",320.0,76,South Dakota State,USA,"Fordville, ND",2025,4879242,NULL,NULL
4569727,NFL,34,HOU,Texans,TE,Louis,Hansen,NULL,"6' 5""",240.0,47,UConn,USA,"Dover, MA",2025,4569727,NULL,NULL
4877706,NFL,34,HOU,Texans,WR,Jayden,Higgins,2002-12-15,"6' 4""",215.0,81,Iowa State,USA,"South Miami, FL",2023,4877706,NULL,NULL
4569609,NFL,34,HOU,Texans,RB,Evan,Hull,2000-10-26,"5' 10""",209.0,42,Northwestern,USA,"Maple Grove, MN",2022,4569609,NULL,NULL
4686422,NFL,34,HOU,Texans,WR,Xavier,Hutchinson,2000-06-01,"6' 3""",210.0,19,Iowa State,USA,"Jacksonville, FL",2021,4686422,NULL,NULL
4242227,NFL,34,HOU,Texans,G,Ed,Ingram,1999-02-11,"6' 3""",307.0,69,LSU,USA,"Desoto, TX",2020,4242227,NULL,NULL
4427575,NFL,34,HOU,Texans,WR,Jha'Quan,Jackson,2000-05-15,"5' 9""",188.0,88,Tulane,USA,"Luling, LA",2023,4427575,NULL,NULL
4362504,NFL,34,HOU,Texans,TE,Brevin,Jordan,2000-07-16,"6' 3""",245.0,9,Miami,USA,"Las Vegas, NV",2019,4362504,NULL,NULL
4429939,NFL,34,HOU,Texans,RB,Jawhar,Jordan,1999-08-18,"5' 10""",185.0,25,Louisville,USA,"Long Island, NY",2024,4429939,NULL,NULL
4575558,NFL,34,HOU,Texans,WR,Josh,Kelly,2001-07-01,"6' 1""",192.0,85,Texas Tech,USA,"Fresno, CA",2024,4575558,NULL,NULL
4373474,NFL,34,HOU,Texans,OT,Jarrett,Kingston,1999-12-02,"6' 4""",308.0,63,USC,USA,"Anderson, CA",2022,4373474,NULL,NULL
4695705,NFL,34,HOU,Texans,TE,Marlin,Klein,2002-09-17,"6' 6""",250.0,83,Michigan,Germany,Cologne,2025,4695705,NULL,NULL
4429059,NFL,34,HOU,Texans,RB,Woody,Marks,2000-12-29,"5' 10""",208.0,4,USC,USA,"Atlanta, GA",2023,4429059,NULL,NULL
4426335,NFL,34,HOU,Texans,QB,Graham,Mertz,2000-12-06,"6' 2""",216.0,18,Florida,USA,"Overland Park, KS",2023,4426335,NULL,NULL
4242546,NFL,34,HOU,Texans,QB,Davis,Mills,1998-10-21,"6' 4""",225.0,10,Stanford,USA,"Duluth, GA",2019,4242546,NULL,NULL
4035538,NFL,34,HOU,Texans,RB,David,Montgomery,1997-06-07,"5' 11""",230.0,32,Iowa State,USA,"Cincinnati, OH",2019,4035538,NULL,NULL
3843945,NFL,34,HOU,Texans,TE,Foster,Moreau,1997-05-06,"6' 4""",250.0,87,LSU,USA,"New Orleans, LA",2019,3843945,NULL,NULL
5081880,NFL,34,HOU,Texans,OT,James,Neal III,NULL,"6' 6""",325.0,70,Iowa State,USA,"Grayson, GA",2025,5081880,NULL,NULL
4586312,NFL,34,HOU,Texans,WR,Jaylin,Noel,2002-09-04,"5' 11""",201.0,13,Iowa State,USA,"Kansas City, MO",2023,4586312,NULL,NULL
4880873,NFL,34,HOU,Texans,G,Febechi,Nwaiwu,NULL,"6' 4""",319.0,64,Oklahoma,USA,"Coppell, TX",2025,4880873,NULL,NULL
4372774,NFL,34,HOU,Texans,G,Jarrett,Patterson,1999-09-01,"6' 4""",310.0,54,Notre Dame,USA,"Laguna Hills, CA",2021,4372774,NULL,NULL
5094042,NFL,34,HOU,Texans,RB,Josh,Pitsenberger,NULL,"6' 0""",215.0,31,Yale,USA,"Bethesda, MD",2025,5094042,NULL,NULL
4878842,NFL,34,HOU,Texans,TE,Layne,Pryor,2003-04-05,"6' 2""",250.0,49,Northern Iowa,USA,"Woodbine, IA",2024,4878842,NULL,NULL
4839498,NFL,34,HOU,Texans,G,Keylan,Rutledge,2003-09-02,"6' 4""",330.0,66,Georgia Tech,USA,"Royston, GA",2025,4839498,NULL,NULL
5085942,NFL,34,HOU,Texans,WR,Treyvhon,Saunders,NULL,"5' 9""",190.0,14,Colgate,USA,"Columbus, OH",2025,5085942,NULL,NULL
3117256,NFL,34,HOU,Texans,TE,Dalton,Schultz,1996-07-11,"6' 5""",242.0,86,Stanford,USA,"South Jordan, UT",2018,3117256,NULL,NULL
3121595,NFL,34,HOU,Texans,OT,Braden,Smith,1996-03-25,"6' 6""",312.0,71,Auburn,USA,"Olathe, KS",2018,3121595,NULL,NULL
4878293,NFL,34,HOU,Texans,WR,Daniel,Sobkowicz,NULL,"6' 3""",205.0,17,Illinois State,USA,"Arlington Heights, IL",2025,4878293,NULL,NULL
4426496,NFL,34,HOU,Texans,TE,Cade,Stover,2000-06-12,"6' 4""",251.0,8,Ohio State,USA,"Mansfield, OH",2022,4426496,NULL,NULL
4432577,NFL,34,HOU,Texans,QB,C.J.,Stroud,2001-10-03,"6' 3""",218.0,7,Ohio State,USA,"Inland Empire, CA",2021,4432577,NULL,NULL
3045474,NFL,34,HOU,Texans,G,Wyatt,Teller,1994-11-21,"6' 4""",315.0,75,Virginia Tech,USA,"Bealeton, VA",2018,3045474,NULL,NULL
3118892,NFL,34,HOU,Texans,WR,Justin,Watson,1996-04-04,"6' 2""",215.0,84,Pennsylvania,USA,"Bridgeville, PA",2018,3118892,NULL,NULL
4430681,NFL,34,HOU,Texans,WR,Jared,Wayne,2000-10-07,"6' 3""",210.0,89,Pittsburgh,Canada,"Peterborough, ON",2024,4430681,NULL,NULL
4432631,NFL,34,HOU,Texans,RB,Noah,Whittington,NULL,"5' 8""",203.0,26,Oregon,USA,"Fort Valley, GA",2025,4432631,NULL,NULL
3919117,NFL,34,HOU,Texans,LB,Azeez,Al-Shaair,1997-08-04,"6' 2""",228.0,0,Florida Atlantic,USA,"Tampa, FL",2019,3919117,NULL,NULL
4685724,NFL,34,HOU,Texans,DE,Will,Anderson Jr.,2001-09-02,"6' 4""",243.0,51,Alabama,USA,"Hampton, GA",2021,4685724,NULL,NULL
4686304,NFL,34,HOU,Texans,DT,Dominic,Bailey,NULL,"6' 3""",292.0,96,Tennessee,USA,"Salisbury, MD",2025,4686304,NULL,NULL
4243956,NFL,34,HOU,Texans,S,Reed,Blankenship,1999-03-02,"6' 1""",203.0,6,Middle Tennessee,USA,"Athens, AL",2020,4243956,NULL,NULL
4431517,NFL,34,HOU,Texans,S,Calen,Bullock,2003-04-30,"6' 3""",190.0,2,USC,USA,"Pasadena, CA",2022,4431517,NULL,NULL
4361689,NFL,34,HOU,Texans,DE,Solomon,Byrd,1999-12-01,"6' 3""",250.0,50,USC,USA,"Palmdale, CA",2024,4361689,NULL,NULL
4576069,NFL,34,HOU,Texans,CB,Brandon,Codrington,2000-11-17,"5' 9""",185.0,17,North Carolina Central,USA,"Raleigh, NC",2022,4576069,NULL,NULL
4912338,NFL,34,HOU,Texans,LB,Aiden,Fisher,NULL,"6' 1""",231.0,59,Indiana,USA,"Fredericksburg, VA",2025,4912338,NULL,NULL
4243321,NFL,34,HOU,Texans,DE,Ali,Gaye,1998-11-29,"6' 6""",265.0,95,LSU,USA,"Lynnwood, WA",2022,4243321,NULL,NULL
4360189,NFL,34,HOU,Texans,DE,Logan,Hall,2000-04-22,"6' 6""",283.0,90,Houston,USA,"Belton, TX",2020,4360189,NULL,NULL
5153071,NFL,34,HOU,Texans,CB,Stephen,Hall,NULL,"6' 0""",202.0,41,Missouri,USA,"Memphis, TN",2025,5153071,NULL,NULL
4677281,NFL,34,HOU,Texans,DT,Kyonte,Hamilton,2002-11-07,"6' 4""",304.0,58,Rutgers,USA,"District Heights, MD",2023,4677281,NULL,NULL
4033812,NFL,34,HOU,Texans,LB,Jake,Hansen,1998-06-19,"6' 1""",230.0,35,Illinois,USA,"Tarpon Springs, FL",2020,4033812,NULL,NULL
4699802,NFL,34,HOU,Texans,DE,Sabastian,Harsh,NULL,"6' 2""",255.0,94,NC State,USA,"Scottsbluff, NE",2025,4699802,NULL,NULL
4427479,NFL,34,HOU,Texans,LB,Jamal,Hill,2001-04-01,"6' 0""",227.0,56,Oregon,USA,"Rex, GA",2022,4427479,NULL,NULL
4374066,NFL,34,HOU,Texans,DE,Dylan,Horton,2000-08-21,"6' 4""",275.0,92,TCU,USA,"Frisco, TX",2021,4374066,NULL,NULL
4241250,NFL,34,HOU,Texans,LB,Jake,Hummel,1999-01-04,"6' 1""",229.0,33,Iowa State,USA,"Des Moines, IA",2020,4241250,NULL,NULL
2976560,NFL,34,HOU,Texans,DE,Danielle,Hunter,1994-10-29,"6' 5""",263.0,55,LSU,USA,"Katy, TX",2015,2976560,NULL,NULL
4577494,NFL,34,HOU,Texans,CB,Alijah,Huzzie,2001-01-16,"5' 10""",195.0,28,North Carolina,USA,"LaGrange, GA",2024,4577494,NULL,NULL
4240059,NFL,34,HOU,Texans,CB,Ja'Marcus,Ingram,1997-09-02,"6' 2""",190.0,20,Buffalo,USA,"Dallas, TX",2022,4240059,NULL,NULL
4046716,NFL,34,HOU,Texans,DT,Naquan,Jones,1998-02-05,"6' 3""",313.0,91,Michigan State,USA,"Evanston, IL",2019,4046716,NULL,NULL
4602699,NFL,34,HOU,Texans,CB,Kamari,Lassiter,2003-01-23,"6' 0""",180.0,3,Georgia,USA,"Savannah, GA",2022,4602699,NULL,NULL
4248899,NFL,34,HOU,Texans,LB,Marte,Mapu,1999-11-08,"6' 3""",230.0,14,Sacramento State,USA,"Hawthorne, CA",2021,4248899,NULL,NULL
4870893,NFL,34,HOU,Texans,DT,Kayden,McDonald,2005-03-12,"6' 3""",326.0,93,Ohio State,USA,"Suwanee, GA",2025,4870893,NULL,NULL
4360502,NFL,34,HOU,Texans,S,Kaevon,Merriweather,1999-12-20,"6' 0""",212.0,21,Iowa,USA,"Belleville, MI",2021,4360502,NULL,NULL
4687188,NFL,34,HOU,Texans,LB,K.C.,Ossai,2002-11-05,"6' 1""",240.0,52,Louisiana,USA,"Conroe, TX",2024,4687188,NULL,NULL
4241223,NFL,34,HOU,Texans,S,Jalen,Pitre,1999-06-03,"6' 0""",200.0,5,Baylor,USA,"Stafford, TX",2020,4241223,NULL,NULL
4685518,NFL,34,HOU,Texans,S,Kamari,Ramsey,NULL,"6' 0""",205.0,27,USC,USA,"Palmdale, CA",2025,4685518,NULL,NULL
2970204,NFL,34,HOU,Texans,DT,Sheldon,Rankins,1994-04-02,"6' 2""",305.0,98,Louisville,USA,"Covington, GA",2016,2970204,NULL,NULL
4432758,NFL,34,HOU,Texans,S,Jaylen,Reed,2003-01-29,"6' 0""",212.0,23,Penn State,USA,"Detroit, MI",2023,4432758,NULL,NULL
4244300,NFL,34,HOU,Texans,DE,Dominique,Robinson,1998-07-02,"6' 5""",275.0,97,Miami (OH),USA,"Canton, OH",2020,4244300,NULL,NULL
4594277,NFL,34,HOU,Texans,CB,Jaylin,Smith,2003-11-05,"5' 11""",190.0,22,USC,USA,"Palmdale, CA",2023,4594277,NULL,NULL
3134448,NFL,34,HOU,Texans,CB,Tremon,Smith,1996-07-20,"5' 11""",190.0,11,Central Arkansas,USA,"Anniston, AL",2018,3134448,NULL,NULL
3071353,NFL,34,HOU,Texans,LB,E.J.,Speed,1995-06-01,"6' 4""",227.0,45,Tarleton State,USA,"Fort Worth, TX",2019,3071353,NULL,NULL
3116679,NFL,34,HOU,Texans,S,M.J.,Stewart,1995-09-16,"5' 11""",205.0,29,North Carolina,USA,"Arlington, VA",2018,3116679,NULL,NULL
4426434,NFL,34,HOU,Texans,CB,Derek,Stingley Jr.,2001-06-20,"6' 1""",195.0,24,LSU,USA,"Baton Rouge, LA",2020,4426434,NULL,NULL
4695607,NFL,34,HOU,Texans,DT,Junior,Tafuna,2001-02-27,"6' 3""",305.0,53,Utah,USA,"Taylorsville, UT",2024,4695607,NULL,NULL
4426350,NFL,34,HOU,Texans,LB,Henry,To'oTo'o,2001-01-05,"6' 2""",228.0,39,Alabama,USA,"Sacramento, CA",2021,4426350,NULL,NULL
4361366,NFL,34,HOU,Texans,DT,Tommy,Togiai,1999-09-19,"6' 2""",296.0,72,Ohio State,USA,"Pocatello, ID",2020,4361366,NULL,NULL
4837286,NFL,34,HOU,Texans,LB,Wade,Woodaz,NULL,"6' 3""",235.0,30,Clemson,USA,"Tampa, FL",2025,4837286,NULL,NULL
4833376,NFL,34,HOU,Texans,CB,Collin,Wright,NULL,"6' 0""",195.0,37,Stanford,USA,"Missouri City, TX",2025,4833376,NULL,NULL
4690999,NFL,34,HOU,Texans,LS,Austin,Brinkman,2002-06-20,"6' 4""",241.0,40,West Virginia,USA,"Bel Air, MD",2023,4690999,NULL,NULL
2971573,NFL,34,HOU,Texans,PK,Ka'imi,Fairbairn,1994-01-29,"6' 0""",183.0,15,UCLA,USA,"Kailua, HI",2016,2971573,NULL,NULL
4570033,NFL,34,HOU,Texans,P,Kai,Kroeger,2002-06-11,"6' 3""",213.0,38,South Carolina,USA,"Lake Forest, IL",2023,4570033,NULL,NULL
4874436,NFL,34,HOU,Texans,P,Jack,Stonehouse,NULL,"6' 1""",215.0,36,Syracuse,USA,"Camarillo, CA",2025,4874436,NULL,NULL
2998565,NFL,11,IND,Colts,TE,Mo,Alie-Cox,1993-09-19,"6' 5""",267.0,81,VCU,USA,"Alexandria, VA",2017,2998565,NULL,NULL
4426689,NFL,11,IND,Colts,RB,Ulysses,Bentley IV,2000-12-30,"5' 10""",200.0,37,Ole Miss,USA,"Houston, TX",2024,4426689,NULL,NULL
4430957,NFL,11,IND,Colts,C,Tanor,Bortolini,2002-06-18,"6' 4""",303.0,60,Wisconsin,USA,"Kewaunee, WI",2022,4430957,NULL,NULL
4683151,NFL,11,IND,Colts,WR,Deion,Burks,NULL,"5' 9""",180.0,80,Oklahoma,USA,"Inkster, MI",2025,4683151,NULL,NULL
4612558,NFL,11,IND,Colts,RB,Anderson,Castle,NULL,"5' 11""",221.0,42,Duke,USA,"Boone, NC",2025,4612558,NULL,NULL
4688813,NFL,11,IND,Colts,WR,Josh,Downs,2001-08-12,"5' 9""",171.0,2,North Carolina,USA,"Suwanee, GA",2021,4688813,NULL,NULL
4061956,NFL,11,IND,Colts,WR,Ashton,Dulin,1997-05-15,"6' 2""",215.0,16,Malone,USA,"Reynoldsburg, OH",2019,4061956,NULL,NULL
4838270,NFL,11,IND,Colts,G,Jalen,Farmer,NULL,"6' 4""",312.0,62,Kentucky,USA,"Covington, GA",2025,4838270,NULL,NULL
4429636,NFL,11,IND,Colts,OT,Blake,Freeland,2001-05-03,"6' 7""",302.0,73,BYU,USA,"Herriman, UT",2021,4429636,NULL,NULL
4874509,NFL,11,IND,Colts,RB,DJ,Giddens,2003-08-26,"6' 0""",212.0,21,Kansas State,USA,"Junction City, KS",2023,4874509,NULL,NULL
4427298,NFL,11,IND,Colts,G,Matt,Goncalves,2001-01-26,"6' 6""",317.0,71,Pittsburgh,USA,"Manorville, NY",2022,4427298,NULL,NULL
4429684,NFL,11,IND,Colts,WR,Anthony,Gould,2001-04-06,"5' 8""",174.0,6,Oregon State,USA,"Leavenworth, KS",2022,4429684,NULL,NULL
4612246,NFL,11,IND,Colts,WR,Sahmir,Hagans,NULL,"5' 10""",190.0,11,Duke,USA,"Philadelphia, PA",2025,4612246,NULL,NULL
4608533,NFL,11,IND,Colts,WR,EJ,Horton Jr.,NULL,"6' 1""",190.0,10,Purdue,USA,"Louisville, KY",2025,4608533,NULL,NULL
3917792,NFL,11,IND,Colts,QB,Daniel,Jones,1997-05-27,"6' 5""",230.0,17,Duke,USA,"Charlotte, NC",2019,3917792,NULL,NULL
4709386,NFL,11,IND,Colts,C,Josh,Kreutz,NULL,"6' 2""",290.0,61,Illinois,USA,"Bannockburn, IL",2025,4709386,NULL,NULL
4683423,NFL,11,IND,Colts,QB,Riley,Leonard,2002-09-13,"6' 4""",213.0,15,Notre Dame,USA,"Fairhope, AL",2023,4683423,NULL,NULL
4362523,NFL,11,IND,Colts,TE,Will,Mallory,1999-06-22,"6' 4""",239.0,86,Miami,USA,"Jacksonville, FL",2021,4362523,NULL,NULL
4612507,NFL,11,IND,Colts,OT,Bayron,Matos,2000-12-08,"6' 7""",334.0,78,South Florida,Dominican Republic,Santo Domingo,2024,4612507,NULL,NULL
4686468,NFL,11,IND,Colts,RB,Seth,McGowan,NULL,"6' 0""",223.0,20,Kentucky,USA,"Mesquite, TX",2025,4686468,NULL,NULL
4036275,NFL,11,IND,Colts,TE,Sean,McKeon,1997-12-28,"6' 5""",255.0,49,Michigan,USA,"Dudley, MA",2020,4036275,NULL,NULL
4046165,NFL,11,IND,Colts,C,Jimmy,Morrissey,1998-06-09,"6' 4""",305.0,65,Pittsburgh,USA,"Huntingdon Valley, PA",2022,4046165,NULL,NULL
3129308,NFL,11,IND,Colts,G,Quenton,Nelson,1996-03-19,"6' 5""",330.0,56,Notre Dame,USA,"Holmdel, NJ",2018,3129308,NULL,NULL
4722908,NFL,11,IND,Colts,TE,Drew,Ogletree,1998-07-28,"6' 5""",260.0,85,Youngstown State,USA,"Dayton, OH",2020,4722908,NULL,NULL
4578436,NFL,11,IND,Colts,WR,Coleman,Owen,2001-03-23,"5' 10""",181.0,9,Ohio,USA,"Gilbert, AZ",2024,4578436,NULL,NULL
4430288,NFL,11,IND,Colts,WR,Eli,Pancol,2000-07-07,"6' 3""",205.0,83,Duke,USA,"Pendleton, IN",2024,4430288,NULL,NULL
4608607,NFL,11,IND,Colts,RB,Lincoln,Pare,NULL,"5' 9""",200.0,36,Texas State,USA,"Germantown, TN",2025,4608607,NULL,NULL
4360078,NFL,11,IND,Colts,WR,Alec,Pierce,2000-05-02,"6' 3""",211.0,14,Cincinnati,USA,"Glen Ellyn, IL",2020,4360078,NULL,NULL
4362580,NFL,11,IND,Colts,OT,Bernhard,Raimann,1997-09-23,"6' 6""",303.0,79,Central Michigan,Austria,Steinbrunn,2020,4362580,NULL,NULL
4429084,NFL,11,IND,Colts,QB,Anthony,Richardson Sr.,2002-05-22,"6' 4""",244.0,5,Florida,USA,"Gainesville, FL",2021,4429084,NULL,NULL
4431587,NFL,11,IND,Colts,OT,Nolan,Rucci,NULL,"6' 8""",314.0,76,Penn State,USA,"Lititz, PA",2025,4431587,NULL,NULL
4872957,NFL,11,IND,Colts,WR,Raylen,Sharpe,NULL,"5' 9""",169.0,8,Arkansas,USA,"Allen, TX",2025,4872957,NULL,NULL
4039243,NFL,11,IND,Colts,G,Josh,Sills,1998-12-26,"6' 6""",325.0,66,Oklahoma State,USA,"Sarahsville, OH",2022,4039243,NULL,NULL
3120590,NFL,11,IND,Colts,QB,Easton,Stick,1995-09-15,"6' 1""",224.0,NULL,North Dakota State,USA,"Omaha, NE",2019,3120590,NULL,NULL
4242335,NFL,11,IND,Colts,RB,Jonathan,Taylor,1999-01-19,"5' 10""",226.0,28,Wisconsin,USA,"Salem, NJ",2020,4242335,NULL,NULL
4361979,NFL,11,IND,Colts,OT,Luke,Tenuta,1999-09-01,"6' 8""",314.0,67,Virginia Tech,USA,"Crozet, VA",2021,4361979,NULL,NULL
4702120,NFL,11,IND,Colts,TE,Carson,Towt,2001-06-01,"6' 8""",250.0,45,Notre Dame,USA,"Gilbert, AZ",2025,4702120,NULL,NULL
4892240,NFL,11,IND,Colts,OT,Jalen,Travis,2002-04-19,"6' 8""",339.0,75,Iowa State,USA,"Minneapolis, MN",2023,4892240,NULL,NULL
3051889,NFL,11,IND,Colts,WR,Laquon,Treadwell,1995-06-14,"6' 2""",215.0,13,Ole Miss,USA,"Crete, IL",2016,3051889,NULL,NULL
4370363,NFL,11,IND,Colts,G,Dalton,Tucker,2000-03-18,"6' 6""",307.0,68,Marshall,USA,"Paris, KY",2022,4370363,NULL,NULL
4875981,NFL,11,IND,Colts,C,Geno,VanDeMark,NULL,"6' 5""",326.0,63,Alabama,USA,"Lodi, NJ",2025,4875981,NULL,NULL
4431459,NFL,11,IND,Colts,TE,Tyler,Warren,2002-05-24,"6' 6""",256.0,84,Penn State,USA,"Mechanicsville, VA",2023,4431459,NULL,NULL
3929785,NFL,11,IND,Colts,WR,Nick,Westbrook-Ikhine,1997-03-21,"6' 2""",211.0,12,Indiana,USA,"Lake Mary, FL",2020,3929785,NULL,NULL
4427635,NFL,11,IND,Colts,DT,Adetomiwa,Adebawore,2001-03-04,"6' 2""",282.0,95,Northwestern,USA,"Kansas City, MO",2021,4427635,NULL,NULL
4374171,NFL,11,IND,Colts,LB,Austin,Ajiake,2000-06-30,"6' 1""",223.0,58,UNLV,USA,"Fremont, CA",2023,4374171,NULL,NULL
4870598,NFL,11,IND,Colts,LB,CJ,Allen,2005-03-01,"6' 0""",230.0,53,Georgia,USA,"Barnesville, GA",2025,4870598,NULL,NULL
4691878,NFL,11,IND,Colts,DT,Cameron,Ball,NULL,"6' 3""",310.0,64,Arkansas,USA,"Atlanta, GA",2025,4691878,NULL,NULL
4360677,NFL,11,IND,Colts,CB,Mekhi,Blackmon,1999-03-18,"5' 11""",178.0,29,USC,USA,"East Palo Alto, CA",2021,4360677,NULL,NULL
5088571,NFL,11,IND,Colts,LB,Bryce,Boettcher,NULL,"6' 1""",230.0,50,Oregon,USA,"Eugene, OR",2025,5088571,NULL,NULL
4827042,NFL,11,IND,Colts,S,Austin,Brown,NULL,"5' 11""",199.0,31,Wisconsin,USA,"Johnston City, IL",2025,4827042,NULL,NULL
2971282,NFL,11,IND,Colts,DT,DeForest,Buckner,1994-03-17,"6' 7""",295.0,99,Oregon,USA,"Waianae, HI",2016,2971282,NULL,NULL
4035861,NFL,11,IND,Colts,S,Cam,Bynum,1998-07-19,"6' 0""",200.0,0,California,USA,"Corona, CA",2019,4035861,NULL,NULL
4601021,NFL,11,IND,Colts,LB,Jaylon,Carlies,2001-09-13,"6' 3""",227.0,57,Missouri,USA,"Orlando, FL",2022,4601021,NULL,NULL
4885625,NFL,11,IND,Colts,CB,Rob,Carter Jr.,2003-02-16,"5' 10""",175.0,39,Robert Morris,USA,"Ringgold, VA",2024,4885625,NULL,NULL
4692638,NFL,11,IND,Colts,LB,Tahj,Chambers,NULL,"6' 2""",230.0,44,Ole Miss,USA,"Arlington, TX",2025,4692638,NULL,NULL
4240896,NFL,11,IND,Colts,DE,Micheal,Clemons,1997-08-21,"6' 5""",263.0,72,Texas A&M,USA,"Garland, TX",2020,4240896,NULL,NULL
4685324,NFL,11,IND,Colts,LB,Caden,Curry,NULL,"6' 2""",257.0,55,Ohio State,USA,"Greenwood, IN",2025,4685324,NULL,NULL
3917142,NFL,11,IND,Colts,LB,Akeem,Davis-Gaither,1997-09-21,"6' 2""",238.0,51,App State,USA,"Thomasville, NC",2020,3917142,NULL,NULL
4695991,NFL,11,IND,Colts,CB,Johnathan,Edwards,2001-11-16,"6' 1""",201.0,35,Tulane,USA,"St. Louis, MO",2023,4695991,NULL,NULL
4427250,NFL,11,IND,Colts,CB,Sauce,Gardner,2001-08-31,"6' 3""",190.0,1,Cincinnati,USA,"Detroit, MI",2020,4427250,NULL,NULL
4708238,NFL,11,IND,Colts,LB,George,Gumbs Jr.,NULL,"6' 4""",245.0,52,Florida,USA,"Chicago, IL",2025,4708238,NULL,NULL
4905664,NFL,11,IND,Colts,S,A.J.,Haulcy,2004-01-10,"5' 11""",215.0,25,LSU,USA,"Houston, TX",2025,4905664,NULL,NULL
4685145,NFL,11,IND,Colts,CB,Jaylon,Jones,2002-04-03,"6' 2""",203.0,40,Texas A&M,USA,"Cibolo, TX",2021,4685145,NULL,NULL
3843843,NFL,11,IND,Colts,DE,Arden,Key,1996-05-03,"6' 5""",240.0,98,LSU,USA,"Atlanta, GA",2018,3843843,NULL,NULL
4426473,NFL,11,IND,Colts,DE,Laiatu,Latu,2000-12-31,"6' 5""",265.0,97,UCLA,USA,"Sacramento, CA",2022,4426473,NULL,NULL
4690803,NFL,11,IND,Colts,CB,Jai'Onte',McMillan,NULL,"5' 10""",190.0,NULL,Minnesota,USA,"Atlanta, GA",2025,4690803,NULL,NULL
4693205,NFL,11,IND,Colts,DE,Mitchell,Melton,NULL,"6' 3""",253.0,54,Virginia,USA,"Silver Spring, MD",2025,4693205,NULL,NULL
4569607,NFL,11,IND,Colts,CB,Cameron,Mitchell,2001-09-08,"5' 11""",191.0,43,Northwestern,USA,"Bolingbrook, IL",2021,4569607,NULL,NULL
4360638,NFL,11,IND,Colts,DE,Durell,Nchami,2000-02-11,"6' 4""",258.0,74,Maryland,USA,"Silver Spring, MD",2024,4360638,NULL,NULL
4874465,NFL,11,IND,Colts,S,Ben,Nikkel,2001-05-12,"6' 1""",210.0,34,Iowa State,USA,"Mcpherson, KS",2024,4874465,NULL,NULL
3122930,NFL,11,IND,Colts,DT,Derrick,Nnadi,1996-05-09,"6' 1""",317.0,92,Florida State,USA,"Virginia Beach, VA",2018,3122930,NULL,NULL
4331768,NFL,11,IND,Colts,S,Jonathan,Owens,1995-07-22,"5' 11""",204.0,38,Missouri Western,USA,"St. Louis, MO",2018,4331768,NULL,NULL
4242415,NFL,11,IND,Colts,S,Daniel,Scott,1998-10-26,"6' 1""",208.0,32,California,USA,"Pasadena, CA",2021,4242415,NULL,NULL
4692033,NFL,11,IND,Colts,DT,Tim,Smith,2002-08-09,"6' 4""",306.0,93,Alabama,USA,"Gifford, FL",2024,4692033,NULL,NULL
4058825,NFL,11,IND,Colts,DT,Grover,Stewart,1993-10-20,"6' 4""",314.0,90,Albany State,USA,"Camilla, GA",2017,4058825,NULL,NULL
4361196,NFL,11,IND,Colts,CB,Cam,Taylor-Britt,1999-10-15,"5' 11""",200.0,26,Nebraska,USA,"Montgomery, AL",2020,4361196,NULL,NULL
4360590,NFL,11,IND,Colts,S,Juanyeh,Thomas,2000-06-24,"6' 3""",217.0,33,Georgia Tech,USA,"Niceville, FL",2021,4360590,NULL,NULL
3863182,NFL,11,IND,Colts,DT,Jerry,Tillery,1996-10-08,"6' 6""",295.0,94,Notre Dame,USA,"Shreveport, LA",2019,3863182,NULL,NULL
4566154,NFL,11,IND,Colts,DE,Jaylahn,Tuimoloau,2003-05-10,"6' 4""",264.0,91,Ohio State,USA,"Edgewood, WA",2023,4566154,NULL,NULL
5278709,NFL,11,IND,Colts,LB,Devin,Veresuk,NULL,"6' 2""",240.0,48,Windsor,Canada,"Windsor, ON",2024,5278709,NULL,NULL
4682909,NFL,11,IND,Colts,CB,Justin,Walley,2002-09-22,"5' 10""",190.0,27,Minnesota,USA,"D'lberville, MS",2023,4682909,NULL,NULL
4037361,NFL,11,IND,Colts,CB,Charvarius,Ward,1996-05-16,"6' 1""",196.0,7,Middle Tennessee,USA,"Mccomb, MS",2018,4037361,NULL,NULL
4599160,NFL,11,IND,Colts,S,Trey,Washington,2002-12-09,"5' 10""",205.0,41,Ole Miss,USA,"Trussville, AL",2024,4599160,NULL,NULL
4587724,NFL,11,IND,Colts,LB,West,Weeks,NULL,"6' 2""",230.0,47,LSU,USA,"Watkinsville, GA",2025,4587724,NULL,NULL
4432789,NFL,11,IND,Colts,S,Hunter,Wohler,2003-01-12,"6' 2""",213.0,30,Wisconsin,USA,"Muskego, WI",2023,4432789,NULL,NULL
4567224,NFL,11,IND,Colts,DT,Colby,Wooden,2000-12-21,"6' 4""",273.0,96,Auburn,USA,"Lawrenceville, GA",2021,4567224,NULL,NULL
4259619,NFL,11,IND,Colts,PK,Blake,Grupe,1998-11-05,"5' 7""",156.0,10,Notre Dame,USA,"Sedalia, MO",2021,4259619,NULL,NULL
2566045,NFL,11,IND,Colts,LS,Luke,Rhodes,1992-12-02,"6' 2""",238.0,46,William & Mary,USA,"Hollidaysburg, PA",2016,2566045,NULL,NULL
3914922,NFL,11,IND,Colts,P,Rigoberto,Sanchez,1994-09-08,"6' 0""",195.0,8,Hawai'i,USA,"Hamilton City, CA",2017,3914922,NULL,NULL
4571557,NFL,11,IND,Colts,PK,Spencer,Shrader,1999-05-19,"6' 2""",201.0,3,Notre Dame,USA,"Lithia, FL",2022,4571557,NULL,NULL
2576336,NFL,30,JAX,Jaguars,RB,Ameer,Abdullah,1993-06-13,"5' 8""",203.0,43,Nebraska,USA,"Homewood, AL",2015,2576336,NULL,NULL
5151948,NFL,30,JAX,Jaguars,QB,Joey,Aguilar,NULL,"6' 3""",225.0,17,Tennessee,USA,"Antioch, CA",2025,5151948,NULL,NULL
4911851,NFL,30,JAX,Jaguars,RB,LeQuint,Allen Jr.,2004-08-05,"6' 0""",201.0,5,Syracuse,USA,"Millville, NJ",2023,4911851,NULL,NULL
4686248,NFL,30,JAX,Jaguars,TE,Nate,Boerkircher,2001-09-04,"6' 5""",245.0,87,Texas A&M,USA,"Aurora, NE",2025,4686248,NULL,NULL
4594319,NFL,30,JAX,Jaguars,WR,Brady,Boyd,NULL,"6' 1""",195.0,49,Utah State,USA,"Southlake, TX",2025,4594319,NULL,NULL
4362260,NFL,30,JAX,Jaguars,QB,Carter,Bradley,2000-03-09,"6' 3""",221.0,10,South Alabama,USA,"Jacksonville, FL",2024,4362260,NULL,NULL
4573243,NFL,30,JAX,Jaguars,WR,Chandler,Brayboy,2001-08-20,"6' 1""",199.0,15,Elon,USA,"Pembroke, NC",2024,4573243,NULL,NULL
4879194,NFL,30,JAX,Jaguars,WR,Josh,Cameron,NULL,"6' 1""",224.0,19,Baylor,USA,"Cedar Park, TX",2025,4879194,NULL,NULL
4369859,NFL,30,JAX,Jaguars,C,Jerome,Carvin,2000-09-20,"6' 5""",307.0,79,Tennessee,USA,"Memphis, TN",2024,4369859,NULL,NULL
4048231,NFL,30,JAX,Jaguars,G,Ezra,Cleveland,1998-05-08,"6' 6""",312.0,76,Boise State,USA,"Spanaway, WA",2020,4048231,NULL,NULL
4035112,NFL,30,JAX,Jaguars,C,Trystan,Colon,1998-03-23,"6' 3""",313.0,NULL,Missouri,USA,"Webb City, MO",2020,4035112,NULL,NULL
5151528,NFL,30,JAX,Jaguars,TE,Ethan,Conner,NULL,"6' 4""",245.0,48,Troy,USA,"Columbus, MS",2025,5151528,NULL,NULL
4240631,NFL,30,JAX,Jaguars,RB,DeeJay,Dallas,1998-09-16,"5' 10""",225.0,20,Miami,USA,"Brunswick, GA",2020,4240631,NULL,NULL
4684542,NFL,30,JAX,Jaguars,OT,Garrett,DiGiorgio,NULL,"6' 7""",320.0,74,UCLA,USA,"Oak Hills, CA",2025,4684542,NULL,NULL
3701582,NFL,30,JAX,Jaguars,G,Chuma,Edoga,1997-05-25,"6' 4""",315.0,55,USC,USA,"Atlanta, GA",2019,3701582,NULL,NULL
4242391,NFL,30,JAX,Jaguars,C,Robert,Hainsey,1998-08-12,"6' 4""",306.0,73,Notre Dame,USA,"Pittsburgh, PA",2019,4242391,NULL,NULL
4692525,NFL,30,JAX,Jaguars,OT,Anton,Harrison,2002-02-02,"6' 4""",315.0,77,Oklahoma,USA,"Washington, DC",2021,4692525,NULL,NULL
4429811,NFL,30,JAX,Jaguars,TE,Patrick,Herbert,2000-10-18,"6' 5""",255.0,88,Oregon,USA,"Eugene, OR",2024,4429811,NULL,NULL
4685415,NFL,30,JAX,Jaguars,WR,Travis,Hunter,2003-05-18,"6' 1""",185.0,12,Colorado,USA,"Suwanee, GA",2023,4685415,NULL,NULL
4245131,NFL,30,JAX,Jaguars,WR,Tim,Jones,1998-05-15,"6' 1""",200.0,13,Southern Miss,USA,"Biloxi, MS",2021,4245131,NULL,NULL
4917427,NFL,30,JAX,Jaguars,TE,Tanner,Koziol,NULL,"6' 7""",250.0,89,Houston,USA,"Bloomingdale, IL",2025,4917427,NULL,NULL
4360310,NFL,30,JAX,Jaguars,QB,Trevor,Lawrence,1999-10-06,"6' 6""",220.0,16,Clemson,USA,"Cartersville, GA",2019,4360310,NULL,NULL
4369308,NFL,30,JAX,Jaguars,OT,Ricky,Lee,1999-11-16,"6' 6""",305.0,66,North Carolina A&T,USA,"Jacksonville, FL",2023,4369308,NULL,NULL
4242554,NFL,30,JAX,Jaguars,OT,Walker,Little,1999-04-01,"6' 7""",325.0,72,Stanford,USA,"Houston, TX",2019,4242554,NULL,NULL
4239944,NFL,30,JAX,Jaguars,TE,Hunter,Long,1998-08-19,"6' 5""",243.0,84,Boston College,USA,"Exeter, NH",2019,4239944,NULL,NULL
3863820,NFL,30,JAX,Jaguars,G,Patrick,Mekari,1997-08-13,"6' 4""",305.0,65,California,USA,"Westlake Village, CA",2019,3863820,NULL,NULL
3916433,NFL,30,JAX,Jaguars,WR,Jakobi,Meyers,1996-11-09,"6' 2""",200.0,3,NC State,USA,"Lithonia, GA",2019,3916433,NULL,NULL
4431463,NFL,30,JAX,Jaguars,G,Wyatt,Milum,2001-12-27,"6' 6""",317.0,64,West Virginia,USA,"Kenova, WV",2023,4431463,NULL,NULL
4430481,NFL,30,JAX,Jaguars,C,Jonah,Monheim,2002-06-07,"6' 5""",310.0,60,USC,USA,"Moorpark, CA",2023,4430481,NULL,NULL
4244049,NFL,30,JAX,Jaguars,TE,Quintin,Morris,1999-01-21,"6' 2""",243.0,80,Bowling Green,USA,"Richmond, TX",2020,4244049,NULL,NULL
3059989,NFL,30,JAX,Jaguars,QB,Nick,Mullens,1995-03-21,"6' 0""",210.0,14,Southern Miss,USA,"Hoover, AL",2017,3059989,NULL,NULL
4684970,NFL,30,JAX,Jaguars,OT,Jimto,Obidegwu,NULL,"6' 5""",335.0,62,North Texas,USA,"Brandywine, MD",2025,4684970,NULL,NULL
5346736,NFL,30,JAX,Jaguars,WR,Ben,Patterson,NULL,"6' 5""",220.0,83,UT Permian Basin,USA,"Fort Worth, TX",2025,5346736,NULL,NULL
4575862,NFL,30,JAX,Jaguars,WR,Trebor,Pena,NULL,"5' 10""",187.0,86,Penn State,USA,"Ocean Township, NJ",2025,4575862,NULL,NULL
4608929,NFL,30,JAX,Jaguars,G,Emmanuel,Pregnon,2001-10-04,"6' 4""",314.0,75,Oregon,USA,"Denver, CO",2025,4608929,NULL,NULL
4362619,NFL,30,JAX,Jaguars,RB,Chris,Rodriguez Jr.,1999-09-26,"5' 11""",224.0,24,Kentucky,USA,"Mcdonough, GA",2021,4362619,NULL,NULL
4430539,NFL,30,JAX,Jaguars,TE,Brenton,Strange,2000-12-27,"6' 4""",253.0,85,Penn State,USA,"Parkersburg, WV",2021,4430539,NULL,NULL
4713118,NFL,30,JAX,Jaguars,RB,J'Mari,Taylor,NULL,"5' 9""",199.0,30,Virginia,USA,"Charlotte, NC",2025,4713118,NULL,NULL
4432773,NFL,30,JAX,Jaguars,WR,Brian,Thomas Jr.,2002-10-08,"6' 2""",209.0,7,LSU,USA,"Walker, LA",2022,4432773,NULL,NULL
4244856,NFL,30,JAX,Jaguars,WR,Austin,Trammell,1998-07-04,"5' 10""",185.0,81,Rice,USA,"Spring, TX",2021,4244856,NULL,NULL
4882093,NFL,30,JAX,Jaguars,RB,Bhayshul,Tuten,2003-02-14,"5' 9""",209.0,33,Virginia Tech,USA,"Paulsboro, NJ",2023,4882093,NULL,NULL
4035791,NFL,30,JAX,Jaguars,OT,Cole,Van Lanen,1998-04-23,"6' 5""",312.0,70,Wisconsin,USA,"Green Bay, WI",2019,4035791,NULL,NULL
4432620,NFL,30,JAX,Jaguars,WR,Parker,Washington,2002-03-21,"5' 10""",204.0,11,Penn State,USA,"Sugar Land, TX",2021,4432620,NULL,NULL
5085024,NFL,30,JAX,Jaguars,WR,CJ,Williams,NULL,"6' 1""",205.0,18,Stanford,USA,"Mission Viejo, CA",2025,5085024,NULL,NULL
5152117,NFL,30,JAX,Jaguars,WR,Michael,Wortham,NULL,"5' 9""",190.0,0,Montana,USA,"North Highlands, CA",2025,5152117,NULL,NULL
4689088,NFL,30,JAX,Jaguars,OT,Kilian,Zierer,1998-02-24,"6' 7""",312.0,78,Auburn,Germany,Munich,2023,4689088,NULL,NULL
4360807,NFL,30,JAX,Jaguars,LB,Yasir,Abdullah,2000-04-12,"6' 1""",240.0,56,Louisville,USA,"Miramar, FL",2021,4360807,NULL,NULL
2971275,NFL,30,JAX,Jaguars,DT,Arik,Armstead,1993-11-15,"6' 7""",290.0,91,Oregon,USA,"Sacramento, CA",2015,2971275,NULL,NULL
4259978,NFL,30,JAX,Jaguars,DT,Quinton,Bohanna,1999-03-16,"6' 4""",330.0,NULL,Kentucky,USA,"Cordova, TN",2020,4259978,NULL,NULL
4431162,NFL,30,JAX,Jaguars,DT,T.J.,Bollers,NULL,"6' 2""",305.0,94,California,USA,"Tiffin, IA",2025,4431162,NULL,NULL
4257580,NFL,30,JAX,Jaguars,CB,Christian,Braswell,1999-09-27,"5' 11""",185.0,21,Rutgers,USA,"Washington, DC",2022,4257580,NULL,NULL
4242149,NFL,30,JAX,Jaguars,CB,Montaric,Brown,1999-08-24,"6' 0""",190.0,1,Arkansas,USA,"Ashdown, AR",2020,4242149,NULL,NULL
4572704,NFL,30,JAX,Jaguars,LB,Branson,Combs,2000-07-14,"6' 3""",228.0,50,Wake Forest,USA,"Evansville, IN",2023,4572704,NULL,NULL
3134316,NFL,30,JAX,Jaguars,DE,Matt,Dickerson,1995-11-09,"6' 5""",300.0,93,UCLA,USA,"San Mateo, CA",2018,3134316,NULL,NULL
4427117,NFL,30,JAX,Jaguars,DE,Quindarius,Dunnigan,NULL,"6' 4""",257.0,59,Michigan State,USA,"Chattanooga, TN",2025,4427117,NULL,NULL
5121433,NFL,30,JAX,Jaguars,DE,Zach,Durfee,NULL,"6' 5""",258.0,58,Washington,USA,"Dawson, MN",2025,5121433,NULL,NULL
4334300,NFL,30,JAX,Jaguars,LB,Dennis,Gardeck,1994-08-09,"6' 0""",232.0,47,Sioux Falls,USA,"Lake In The H, IL",2018,4334300,NULL,NULL
4875266,NFL,30,JAX,Jaguars,DE,B.J.,Green II,2003-07-03,"6' 1""",270.0,95,Colorado,USA,"Powder Springs, GA",2023,4875266,NULL,NULL
3915520,NFL,30,JAX,Jaguars,DT,DaVon,Hamilton,1997-02-01,"6' 4""",335.0,52,Ohio State,USA,"Pickerington, OH",2020,3915520,NULL,NULL
3915239,NFL,30,JAX,Jaguars,DE,Josh,Hines-Allen,1997-07-13,"6' 5""",255.0,41,Kentucky,USA,"Montclair, NJ",2019,3915239,NULL,NULL
5081718,NFL,30,JAX,Jaguars,CB,Preston,Hodge,NULL,"6' 0""",200.0,26,Colorado,USA,"Waxahachie, TX",2025,5081718,NULL,NULL
4880861,NFL,30,JAX,Jaguars,LB,Parker,Hughes,NULL,"6' 1""",228.0,53,Middle Tennessee,USA,"Elizabethton, TN",2025,4880861,NULL,NULL
4577189,NFL,30,JAX,Jaguars,DT,Jalen,Hunt,NULL,"6' 2""",315.0,96,Cincinnati,USA,"Detroit, MI",2025,4577189,NULL,NULL
4912185,NFL,30,JAX,Jaguars,S,Jalen,Huskey,2003-05-10,"6' 1""",196.0,22,Maryland,USA,"Frederick, MD",2025,4912185,NULL,NULL
3895791,NFL,30,JAX,Jaguars,CB,Dane,Jackson,1996-11-29,"5' 11""",180.0,23,Pittsburgh,USA,"Coraopolis, PA",2020,3895791,NULL,NULL
4429168,NFL,30,JAX,Jaguars,S,Antonio,Johnson,2001-10-29,"6' 2""",198.0,6,Texas A&M,USA,"East Saint Louis, IL",2021,4429168,NULL,NULL
4426448,NFL,30,JAX,Jaguars,CB,Jarrian,Jones,2001-05-08,"5' 11""",190.0,4,Florida State,USA,"Magee, MS",2022,4426448,NULL,NULL
4427716,NFL,30,JAX,Jaguars,LB,Jack,Kiser,2000-09-10,"6' 2""",231.0,54,Notre Dame,USA,"Royal Center, IN",2023,4427716,NULL,NULL
4880675,NFL,30,JAX,Jaguars,S,Rayuan,Lane III,2003-07-21,"5' 11""",197.0,25,Navy,USA,"Jessup, MD",2023,4880675,NULL,NULL
3045207,NFL,30,JAX,Jaguars,CB,Jourdan,Lewis,1995-08-31,"5' 10""",190.0,2,Michigan,USA,"Detroit, MI",2017,3045207,NULL,NULL
4362236,NFL,30,JAX,Jaguars,CB,Keni-H,Lovely,2000-05-12,"5' 10""",182.0,31,Western Michigan,USA,"Boynton Beach, FL",2024,4362236,NULL,NULL
5083287,NFL,30,JAX,Jaguars,CB,Devon,Marshall,NULL,"5' 11""",200.0,40,NC State,USA,"Boston, MA",2025,5083287,NULL,NULL
4576129,NFL,30,JAX,Jaguars,LB,Jalen,McLeod,2002-06-05,"6' 1""",236.0,35,Auburn,USA,"Washington, DC",2023,4576129,NULL,NULL
4240610,NFL,30,JAX,Jaguars,LB,Ventrell,Miller,1999-01-15,"6' 0""",232.0,51,Florida,USA,"Lakeland, FL",2021,4240610,NULL,NULL
4432440,NFL,30,JAX,Jaguars,CB,Jabbar,Muhammad,2001-12-28,"5' 10""",185.0,37,Oregon,USA,"Desoto, TX",2024,4432440,NULL,NULL
2970716,NFL,30,JAX,Jaguars,S,Eric,Murray,1994-01-07,"5' 11""",199.0,29,Minnesota,USA,"Milwaukee, WI",2016,2970716,NULL,NULL
4431292,NFL,30,JAX,Jaguars,S,Devin,Neal,NULL,"6' 0""",214.0,36,Virginia,USA,"Lexington, KY",2025,4431292,NULL,NULL
3050073,NFL,30,JAX,Jaguars,LB,Foyesade,Oluokun,1995-08-02,"6' 2""",230.0,23,Yale,USA,"St. Louis, MO",2018,3050073,NULL,NULL
4430271,NFL,30,JAX,Jaguars,DT,Ruke,Orhorhoro,2001-10-13,"6' 4""",294.0,99,Clemson,Nigeria,Lagos,2022,4430271,NULL,NULL
4683347,NFL,30,JAX,Jaguars,S,Caleb,Ransaw,2002-12-22,"6' 0""",196.0,27,Tulane,USA,"Harvest, AL",2023,4683347,NULL,NULL
4612298,NFL,30,JAX,Jaguars,DT,Albert,Regis,2003-05-17,"6' 1""",295.0,98,Texas A&M,USA,"La Porte, TX",2025,4612298,NULL,NULL
4428390,NFL,30,JAX,Jaguars,DT,Keivie,Rose,2000-12-14,"6' 3""",314.0,97,Arkansas,USA,"Henderson, TX",2024,4428390,NULL,NULL
4877475,NFL,30,JAX,Jaguars,S,Cam'Ron,Silmon-Craig,2002-10-30,"5' 10""",185.0,42,Colorado,USA,"Birmingham, AL",2024,4877475,NULL,NULL
4573319,NFL,30,JAX,Jaguars,DE,Danny,Striggow,2002-07-24,"6' 5""",255.0,92,Minnesota,USA,"Long Lake, MN",2023,4573319,NULL,NULL
4570633,NFL,30,JAX,Jaguars,S,Trevian,Thomas,2002-03-04,"5' 11""",196.0,34,Arkansas State,USA,"Americus, GA",2024,4570633,NULL,NULL
4836472,NFL,30,JAX,Jaguars,DE,Bryan,Thomas Jr.,NULL,"6' 2""",250.0,57,South Carolina,USA,"Windermere, FL",2025,4836472,NULL,NULL
4426349,NFL,30,JAX,Jaguars,DE,Travon,Walker,2000-12-18,"6' 5""",272.0,44,Georgia,USA,"Thomaston, GA",2020,4426349,NULL,NULL
4832922,NFL,30,JAX,Jaguars,DE,Wesley,Williams,NULL,"6' 3""",256.0,90,Duke,USA,"Gainesville, VA",2025,4832922,NULL,NULL
3115480,NFL,30,JAX,Jaguars,P,Logan,Cooke,1995-07-28,"6' 5""",230.0,9,Mississippi State,USA,"Darbun, MS",2018,3115480,NULL,NULL
4686361,NFL,30,JAX,Jaguars,PK,Cam,Little,2003-08-17,"6' 1""",172.0,39,Arkansas,USA,"Moore, OK",2022,4686361,NULL,NULL
3928931,NFL,30,JAX,Jaguars,LS,Ross,Matiscik,1996-09-13,"6' 0""",240.0,46,Baylor,USA,"McKinney, TX",2020,3928931,NULL,NULL
4912218,NFL,12,KC,Chiefs,WR,Cyrus,Allen,NULL,"5' 11""",180.0,13,Cincinnati,USA,"New Orleans, LA",2025,4912218,NULL,NULL
5093923,NFL,12,KC,Chiefs,WR,Andrew,Armstrong,2000-10-31,"6' 4""",210.0,85,Arkansas,USA,"Dallas, TX",2024,5093923,NULL,NULL
4566190,NFL,12,KC,Chiefs,OT,Kahlil,Benson,NULL,"6' 6""",319.0,70,Indiana,USA,"Southaven, MS",2025,4566190,NULL,NULL
4431196,NFL,12,KC,Chiefs,TE,Jake,Briningstool,2002-12-09,"6' 6""",240.0,88,Clemson,USA,"Brentwood, TN",2023,4431196,NULL,NULL
4689988,NFL,12,KC,Chiefs,WR,Jason,Brownlee,1999-01-30,"6' 3""",202.0,89,Southern Miss,USA,"West Point, MS",2022,4689988,NULL,NULL
4885466,NFL,12,KC,Chiefs,WR,Jeff,Caldwell,NULL,"6' 5""",215.0,8,Cincinnati,USA,"Louisville, KY",2025,4885466,NULL,NULL
4043039,NFL,12,KC,Chiefs,G,Mike,Caliendo,1997-10-21,"6' 4""",301.0,66,Western Michigan,USA,"Brookfield, WI",2021,4043039,NULL,NULL
5155179,NFL,12,KC,Chiefs,WR,Jacob,De Jesus,NULL,"5' 7""",170.0,80,California,USA,"Manteca, CA",2025,5155179,NULL,NULL
4362478,NFL,12,KC,Chiefs,RB,Emari,Demercado,1999-01-20,"5' 9""",215.0,25,TCU,USA,"Inglewood, CA",2021,4362478,NULL,NULL
4571627,NFL,12,KC,Chiefs,OT,Ethan,Driskell,2000-06-29,"6' 8""",313.0,75,Marshall,USA,"Louisville, KY",2023,4571627,NULL,NULL
4702908,NFL,12,KC,Chiefs,WR,Omari,Evans,NULL,"6' 0""",195.0,7,Washington,USA,"Killeen, TX",2025,4702908,NULL,NULL
4362887,NFL,12,KC,Chiefs,QB,Justin,Fields,1999-03-05,"6' 3""",227.0,6,Ohio State,USA,"Kennesaw, GA",2019,4362887,NULL,NULL
5144457,NFL,12,KC,Chiefs,OT,Chukwuebuka,Godrick,2000-10-11,"6' 5""",293.0,72,NULL,Nigeria,Aguleri,2024,5144457,NULL,NULL
4240472,NFL,12,KC,Chiefs,TE,Noah,Gray,1999-04-30,"6' 3""",240.0,83,Duke,USA,"Leominster, MA",2019,4240472,NULL,NULL
4708490,NFL,12,KC,Chiefs,TE,John Michael,Gyllenborg,NULL,"6' 5""",251.0,84,Wyoming,USA,"Leawood, KS",2025,4708490,NULL,NULL
4571810,NFL,12,KC,Chiefs,G,C.J.,Hanson,2001-03-03,"6' 5""",300.0,61,Holy Cross,USA,"Wyckoff, NJ",2022,4571810,NULL,NULL
4431142,NFL,12,KC,Chiefs,WR,Jimmy,Holiday,2001-12-16,"6' 1""",211.0,82,Louisiana Tech,USA,"Flora, MS",2024,4431142,NULL,NULL
4241385,NFL,12,KC,Chiefs,C,Creed,Humphrey,1999-06-28,"6' 4""",302.0,52,Oklahoma,USA,"Shawnee, OK",2019,4241385,NULL,NULL
4832955,NFL,12,KC,Chiefs,RB,Emmett,Johnson,NULL,"5' 11""",200.0,10,Nebraska,USA,"Minneapolis, MN",2025,4832955,NULL,NULL
15847,NFL,12,KC,Chiefs,TE,Travis,Kelce,1989-10-05,"6' 5""",250.0,87,Cincinnati,USA,"Cleveland Heights, OH",2013,15847,NULL,NULL
4874510,NFL,12,KC,Chiefs,WR,Xavier,Loyd,NULL,"6' 2""",196.0,17,Missouri,USA,"Blue Springs, MO",2025,4874510,NULL,NULL
3139477,NFL,12,KC,Chiefs,QB,Patrick,Mahomes,1995-09-17,"6' 2""",225.0,15,Texas Tech,USA,"Whitehouse, TX",2017,3139477,NULL,NULL
4043041,NFL,12,KC,Chiefs,OT,Jaylon,Moore,1998-01-09,"6' 4""",311.0,77,Western Michigan,USA,"Detroit, MI",2019,4043041,NULL,NULL
4367645,NFL,12,KC,Chiefs,C,Hunter,Nourzad,2000-11-26,"6' 3""",317.0,60,Penn State,USA,"Marietta, GA",2022,4367645,NULL,NULL
4567747,NFL,12,KC,Chiefs,QB,Garrett,Nussmeier,NULL,"6' 1""",205.0,14,LSU,USA,"Lake Charles, LA",2025,4567747,NULL,NULL
4682626,NFL,12,KC,Chiefs,OT,Pete,Nygra,NULL,"6' 4""",300.0,51,Louisville,USA,"Indianapolis, IN",2025,4682626,NULL,NULL
4044111,NFL,12,KC,Chiefs,QB,Chris,Oladokun,1997-09-03,"6' 1""",213.0,19,South Dakota State,USA,"Tampa, FL",2024,4044111,NULL,NULL
4685489,NFL,12,KC,Chiefs,RB,Jaydn,Ott,NULL,"5' 11""",208.0,42,Oklahoma,USA,"Chino, CA",2025,4685489,NULL,NULL
4911517,NFL,12,KC,Chiefs,TE,Mason,Pline,2000-02-05,"6' 7""",260.0,NULL,Furman,USA,"Fowler, MI",2023,4911517,NULL,NULL
5153070,NFL,12,KC,Chiefs,OT,Esa,Pole,2001-07-04,"6' 7""",319.0,79,Washington State,USA,"Hayward, CA",2023,5153070,NULL,NULL
4372716,NFL,12,KC,Chiefs,WR,Nikko,Remigio,1999-11-04,"5' 9""",187.0,81,Fresno State,USA,"Orange, CA",2023,4372716,NULL,NULL
4428331,NFL,12,KC,Chiefs,WR,Rashee,Rice,2000-04-22,"6' 1""",204.0,4,SMU,USA,"North Richland Hills, TX",2021,4428331,NULL,NULL
5082630,NFL,12,KC,Chiefs,WR,Jalen,Royals,2003-02-18,"6' 0""",195.0,11,Utah State,USA,"Powder Springs, GA",2023,5082630,NULL,NULL
4569659,NFL,12,KC,Chiefs,OT,Josh,Simmons,2002-12-26,"6' 5""",310.0,71,Ohio State,USA,"San Diego, CA",2023,4569659,NULL,NULL
4596602,NFL,12,KC,Chiefs,RB,Brashard,Smith,2003-04-11,"5' 10""",196.0,24,SMU,USA,"Richmond Heights, FL",2023,4596602,NULL,NULL
4430825,NFL,12,KC,Chiefs,RB,EJ,Smith,NULL,"5' 11""",211.0,35,Texas A&M,USA,"Dallas, TX",2025,4430825,NULL,NULL
4242459,NFL,12,KC,Chiefs,G,Trey,Smith,1999-06-16,"6' 6""",321.0,65,Tennessee,USA,"Jackson, TN",2019,4242459,NULL,NULL
4431595,NFL,12,KC,Chiefs,OT,Kingsley,Suamataia,2003-01-18,"6' 4""",326.0,76,BYU,USA,"Orem, UT",2022,4431595,NULL,NULL
4682692,NFL,12,KC,Chiefs,G,Josh,Thompson,NULL,"6' 5""",315.0,62,LSU,USA,"Fenton, MI",2025,4682692,NULL,NULL
4362921,NFL,12,KC,Chiefs,WR,Tyquan,Thornton,2000-08-07,"6' 2""",185.0,2,Baylor,USA,"Miami, FL",2020,4362921,NULL,NULL
4370876,NFL,12,KC,Chiefs,OT,Matt,Waletzko,1999-12-15,"6' 8""",305.0,73,North Dakota,USA,"Cold Spring, MN",2021,4370876,NULL,NULL
4567048,NFL,12,KC,Chiefs,RB,Kenneth,Walker III,2000-10-20,"5' 9""",211.0,9,Michigan State,USA,"Arlington, TN",2020,4567048,NULL,NULL
4685784,NFL,12,KC,Chiefs,TE,Tre,Watson,2002-10-12,"6' 5""",250.0,49,Texas A&M,USA,"Rio Rancho, NM",2024,4685784,NULL,NULL
4430723,NFL,12,KC,Chiefs,TE,Jared,Wiley,2000-11-02,"6' 6""",249.0,12,TCU,USA,"Temple, TX",2022,4430723,NULL,NULL
4683062,NFL,12,KC,Chiefs,WR,Xavier,Worthy,2003-04-27,"5' 11""",165.0,1,Texas,USA,"Fresno, CA",2022,4683062,NULL,NULL
4875123,NFL,12,KC,Chiefs,DE,Vincent,Anthony Jr.,NULL,"6' 6""",260.0,98,Duke,USA,"Durham, NC",2025,4875123,NULL,NULL
4612387,NFL,12,KC,Chiefs,DE,Felix,Anudike-Uzomah,2002-01-24,"6' 4""",255.0,91,Kansas State,USA,"Kansas City, MO",2021,4612387,NULL,NULL
4429224,NFL,12,KC,Chiefs,LB,Kam,Arnold,2002-02-19,"6' 1""",229.0,53,Boston College,USA,"West Bloomfield, MI",2024,4429224,NULL,NULL
4602389,NFL,12,KC,Chiefs,LB,Jeffrey,Bassa,2002-09-20,"6' 2""",235.0,31,Oregon,USA,"Salt Lake City, UT",2023,4602389,NULL,NULL
4685275,NFL,12,KC,Chiefs,LB,Wesley,Bissainthe,NULL,"6' 1""",230.0,59,Miami,USA,"Miami, FL",2025,4685275,NULL,NULL
4362759,NFL,12,KC,Chiefs,LB,Nick,Bolton,2000-03-10,"5' 11""",237.0,32,Missouri,USA,"Frisco, TX",2019,4362759,NULL,NULL
4430818,NFL,12,KC,Chiefs,DT,Cole,Brevard,NULL,"6' 3""",346.0,96,Texas,USA,"Carmel, IN",2025,4430818,NULL,NULL
4710706,NFL,12,KC,Chiefs,CB,Jadon,Canady,NULL,"5' 11""",185.0,22,Oregon,USA,"Jacksonville, FL",2025,4710706,NULL,NULL
4036959,NFL,12,KC,Chiefs,LB,Cole,Christiansen,1997-07-30,"6' 1""",230.0,48,Army,USA,"Suffolk, VA",2020,4036959,NULL,NULL
4249766,NFL,12,KC,Chiefs,LB,Jack,Cochrane,1999-02-09,"6' 3""",236.0,43,South Dakota,USA,"Mount Vernon, IA",2020,4249766,NULL,NULL
4361964,NFL,12,KC,Chiefs,S,Chamarri,Conner,2000-07-11,"6' 0""",202.0,27,Virginia Tech,USA,"Jacksonville, FL",2021,4361964,NULL,NULL
4880124,NFL,12,KC,Chiefs,CB,Mansoor,Delane,2003-12-15,"6' 0""",190.0,5,LSU,USA,"Silver Spring, MD",2025,4880124,NULL,NULL
4431534,NFL,12,KC,Chiefs,LB,Ethan,Downs,2002-10-13,"6' 4""",263.0,40,Oklahoma,USA,"Weatherford, OK",2024,4431534,NULL,NULL
4880478,NFL,12,KC,Chiefs,DE,Anthony,Dunn Jr.,NULL,"6' 4""",262.0,49,Toledo,USA,"Sanford, FL",2025,4880478,NULL,NULL
4567399,NFL,12,KC,Chiefs,CB,Kaiir,Elam,2001-05-05,"6' 1""",202.0,24,Florida,USA,"Riviera Beach, FL",2020,4567399,NULL,NULL
4035433,NFL,12,KC,Chiefs,CB,Kristian,Fulton,1998-09-03,"5' 11""",197.0,8,LSU,USA,"New Orleans, LA",2020,4035433,NULL,NULL
4684432,NFL,12,KC,Chiefs,DE,Ashton,Gillotte,2002-10-30,"6' 3""",270.0,97,Louisville,USA,"Boca Raton, FL",2023,4684432,NULL,NULL
4039413,NFL,12,KC,Chiefs,S,Alohi,Gilman,1997-09-17,"5' 10""",201.0,17,Notre Dame,USA,"Laie, HI",2020,4039413,NULL,NULL
4573152,NFL,12,KC,Chiefs,DT,Marcus,Harris,2000-09-27,"6' 3""",295.0,68,Auburn,USA,"Montgomery, AL",2024,4573152,NULL,NULL
4685232,NFL,12,KC,Chiefs,S,Jaden,Hicks,2002-08-16,"6' 1""",215.0,21,Washington State,USA,"Las Vegas, NV",2022,4685232,NULL,NULL
3044859,NFL,12,KC,Chiefs,DT,Chris,Jones,1994-07-03,"6' 6""",310.0,95,Mississippi State,USA,"Houston, MS",2016,3044859,NULL,NULL
4426659,NFL,12,KC,Chiefs,DE,George,Karlaftis,2001-04-03,"6' 4""",263.0,56,Purdue,USA,"West Lafayette, IN",2020,4426659,NULL,NULL
4602648,NFL,12,KC,Chiefs,CB,Kevin,Knowles,2003-04-09,"5' 11""",190.0,35,Florida State,USA,"Hollywood, FL",2023,4602648,NULL,NULL
4291489,NFL,12,KC,Chiefs,CB,Kader,Kohou,1998-11-28,"5' 10""",197.0,26,East Texas A&M,USA,"Euless, TX",2020,4291489,NULL,NULL
4361824,NFL,12,KC,Chiefs,S,Tanner,McCalister,2000-01-27,"5' 11""",191.0,34,Ohio State,USA,"Rockwall, TX",2024,4361824,NULL,NULL
4567826,NFL,12,KC,Chiefs,LB,Cooper,McDonald,2001-08-07,"6' 3""",240.0,44,TCU,USA,"Haslet, TX",2023,4567826,NULL,NULL
4708859,NFL,12,KC,Chiefs,DT,Amari,McNeill,NULL,"6' 4""",300.0,93,Colorado,USA,"Suwanee, GA",2025,4708859,NULL,NULL
4591008,NFL,12,KC,Chiefs,DT,Omarr,Norman-Lott,2002-03-11,"6' 3""",315.0,55,Tennessee,USA,"North Highlands, CA",2023,4591008,NULL,NULL
4685491,NFL,12,KC,Chiefs,S,Xavier,Nwankpa,NULL,"6' 2""",213.0,29,Iowa,USA,"Pleasant Hill, IA",2025,4685491,NULL,NULL
4431503,NFL,12,KC,Chiefs,DT,Damon,Payne,NULL,"6' 4""",311.0,90,Michigan,USA,"Belleville, MI",2025,4431503,NULL,NULL
4880312,NFL,12,KC,Chiefs,CB,D'Arco,Perkins-McAllister,NULL,"6' 1""",195.0,NULL,UL Monroe,USA,"Nashville, TN",2025,4880312,NULL,NULL
5084574,NFL,12,KC,Chiefs,CB,Bryce,Phillips,NULL,"6' 0""",195.0,45,San Diego State,USA,"Long Beach, CA",2025,5084574,NULL,NULL
4428383,NFL,12,KC,Chiefs,CB,Chris,Roland-Wallace,2001-11-23,"5' 11""",202.0,30,USC,USA,"Palmdale, CA",2022,4428383,NULL,NULL
5081093,NFL,12,KC,Chiefs,S,DeShon,Singleton,NULL,"6' 3""",210.0,NULL,Nebraska,USA,"Greensburg, LA",2025,5081093,NULL,NULL
4361340,NFL,12,KC,Chiefs,DE,Tyreke,Smith,2000-02-14,"6' 3""",255.0,57,Ohio State,USA,"Cleveland, OH",2022,4361340,NULL,NULL
5278708,NFL,12,KC,Chiefs,CB,Melvin,Smith Jr.,2002-04-12,"6' 1""",185.0,39,Southern Arkansas,USA,"Bossier City, LA",2024,5278708,NULL,NULL
4040432,NFL,12,KC,Chiefs,CB,L'Jarius,Sneed,1997-01-21,"6' 1""",192.0,38,Louisiana Tech,USA,"Minden, LA",2020,4040432,NULL,NULL
5081927,NFL,12,KC,Chiefs,DE,R Mason,Thomas,2004-08-25,"6' 2""",249.0,51,Oklahoma,USA,"Fort Lauderdale, FL",2025,5081927,NULL,NULL
4256074,NFL,12,KC,Chiefs,DT,Khyiris,Tonga,1996-07-07,"6' 2""",335.0,92,BYU,USA,"West Valley, UT",2019,4256074,NULL,NULL
3129310,NFL,12,KC,Chiefs,LB,Drue,Tranquill,1995-08-15,"6' 2""",234.0,23,Notre Dame,USA,"Fort Wayne, IN",2019,3129310,NULL,NULL
5083530,NFL,12,KC,Chiefs,CB,Zelmar,Vedder,NULL,"6' 3""",195.0,NULL,Houston,USA,"Manteca, CA",2025,5083530,NULL,NULL
4610705,NFL,12,KC,Chiefs,CB,Nohl,Williams,2002-09-23,"6' 1""",200.0,20,California,USA,"Oxnard, CA",2023,4610705,NULL,NULL
4871063,NFL,12,KC,Chiefs,DT,Peter,Woods,2005-03-05,"6' 3""",310.0,99,Clemson,USA,"Alabaster, AL",2025,4871063,NULL,NULL
4361496,NFL,12,KC,Chiefs,P,Matt,Araiza,2000-05-16,"6' 1""",200.0,14,San Diego State,USA,"San Diego, CA",2022,4361496,NULL,NULL
3055899,NFL,12,KC,Chiefs,PK,Harrison,Butker,1995-07-14,"6' 4""",205.0,7,Georgia Tech,USA,"Decatur, GA",2017,3055899,NULL,NULL
16665,NFL,12,KC,Chiefs,LS,James,Winchester,1989-08-06,"6' 3""",240.0,41,Oklahoma,USA,"Washington, OK",2015,16665,NULL,NULL
4603186,NFL,13,LV,Raiders,WR,Jack,Bech,2002-12-18,"6' 1""",214.0,18,TCU,USA,"Lafayette, LA",2023,4603186,NULL,NULL
5150247,NFL,13,LV,Raiders,WR,Malik,Benson,NULL,"6' 1""",195.0,19,Oregon,USA,"Lansing, KS",2025,5150247,NULL,NULL
4432665,NFL,13,LV,Raiders,TE,Brock,Bowers,2002-12-13,"6' 4""",235.0,89,Georgia,USA,"Napa, CA",2022,4432665,NULL,NULL
4832806,NFL,13,LV,Raiders,WR,Jonathan,Brady,NULL,"5' 10""",180.0,83,Indiana,USA,"Los Angeles, CA",2025,4832806,NULL,NULL
4362999,NFL,13,LV,Raiders,G,Spencer,Burford,2000-07-19,"6' 4""",300.0,70,UTSA,USA,"San Antonio, TX",2020,4362999,NULL,NULL
4569535,NFL,13,LV,Raiders,QB,Jacob,Clark,NULL,"6' 5""",220.0,16,Missouri State,USA,"Rockwall, TX",2025,4569535,NULL,NULL
4698191,NFL,13,LV,Raiders,RB,Chris,Collier,2000-03-24,"5' 10""",203.0,33,Lock Haven University,USA,"Lawrence, NY",2023,4698191,NULL,NULL
14880,NFL,13,LV,Raiders,QB,Kirk,Cousins,1988-08-19,"6' 3""",209.0,8,Michigan State,USA,"Holland, MI",2012,14880,NULL,NULL
2579604,NFL,13,LV,Raiders,WR,Phillip,Dorsett II,1993-01-05,"5' 10""",185.0,13,Miami,USA,"Fort Lauderdale, FL",2015,2579604,NULL,NULL
4606683,NFL,13,LV,Raiders,OT,DJ,Glaze,2002-08-04,"6' 4""",331.0,71,Maryland,USA,"Charlotte, NC",2022,4606683,NULL,NULL
4694505,NFL,13,LV,Raiders,OT,Charles,Grant,2002-03-22,"6' 4""",304.0,60,William & Mary,USA,"Portsmouth, VA",2023,4694505,NULL,NULL
4693208,NFL,13,LV,Raiders,TE,Patrick,Gurd,NULL,"6' 4""",250.0,45,Cincinnati,USA,"New Albany, OH",2025,4693208,NULL,NULL
4688835,NFL,13,LV,Raiders,RB,Roman,Hemby,NULL,"6' 0""",208.0,37,Indiana,USA,"Edgewood, MD",2025,4688835,NULL,NULL
5348412,NFL,13,LV,Raiders,OT,Niklas,Henning,NULL,"6' 6""",287.0,73,NULL,NULL,NULL,2025,5348412,NULL,NULL
4241961,NFL,13,LV,Raiders,FB,Connor,Heyward,1999-01-22,"6' 0""",230.0,34,Michigan State,USA,"Duluth, GA",2020,4241961,NULL,NULL
4361332,NFL,13,LV,Raiders,WR,Shedrick,Jackson,1999-10-20,"6' 1""",198.0,4,Auburn,USA,"Hoover, AL",2024,4361332,NULL,NULL
5157075,NFL,13,LV,Raiders,OT,Isaiah,Jatta,NULL,"6' 6""",315.0,72,BYU,USA,"San Diego, CA",2025,5157075,NULL,NULL
4890973,NFL,13,LV,Raiders,RB,Ashton,Jeanty,2003-12-02,"5' 8""",208.0,2,Boise State,USA,"Jacksonville, FL",2023,4890973,NULL,NULL
4035198,NFL,13,LV,Raiders,WR,Brandon,Johnson,1998-07-26,"6' 2""",195.0,NULL,UCF,USA,"Fort Lauderdale, FL",2022,4035198,NULL,NULL
4366963,NFL,13,LV,Raiders,RB,Dylan,Laube,1999-12-14,"5' 9""",204.0,23,New Hampshire,USA,"Westhampton, NY",2022,4366963,NULL,NULL
4360499,NFL,13,LV,Raiders,C,Tyler,Linderbaum,2000-04-07,"6' 2""",305.0,65,Iowa,USA,"Solon, IA",2020,4360499,NULL,NULL
4367202,NFL,13,LV,Raiders,G,Atonio,Mafi,2000-10-20,"6' 3""",330.0,56,UCLA,USA,"Shoreview, CA",2023,4367202,NULL,NULL
4429086,NFL,13,LV,Raiders,TE,Michael,Mayer,2001-07-06,"6' 4""",256.0,87,Notre Dame,USA,"Independence, KY",2021,4429086,NULL,NULL
4837248,NFL,13,LV,Raiders,QB,Fernando,Mendoza,2003-10-01,"6' 5""",225.0,15,Indiana,USA,"Miami, FL",2025,4837248,NULL,NULL
4076803,NFL,13,LV,Raiders,C,Jordan,Meredith,1998-01-04,"6' 2""",301.0,61,Western Kentucky,USA,"Bowling Green, KY",2021,4076803,NULL,NULL
3134312,NFL,13,LV,Raiders,OT,Kolton,Miller,1995-09-02,"6' 8""",326.0,74,UCLA,USA,"Roseville, CA",2018,3134312,NULL,NULL
4698114,NFL,13,LV,Raiders,OT,Kamar,Missouri,NULL,"6' 5""",310.0,62,UTSA,USA,"Baltimore, MD",2025,4698114,NULL,NULL
4382466,NFL,13,LV,Raiders,WR,Jalen,Nailor,1999-03-02,"6' 0""",190.0,9,Michigan State,USA,"Palmdale, CA",2020,4382466,NULL,NULL
4260394,NFL,13,LV,Raiders,QB,Aidan,O'Connell,1998-09-01,"6' 3""",206.0,12,Purdue,USA,"Long Grove, IL",2021,4260394,NULL,NULL
4035115,NFL,13,LV,Raiders,TE,Albert,Okwuegbunam Jr.,1998-04-25,"6' 5""",258.0,85,Missouri,USA,"Springfield, IL",2020,4035115,NULL,NULL
4688538,NFL,13,LV,Raiders,G,Justin,Pickett,NULL,"6' 7""",317.0,77,Duke,USA,"Carmel, IN",2025,4688538,NULL,NULL
4875295,NFL,13,LV,Raiders,G,Jackson,Powers-Johnson,2003-01-23,"6' 3""",325.0,58,Oregon,USA,"Draper, UT",2022,4875295,NULL,NULL
4426393,NFL,13,LV,Raiders,C,Will,Putnam,2000-08-13,"6' 4""",301.0,67,Clemson,USA,"Tampa, FL",2023,4426393,NULL,NULL
4714388,NFL,13,LV,Raiders,WR,Chase,Roberts,NULL,"6' 4""",210.0,86,BYU,USA,"Highland, UT",2025,4714388,NULL,NULL
4433889,NFL,13,LV,Raiders,G,Caleb,Rogers,2001-10-03,"6' 4""",312.0,76,Texas Tech,USA,"Mansfield, TX",2023,4433889,NULL,NULL
5155825,NFL,13,LV,Raiders,TE,Carter,Runyon,2001-07-23,"6' 4""",243.0,84,Towson,USA,"Fairfax, VA",2023,5155825,NULL,NULL
4045305,NFL,13,LV,Raiders,TE,Ian,Thomas,1996-06-06,"6' 3""",253.0,80,Indiana,USA,"Baltimore, MD",2018,4045305,NULL,NULL
4432775,NFL,13,LV,Raiders,WR,Dont'e,Thornton Jr.,2002-11-30,"6' 5""",205.0,10,Tennessee,USA,"Baltimore, MD",2023,4432775,NULL,NULL
4428718,NFL,13,LV,Raiders,WR,Tre,Tucker,2001-03-08,"5' 8""",182.0,1,Cincinnati,USA,"Akron, OH",2021,4428718,NULL,NULL
4242177,NFL,13,LV,Raiders,OT,Dalton,Wagner,1998-10-05,"6' 8""",318.0,78,Arkansas,USA,"Spring Grove, IL",2023,4242177,NULL,NULL
4686658,NFL,13,LV,Raiders,RB,Mike,Washington Jr.,NULL,"6' 2""",223.0,30,Arkansas,USA,"Utica, NY",2025,4686658,NULL,NULL
4686093,NFL,13,LV,Raiders,WR,E.J.,Williams Jr.,NULL,"6' 4""",203.0,88,Indiana,USA,"Phenix City, AL",2025,4686093,NULL,NULL
4401805,NFL,13,LV,Raiders,WR,Dareke,Young,1999-06-04,"6' 2""",224.0,81,Lenoir Rhyne,USA,"Raleigh, NC",2020,4401805,NULL,NULL
4431623,NFL,13,LV,Raiders,C,Trey,Zuhn III,2002-10-12,"6' 6""",319.0,66,Texas A&M,USA,"Fort Collins, CO",2025,4431623,NULL,NULL
4360475,NFL,13,LV,Raiders,CB,Chigozie,Anusiem,2000-11-05,"6' 1""",200.0,29,Colorado State,USA,"La Habra, CA",2023,4360475,NULL,NULL
4360749,NFL,13,LV,Raiders,DT,Thomas,Booker IV,1999-11-11,"6' 3""",301.0,99,Stanford,USA,"Ellicott City, MD",2021,4360749,NULL,NULL
2972342,NFL,13,LV,Raiders,DT,Adam,Butler,1994-04-12,"6' 4""",301.0,69,Vanderbilt,USA,"Duncanville, TX",2017,2972342,NULL,NULL
4043169,NFL,13,LV,Raiders,S,Jeremy,Chinn,1998-02-26,"6' 3""",220.0,11,Southern Illinois,USA,"Fishers, IN",2020,4043169,NULL,NULL
4685305,NFL,13,LV,Raiders,DT,Brandon,Cleveland,NULL,"6' 4""",315.0,90,NC State,USA,"Tampa, FL",2025,4685305,NULL,NULL
4911904,NFL,13,LV,Raiders,DE,Keyron,Crawford,2003-10-17,"6' 4""",255.0,42,Auburn,USA,"Memphis, TN",2025,4911904,NULL,NULL
3916655,NFL,13,LV,Raiders,DE,Maxx,Crosby,1997-08-22,"6' 5""",255.0,98,Eastern Michigan,USA,"Colleyville, TX",2019,3916655,NULL,NULL
4426340,NFL,13,LV,Raiders,LB,Nakobe,Dean,2000-12-13,"5' 11""",230.0,17,Georgia,USA,"Horn Lake, MS",2020,4426340,NULL,NULL
4429560,NFL,13,LV,Raiders,LB,Tommy,Eichenberg,2001-01-11,"6' 2""",234.0,44,Ohio State,USA,"Cleveland, OH",2022,4429560,NULL,NULL
4427408,NFL,13,LV,Raiders,DE,Jahfari,Harvey,2001-05-02,"6' 2""",255.0,91,SMU,USA,"Port Saint Lucie, FL",2024,4427408,NULL,NULL
4429109,NFL,13,LV,Raiders,DT,Tonka,Hemingway,2001-10-31,"6' 2""",284.0,97,South Carolina,USA,"Conway, SC",2023,4429109,NULL,NULL
4373471,NFL,13,LV,Raiders,LB,Brennan,Jackson,2000-10-14,"6' 4""",263.0,54,Washington State,USA,"Temecula, CA",2022,4373471,NULL,NULL
4682488,NFL,13,LV,Raiders,S,Dalton,Johnson,NULL,"5' 11""",198.0,43,Arizona,USA,"Katy, TX",2025,4682488,NULL,NULL
3121003,NFL,13,LV,Raiders,CB,Taron,Johnson,1996-07-27,"5' 11""",192.0,3,Weber State,USA,"Sacramento, CA",2018,3121003,NULL,NULL
4035299,NFL,13,LV,Raiders,DT,Benito,Jones,1997-11-27,"6' 1""",335.0,94,Ole Miss,USA,"Waynesboro, MS",2020,4035299,NULL,NULL
4239719,NFL,13,LV,Raiders,DE,Malcolm,Koonce,1998-06-06,"6' 3""",243.0,51,Buffalo,USA,"Peekskill, NY",2019,4239719,NULL,NULL
4607937,NFL,13,LV,Raiders,S,Devin,Lafayette,NULL,"6' 2""",210.0,40,Troy,USA,"Brunswick, GA",2025,4607937,NULL,NULL
4373956,NFL,13,LV,Raiders,DT,Jonah,Laulu,2000-06-30,"6' 5""",289.0,96,Oklahoma,USA,"Las Vegas, NV",2022,4373956,NULL,NULL
4685126,NFL,13,LV,Raiders,LB,Cody,Lindenberg,2002-01-15,"6' 2""",236.0,55,Minnesota,USA,"Anoka, MN",2023,4685126,NULL,NULL
4427852,NFL,13,LV,Raiders,DT,Treven,Ma'ae,2001-02-26,"6' 3""",291.0,68,Baylor,USA,"Kapolei, HI",2024,4427852,NULL,NULL
4917354,NFL,13,LV,Raiders,CB,Hezekiah,Masses,NULL,"6' 1""",185.0,35,California,USA,"Deerfield Beach, FL",2025,4917354,NULL,NULL
4250393,NFL,13,LV,Raiders,S,Tristin,McCollum,1999-05-03,"6' 3""",195.0,27,Sam Houston,USA,"Galveston, TX",2022,4250393,NULL,NULL
5157289,NFL,13,LV,Raiders,CB,Jermod,McCoy,NULL,"6' 0""",193.0,28,Tennessee,USA,"Whitehouse, TX",2025,5157289,NULL,NULL
4372085,NFL,13,LV,Raiders,LB,Cameron,McGrone,2000-06-22,"6' 1""",236.0,57,Michigan,USA,"Indianapolis, IN",2022,4372085,NULL,NULL
4565558,NFL,13,LV,Raiders,CB,Caleb,Offord,NULL,"6' 2""",198.0,39,Kennesaw State,USA,"Southaven, MS",2025,4565558,NULL,NULL
4260703,NFL,13,LV,Raiders,LB,Segun,Olubi,1999-11-01,"6' 2""",220.0,50,San Diego State,USA,"Corona, CA",2021,4260703,NULL,NULL
4258194,NFL,13,LV,Raiders,DE,Kwity,Paye,1998-11-19,"6' 3""",265.0,95,Michigan,Guinea,Conakry,2019,4258194,NULL,NULL
4430896,NFL,13,LV,Raiders,DT,JJ,Pegues,2001-11-25,"6' 2""",325.0,92,Ole Miss,USA,"Oxford, MS",2023,4430896,NULL,NULL
4694588,NFL,13,LV,Raiders,S,Devyn,Perkins,NULL,"5' 10""",195.0,49,Utah Tech,USA,"Las Vegas, NV",2025,4694588,NULL,NULL
4259632,NFL,13,LV,Raiders,S,Isaiah,Pola-Mao,1999-06-30,"6' 3""",204.0,20,USC,USA,"Phoenix, AZ",2020,4259632,NULL,NULL
4430330,NFL,13,LV,Raiders,CB,Darien,Porter,2001-01-06,"6' 2""",195.0,26,Iowa State,USA,"Bettendorf, IA",2023,4430330,NULL,NULL
4605498,NFL,13,LV,Raiders,CB,Decamerion,Richardson,2001-03-16,"6' 2""",192.0,25,Mississippi State,USA,"Cullen, LA",2022,4605498,NULL,NULL
5153665,NFL,13,LV,Raiders,DE,Cian,Slone,NULL,"6' 4""",250.0,48,NC State,USA,"Rocklin, CA",2025,5153665,NULL,NULL
4431390,NFL,13,LV,Raiders,DT,Gary,Smith III,NULL,"6' 2""",340.0,75,UCLA,USA,"Shelbyville, TN",2025,4431390,NULL,NULL
4431570,NFL,13,LV,Raiders,LB,Xavian,Sorey Jr.,NULL,"6' 3""",231.0,53,Arkansas,USA,"Campbellton, FL",2025,4431570,NULL,NULL
4259561,NFL,13,LV,Raiders,CB,Eric,Stokes,1999-03-01,"6' 1""",193.0,5,Georgia,USA,"Covington, GA",2019,4259561,NULL,NULL
4697757,NFL,13,LV,Raiders,S,Treydan,Stukes,2001-09-11,"6' 2""",195.0,31,Arizona,USA,"Litchfield Park, AZ",2025,4697757,NULL,NULL
5278710,NFL,13,LV,Raiders,DT,Laki,Tasi,2003-10-24,"6' 6""",373.0,79,NULL,NULL,NULL,2024,5278710,NULL,NULL
4779136,NFL,13,LV,Raiders,LB,Chris,Thomas,NULL,"6' 3""",230.0,59,Maine,USA,"Norristown, PA",2025,4779136,NULL,NULL
4686337,NFL,13,LV,Raiders,CB,Greedy,Vance,2001-10-08,"5' 9""",177.0,22,USC,USA,"Kenner, LA",2023,4686337,NULL,NULL
4379416,NFL,13,LV,Raiders,LB,Quay,Walker,2000-05-08,"6' 4""",240.0,7,Georgia,USA,"Cordele, GA",2020,4379416,NULL,NULL
4875435,NFL,13,LV,Raiders,S,Tanner,Wall,NULL,"6' 1""",205.0,41,BYU,USA,"Arlington, VA",2025,4875435,NULL,NULL
3686689,NFL,13,LV,Raiders,P,AJ,Cole,1995-11-27,"6' 4""",220.0,6,NC State,USA,"College Park, GA",2019,3686689,NULL,NULL
4880472,NFL,13,LV,Raiders,LS,Tyler,Duzansky,NULL,"6' 4""",222.0,46,Penn State,USA,"Wheaton, IL",2025,4880472,NULL,NULL
4249087,NFL,13,LV,Raiders,PK,Matt,Gay,1994-03-15,"6' 0""",232.0,14,Utah,USA,"Orem, UT",2019,4249087,NULL,NULL
5158921,NFL,13,LV,Raiders,PK,Kansei,Matsuzawa,NULL,"6' 2""",200.0,38,Hawai'i,Japan,Tokyo,2025,5158921,NULL,NULL
4243545,NFL,13,LV,Raiders,LS,Alex,Ward,1999-04-22,"6' 4""",240.0,47,UCF,USA,"Fort Walton Beach, FL",2021,4243545,NULL,NULL
4433901,NFL,13,LV,Raiders,WR,Corey,Rucker,NULL,"6' 0""",213.0,82,Arkansas State,USA,"Bentonia, MS",2025,4433901,NULL,NULL
4361426,NFL,13,LV,Raiders,WR,Justin,Shorter,2000-04-17,"6' 4""",227.0,88,Florida,USA,"Monmouth Junction, NJ",2021,4361426,NULL,NULL
4683487,NFL,24,LAC,Chargers,OT,Joe,Alt,2003-02-28,"6' 8""",322.0,76,Notre Dame,USA,"North Oaks, MN",2022,4683487,NULL,NULL
4040842,NFL,24,LAC,Chargers,G,Kayode,Awosika,1998-10-27,"6' 3""",312.0,74,Buffalo,USA,"Plymouth, MN",2020,4040842,NULL,NULL
4035788,NFL,24,LAC,Chargers,C,Tyler,Biadasz,1997-11-20,"6' 4""",318.0,63,Wisconsin,USA,"Amherst, WI",2020,4035788,NULL,NULL
4565184,NFL,24,LAC,Chargers,TE,Jerand,Bradley,NULL,"6' 5""",223.0,36,Kansas State,USA,"Desoto, TX",2025,4565184,NULL,NULL
4568687,NFL,24,LAC,Chargers,WR,Sincere,Brown,NULL,"6' 5""",190.0,38,Colorado,USA,"Charleston, SC",2025,4568687,NULL,NULL
4876658,NFL,24,LAC,Chargers,OT,Travis,Burke,NULL,"6' 9""",315.0,77,Memphis,USA,"Hollywood, FL",2025,4876658,NULL,NULL
4569372,NFL,24,LAC,Chargers,WR,Dalevon,Campbell,2001-12-05,"6' 4""",220.0,81,South Carolina,USA,"Missouri City, TX",2023,4569372,NULL,NULL
4035002,NFL,24,LAC,Chargers,G,Ben,Cleveland,1998-08-25,"6' 6""",357.0,72,Georgia,USA,"Toccoa, GA",2019,4035002,NULL,NULL
4362477,NFL,24,LAC,Chargers,WR,Derius,Davis,2000-09-11,"5' 8""",165.0,12,TCU,USA,"Saint Francisville, LA",2021,4362477,NULL,NULL
4691889,NFL,24,LAC,Chargers,RB,Greg,Desrosiers Jr.,NULL,"5' 11""",200.0,31,Memphis,USA,"Lawrence, MA",2025,4691889,NULL,NULL
4595342,NFL,24,LAC,Chargers,TE,Oronde,Gadsden,2003-06-25,"6' 5""",236.0,86,Syracuse,USA,"Fort Lauderdale, FL",2023,4595342,NULL,NULL
4433830,NFL,24,LAC,Chargers,WR,Luke,Grimm,2001-08-08,"6' 0""",190.0,87,Kansas,USA,"Raymore, MO",2024,4433830,NULL,NULL
4685382,NFL,24,LAC,Chargers,RB,Omarion,Hampton,2003-03-16,"6' 0""",220.0,8,North Carolina,USA,"Clayton, NC",2023,4685382,NULL,NULL
5082660,NFL,24,LAC,Chargers,G,Alex,Harkey,NULL,"6' 6""",327.0,73,Oregon,USA,"Austin, TX",2025,5082660,NULL,NULL
4686612,NFL,24,LAC,Chargers,WR,Tre',Harris,2002-02-28,"6' 3""",210.0,9,Ole Miss,USA,"Lafayette, LA",2023,4686612,NULL,NULL
4038941,NFL,24,LAC,Chargers,QB,Justin,Herbert,1998-03-10,"6' 6""",236.0,10,Oregon,USA,"Eugene, OR",2020,4038941,NULL,NULL
3917668,NFL,24,LAC,Chargers,FB,Alec,Ingold,1996-07-09,"6' 1""",240.0,30,Wisconsin,USA,"Green Bay, WI",2019,3917668,NULL,NULL
5160748,NFL,24,LAC,Chargers,WR,JaQuae,Jackson,2000-01-30,"6' 1""",184.0,82,Rutgers,USA,"Pittsburgh, PA",2023,5160748,NULL,NULL
4878878,NFL,24,LAC,Chargers,RB,Amar,Johnson,2003-01-31,"5' 10""",205.0,35,South Dakota State,USA,"O' Fallon, MO",2024,4878878,NULL,NULL
4429025,NFL,24,LAC,Chargers,WR,Quentin,Johnston,2001-09-06,"6' 2""",208.0,1,TCU,USA,"Temple, TX",2021,4429025,NULL,NULL
4430114,NFL,24,LAC,Chargers,C,Josh,Kaltenberger,2001-08-10,"6' 6""",308.0,68,Maryland,USA,"Pittsburgh, PA",2024,4430114,NULL,NULL
4241263,NFL,24,LAC,Chargers,TE,Charlie,Kolar,1999-02-10,"6' 6""",265.0,88,Iowa State,USA,"Norman, OK",2020,4241263,NULL,NULL
4430870,NFL,24,LAC,Chargers,WR,KeAndre,Lambert-Smith,2002-07-29,"6' 1""",182.0,84,Auburn,USA,"Norfolk, VA",2025,4430870,NULL,NULL
4383351,NFL,24,LAC,Chargers,QB,Trey,Lance,2000-05-09,"6' 4""",226.0,5,North Dakota State,USA,"Marshall, MN",2019,4383351,NULL,NULL
4373684,NFL,24,LAC,Chargers,FB,Scott,Matlock,2000-06-28,"6' 4""",296.0,44,Boise State,USA,"Homedale, ID",2021,4373684,NULL,NULL
4612826,NFL,24,LAC,Chargers,WR,Ladd,McConkey,2001-11-11,"6' 0""",185.0,15,Georgia,USA,"Chatsworth, GA",2022,4612826,NULL,NULL
4596334,NFL,24,LAC,Chargers,RB,Keaton,Mitchell,2002-01-17,"5' 8""",191.0,34,East Carolina,USA,"Mcdonough, GA",2021,4596334,NULL,NULL
5222064,NFL,24,LAC,Chargers,WR,Mante,Morrow,NULL,"6' 4""",210.0,NULL,Upper Iowa,USA,"Joliet, IL",2025,5222064,NULL,NULL
3123076,NFL,24,LAC,Chargers,TE,David,Njoku,1996-07-10,"6' 4""",246.0,NULL,Miami,USA,"Cedar Grove, NJ",2017,3123076,NULL,NULL
4873485,NFL,24,LAC,Chargers,TE,Johnny,Pascuzzi,NULL,"6' 4""",241.0,42,Tulane,USA,"Olathe, KS",2025,4873485,NULL,NULL
4362452,NFL,24,LAC,Chargers,RB,Jaret,Patterson,1999-12-23,"5' 8""",195.0,32,Buffalo,USA,"Glendale, MO",2022,4362452,NULL,NULL
4248627,NFL,24,LAC,Chargers,G,Trevor,Penning,1999-05-15,"6' 7""",325.0,75,Northern Iowa,USA,"Clear Lake, IA",2020,4248627,NULL,NULL
4411189,NFL,24,LAC,Chargers,OT,Trey,Pipkins III,1996-09-05,"6' 6""",307.0,79,Sioux Falls,USA,"Apple Valley, MN",2019,4411189,NULL,NULL
4709678,NFL,24,LAC,Chargers,WR,Devonte,Ross,NULL,"5' 10""",170.0,24,Penn State,USA,"Cartersville, GA",2025,4709678,NULL,NULL
4242283,NFL,24,LAC,Chargers,OT,Rashawn,Slater,1999-03-26,"6' 4""",315.0,70,Northwestern,USA,"Sugar Land, TX",2019,4242283,NULL,NULL
4682506,NFL,24,LAC,Chargers,C,Jake,Slaughter,2002-12-12,"6' 5""",303.0,66,Florida,USA,"Sparr, FL",2025,4682506,NULL,NULL
5082312,NFL,24,LAC,Chargers,C,Jacob,Spomer,NULL,"6' 3""",290.0,60,Fresno State,USA,"Brentwood, CA",2025,5082312,NULL,NULL
4051001,NFL,24,LAC,Chargers,G,Cole,Strange,1998-07-31,"6' 5""",305.0,69,Chattanooga,USA,"Knoxville, TN",2020,4051001,NULL,NULL
5082633,NFL,24,LAC,Chargers,TE,Evan,Svoboda,NULL,"6' 5""",250.0,49,Wyoming,USA,"Mesa, AZ",2025,5082633,NULL,NULL
4433914,NFL,24,LAC,Chargers,G,Branson,Taylor,2002-02-13,"6' 6""",330.0,71,Pittsburgh,USA,"Lorain, OH",2024,4433914,NULL,NULL
4682789,NFL,24,LAC,Chargers,G,Logan,Taylor,NULL,"6' 7""",312.0,65,Boston College,Canada,"Lunenburg, NS",2025,4682789,NULL,NULL
4685553,NFL,24,LAC,Chargers,WR,Brenen,Thompson,NULL,"5' 9""",170.0,89,Mississippi State,USA,"Spearman, TX",2025,4685553,NULL,NULL
4429020,NFL,24,LAC,Chargers,QB,DJ,Uiagalelei,2001-04-17,"6' 4""",252.0,7,Florida State,USA,"Inland Empire, CA",2024,4429020,NULL,NULL
5211218,NFL,24,LAC,Chargers,OT,Laekin,Vakalahi,2003-01-28,"6' 5""",320.0,78,NULL,Australia,"Brisbane, ACT",2024,5211218,NULL,NULL
4430968,NFL,24,LAC,Chargers,RB,Kimani,Vidal,2001-08-28,"5' 8""",215.0,28,Troy,USA,"Marietta, GA",2022,4430968,NULL,NULL
5084965,NFL,24,LAC,Chargers,OT,Isaiah,World,NULL,"6' 8""",318.0,67,Oregon,USA,"San Diego, CA",2025,5084965,NULL,NULL
4432659,NFL,24,LAC,Chargers,S,Noah,Avinger,NULL,"6' 0""",190.0,31,Utah State,USA,"Cerritos, CA",2025,4432659,NULL,NULL
4682818,NFL,24,LAC,Chargers,DT,Nick,Barrett,NULL,"6' 3""",322.0,91,South Carolina,USA,"Goldsboro, NC",2025,4682818,NULL,NULL
4685272,NFL,24,LAC,Chargers,LB,Lander,Barton,NULL,"6' 5""",236.0,57,Utah,USA,"Cottonwood Heights, UT",2025,4685272,NULL,NULL
5089178,NFL,24,LAC,Chargers,DT,Jamaree,Caldwell,2000-08-30,"6' 1""",340.0,99,Oregon,USA,"Newberry, SC",2023,5089178,NULL,NULL
4429371,NFL,24,LAC,Chargers,DT,Jahmeer,Carter,NULL,"6' 2""",311.0,61,Virginia,USA,"Baltimore, MD",2025,4429371,NULL,NULL
4431212,NFL,24,LAC,Chargers,LB,Junior,Colson,2002-12-06,"6' 3""",247.0,25,Michigan,Haiti,Mirebalais,2022,4431212,NULL,NULL
2576702,NFL,24,LAC,Chargers,LB,Bud,Dupree,1993-02-12,"6' 4""",269.0,48,Kentucky,USA,"Irwinton, GA",2015,2576702,NULL,NULL
4038946,NFL,24,LAC,Chargers,LB,Troy,Dye,1996-09-18,"6' 3""",225.0,43,Oregon,USA,"Norco, CA",2020,4038946,NULL,NULL
4567138,NFL,24,LAC,Chargers,DT,Justin,Eboigbe,2001-04-09,"6' 5""",292.0,92,Alabama,USA,"Forest Park, GA",2022,4567138,NULL,NULL
4431077,NFL,24,LAC,Chargers,DT,TeRah,Edwards,2001-06-03,"6' 2""",305.0,96,Illinois,USA,"Groveport, OH",2024,4431077,NULL,NULL
4870141,NFL,24,LAC,Chargers,S,Devin,Grant,NULL,"6' 4""",205.0,38,Syracuse,USA,"Elmont, NY",2025,4870141,NULL,NULL
4429124,NFL,24,LAC,Chargers,DT,Jacobian,Guillory II,NULL,"6' 2""",318.0,95,LSU,USA,"Alexandria, LA",2025,4429124,NULL,NULL
4427404,NFL,24,LAC,Chargers,CB,Cam,Hart,2000-05-05,"6' 2""",207.0,20,Notre Dame,USA,"Baltimore, MD",2022,4427404,NULL,NULL
4241597,NFL,24,LAC,Chargers,LB,Daiyan,Henley,1999-11-18,"6' 0""",225.0,0,Washington State,USA,"Los Angeles, CA",2021,4241597,NULL,NULL
3843769,NFL,24,LAC,Chargers,CB,Donte,Jackson,1995-11-08,"5' 10""",180.0,26,LSU,USA,"Metairie, LA",2018,3843769,NULL,NULL
3691739,NFL,24,LAC,Chargers,S,Derwin,James Jr.,1996-08-03,"6' 2""",215.0,3,Florida State,USA,"Haines City, FL",2018,3691739,NULL,NULL
16195,NFL,24,LAC,Chargers,S,Tony,Jefferson,1992-01-27,"5' 11""",212.0,23,Oklahoma,USA,"Chula Vista, CA",2013,16195,NULL,NULL
4361437,NFL,24,LAC,Chargers,LB,Emany,Johnson,2000-11-17,"6' 2""",218.0,50,Nevada,USA,"Richmond, CA",2024,4361437,NULL,NULL
4432333,NFL,24,LAC,Chargers,LB,Kyle,Kennard,2001-12-12,"6' 5""",254.0,54,South Carolina,USA,"Atlanta, GA",2023,4432333,NULL,NULL
4690171,NFL,24,LAC,Chargers,CB,Deane,Leonard,1999-11-20,"6' 0""",195.0,33,Ole Miss,Canada,"Calgary, AB",2020,4690171,NULL,NULL
16710,NFL,24,LAC,Chargers,LB,Khalil,Mack,1991-02-22,"6' 3""",269.0,52,Buffalo,USA,"Fort Pierce, FL",2014,16710,NULL,NULL
4429190,NFL,24,LAC,Chargers,LB,Akheem,Mesidor,2001-04-05,"6' 3""",280.0,90,Miami,Canada,"Ottawa, ON",2025,4429190,NULL,NULL
4429018,NFL,24,LAC,Chargers,S,RJ,Mickens,2001-07-10,"6' 0""",210.0,27,Clemson,USA,"Southlake, TX",2023,4429018,NULL,NULL
4243328,NFL,24,LAC,Chargers,CB,Elijah,Molden,1999-01-30,"5' 10""",192.0,2,Washington,USA,"West Linn, OR",2019,4243328,NULL,NULL
2579621,NFL,24,LAC,Chargers,LB,Denzel,Perryman,1992-12-05,"5' 11""",240.0,6,Miami,USA,"Coral Gables, FL",2015,2579621,NULL,NULL
4240528,NFL,24,LAC,Chargers,LB,Del'Shawn,Phillips,1996-10-09,"6' 2""",230.0,53,Illinois,USA,"Highland Park, MI",2019,4240528,NULL,NULL
4701177,NFL,24,LAC,Chargers,S,Myles,Purchase,2002-11-26,"5' 11""",205.0,41,Iowa State,USA,"Denver, CO",2024,4701177,NULL,NULL
4428304,NFL,24,LAC,Chargers,LB,Garmon,Randolph,2000-10-05,"6' 8""",260.0,97,Baylor,USA,"Jefferson, GA",2024,4428304,NULL,NULL
4691043,NFL,24,LAC,Chargers,CB,Nikko,Reed,2003-03-03,"5' 10""",180.0,46,Oregon,USA,"Oakland, CA",2023,4691043,NULL,NULL
4433895,NFL,24,LAC,Chargers,CB,Eric,Rogers,2002-04-02,"6' 2""",189.0,39,Rutgers,USA,"Burlington, NJ",2023,4433895,NULL,NULL
4838693,NFL,24,LAC,Chargers,CB,Rodney,Shelley,NULL,"5' 11""",180.0,24,Georgia Tech,USA,"Fairburn, GA",2025,4838693,NULL,NULL
5082331,NFL,24,LAC,Chargers,CB,Avery,Smith,NULL,"5' 10""",185.0,36,Toledo,USA,"East Point, GA",2025,5082331,NULL,NULL
4950551,NFL,24,LAC,Chargers,S,Genesis,Smith,NULL,"6' 2""",202.0,22,Arizona,USA,"Chandler, AZ",2025,4950551,NULL,NULL
4432571,NFL,24,LAC,Chargers,CB,Tarheeb,Still,2002-06-09,"6' 1""",196.0,29,Maryland,USA,"Sicklerville, NJ",2022,4432571,NULL,NULL
4374269,NFL,24,LAC,Chargers,DT,Teair,Tart,1997-02-28,"6' 2""",315.0,93,Florida International,USA,"Philadelphia, PA",2020,4374269,NULL,NULL
2979860,NFL,24,LAC,Chargers,DT,Dalvin,Tomlinson,1994-02-28,"6' 3""",317.0,94,Alabama,USA,"Mcdonough, GA",2017,2979860,NULL,NULL
5081483,NFL,24,LAC,Chargers,LB,Nadame,Tucker,NULL,"6' 3""",250.0,56,Western Michigan,USA,"New York, NY",2025,5081483,NULL,NULL
4431442,NFL,24,LAC,Chargers,LB,Tuli,Tuipulotu,2002-09-03,"6' 3""",266.0,45,USC,USA,"Hawthorne, CA",2021,4431442,NULL,NULL
4431467,NFL,24,LAC,Chargers,LB,Marlowe,Wax,2002-12-13,"6' 1""",236.0,58,Syracuse,USA,"Baltimore, MD",2023,4431467,NULL,NULL
4574105,NFL,24,LAC,Chargers,CB,Isas,Waxter,2001-09-17,"6' 1""",209.0,37,Villanova,USA,"Newark, NJ",2024,4574105,NULL,NULL
5152226,NFL,24,LAC,Chargers,DT,Terry,Webb,NULL,"6' 3""",313.0,64,SMU,USA,"Galveston, TX",2025,5152226,NULL,NULL
4360745,NFL,24,LAC,Chargers,S,Kendall,Williamson,2000-08-24,"6' 0""",203.0,40,Stanford,USA,"Snellville, GA",2023,4360745,NULL,NULL
4362081,NFL,24,LAC,Chargers,PK,Cameron,Dicker,2000-05-06,"6' 1""",216.0,11,Texas,USA,"Austin, TX",2020,4362081,NULL,NULL
15151,NFL,24,LAC,Chargers,LS,Josh,Harris,1989-04-27,"6' 1""",224.0,47,Auburn,USA,"Carrollton, GA",2012,15151,NULL,NULL
3126368,NFL,24,LAC,Chargers,P,JK,Scott,1995-10-30,"6' 5""",208.0,16,Alabama,USA,"Denver, CO",2018,3126368,NULL,NULL
16800,NFL,14,LAR,Rams,WR,Davante,Adams,1992-12-24,"6' 1""",204.0,17,Fresno State,USA,"Palo Alto, CA",2014,16800,NULL,NULL
4426553,NFL,14,LAR,Rams,TE,Davis,Allen,2001-02-03,"6' 6""",253.0,87,Clemson,USA,"Calhoun, GA",2021,4426553,NULL,NULL
4046707,NFL,14,LAR,Rams,OT,AJ,Arcuri,1997-08-13,"6' 7""",312.0,61,Michigan State,USA,"Powell, OH",2023,4046707,NULL,NULL
4362474,NFL,14,LAR,Rams,G,Steve,Avila,1999-10-16,"6' 3""",332.0,73,TCU,USA,"Arlington, TX",2021,4362474,NULL,NULL
4259553,NFL,14,LAR,Rams,QB,Stetson,Bennett IV,1997-10-28,"5' 11""",192.0,13,Georgia,USA,"Blackshear, GA",2022,4259553,NULL,NULL
4430949,NFL,14,LAR,Rams,OT,Austin,Blaske,NULL,"6' 5""",310.0,NULL,North Carolina,USA,"Effingham, GA",2025,4430949,NULL,NULL
4374196,NFL,14,LAR,Rams,G,Wyatt,Bowles,2000-01-28,"6' 5""",312.0,60,Utah State,USA,"West Point, UT",2024,4374196,NULL,NULL
4877717,NFL,14,LAR,Rams,QB,Matthew,Caldwell,NULL,"6' 4""",212.0,NULL,Texas,USA,"Auburn, AL",2025,4877717,NULL,NULL
5082269,NFL,14,LAR,Rams,RB,Dean,Connors,NULL,"6' 0""",206.0,NULL,Houston,USA,"Kamuela, HI",2025,5082269,NULL,NULL
4429096,NFL,14,LAR,Rams,RB,Blake,Corum,2000-11-25,"5' 8""",202.0,22,Michigan,USA,"Marshall, VA",2022,4429096,NULL,NULL
4605951,NFL,14,LAR,Rams,WR,CJ,Daniels,NULL,"6' 2""",205.0,6,Miami,USA,"Lilburn, GA",2025,4605951,NULL,NULL
4360859,NFL,14,LAR,Rams,G,Justin,Dedich,2000-04-21,"6' 2""",296.0,67,USC,USA,"Temecula, CA",2022,4360859,NULL,NULL
3917599,NFL,14,LAR,Rams,G,Kevin,Dotson,1996-09-18,"6' 4""",328.0,69,Louisiana,USA,"Plaquemine, LA",2020,3917599,NULL,NULL
4875786,NFL,14,LAR,Rams,WR,Tru,Edwards,2001-06-09,"6' 3""",211.0,82,Louisiana Tech,USA,"Shreveport, LA",2024,4875786,NULL,NULL
4570037,NFL,14,LAR,Rams,TE,Terrance,Ferguson,2003-03-07,"6' 5""",252.0,18,Oregon,USA,"Littleton, CO",2023,4570037,NULL,NULL
4695796,NFL,14,LAR,Rams,OT,Bryce,Henderson,NULL,"6' 8""",320.0,NULL,Vanderbilt,USA,"North Aurora, IL",2025,4695796,NULL,NULL
2573401,NFL,14,LAR,Rams,TE,Tyler,Higbee,1993-01-01,"6' 6""",253.0,89,Western Kentucky,USA,"Clearwater, FL",2016,2573401,NULL,NULL
4710341,NFL,14,LAR,Rams,RB,Jarquez,Hunter,2002-12-29,"5' 10""",211.0,27,Auburn,USA,"Philadelphia, MS",2023,4710341,NULL,NULL
4036135,NFL,14,LAR,Rams,OT,Alaric,Jackson,1998-07-14,"6' 7""",338.0,77,Iowa,USA,"Detroit, MI",2019,4036135,NULL,NULL
5083509,NFL,14,LAR,Rams,TE,Rohan,Jones,NULL,"6' 3""",236.0,NULL,Arkansas,Canada,"Montreal, PQ",2025,5083509,NULL,NULL
4833029,NFL,14,LAR,Rams,TE,Max,Klare,2003-07-08,"6' 5""",243.0,NULL,Ohio State,USA,"Guilford, IN",2025,4833029,NULL,NULL
4567175,NFL,14,LAR,Rams,C,Beaux,Limmer,2001-06-10,"6' 5""",318.0,50,Arkansas,USA,"Tyler, TX",2022,4567175,NULL,NULL
4426512,NFL,14,LAR,Rams,OT,Warren,McClendon Jr.,2001-04-11,"6' 4""",315.0,71,Georgia,USA,"Brunswick, GA",2021,4426512,NULL,NULL
4430155,NFL,14,LAR,Rams,C,Dylan,McMahon,2001-01-22,"6' 3""",290.0,63,NC State,USA,"Savannah, GA",2023,4430155,NULL,NULL
4710855,NFL,14,LAR,Rams,WR,Konata,Mumpfield,2002-10-24,"6' 1""",188.0,15,Pittsburgh,USA,"Hoschton, GA",2023,4710855,NULL,NULL
4426515,NFL,14,LAR,Rams,WR,Puka,Nacua,2001-05-29,"6' 2""",216.0,12,BYU,USA,"Provo, UT",2021,4426515,NULL,NULL
4242557,NFL,14,LAR,Rams,TE,Colby,Parkinson,1999-01-08,"6' 7""",266.0,84,Stanford,USA,"Simi Valley, CA",2020,4242557,NULL,NULL
4431342,NFL,14,LAR,Rams,WR,Brennan,Presley,2002-02-02,"5' 8""",174.0,81,Oklahoma State,USA,"Tulsa, OK",2024,4431342,NULL,NULL
15946,NFL,14,LAR,Rams,OT,David,Quessenberry,1990-08-24,"6' 5""",310.0,68,San José State,USA,"Carlsbad, CA",2013,15946,NULL,NULL
4431346,NFL,14,LAR,Rams,TE,Mark,Redman,2002-01-20,"6' 5""",258.0,83,Louisville,USA,"Newport Beach, CA",2024,4431346,NULL,NULL
4243003,NFL,14,LAR,Rams,RB,Ronnie,Rivers,1999-01-31,"5' 9""",198.0,20,Fresno State,USA,"Brentwood, CA",2020,4243003,NULL,NULL
4565908,NFL,14,LAR,Rams,WR,Tyler,Scott,2001-10-12,"5' 11""",185.0,86,Cincinnati,USA,"Norton, OH",2022,4565908,NULL,NULL
3052180,NFL,14,LAR,Rams,C,Coleman,Shelton,1995-07-28,"6' 5""",292.0,65,Washington,USA,"Pasadena, CA",2018,3052180,NULL,NULL
4685522,NFL,14,LAR,Rams,QB,Ty,Simpson,2002-12-21,"6' 2""",208.0,15,Alabama,USA,"Martin, TN",2025,4685522,NULL,NULL
4386544,NFL,14,LAR,Rams,WR,Xavier,Smith,1997-09-21,"5' 9""",180.0,19,Florida A&M,USA,"Haines City, FL",2022,4386544,NULL,NULL
12483,NFL,14,LAR,Rams,QB,Matthew,Stafford,1988-02-07,"6' 3""",214.0,9,Georgia,USA,"Dallas, TX",2009,12483,NULL,NULL
4575003,NFL,14,LAR,Rams,OT,Keagen,Trost,2001-04-15,"6' 4""",316.0,79,Missouri,USA,"Kankakee, IL",2025,4575003,NULL,NULL
4608858,NFL,14,LAR,Rams,TE,Dan,Villari,NULL,"6' 4""",245.0,NULL,Syracuse,USA,"Massapequa, NY",2025,4608858,NULL,NULL
4428803,NFL,14,LAR,Rams,RB,Jordan,Waters,2000-12-18,"6' 0""",225.0,36,NC State,USA,"Fairmont, NC",2024,4428803,NULL,NULL
4569382,NFL,14,LAR,Rams,WR,Jordan,Whittington,2000-10-01,"6' 1""",202.0,88,Texas,USA,"Cuero, TX",2022,4569382,NULL,NULL
4430737,NFL,14,LAR,Rams,RB,Kyren,Williams,2000-08-26,"5' 9""",207.0,23,Notre Dame,USA,"St. Louis, MO",2020,4430737,NULL,NULL
4431618,NFL,14,LAR,Rams,WR,Mario,Williams,2003-01-21,"5' 9""",178.0,86,Tulane,USA,"Tampa, FL",2024,4431618,NULL,NULL
4690182,NFL,14,LAR,Rams,S,Nick,Andersen,NULL,"5' 11""",197.0,NULL,Wake Forest,USA,"Clifton, VA",2025,4690182,NULL,NULL
4430919,NFL,14,LAR,Rams,LB,Wesley,Bailey,NULL,"6' 5""",265.0,NULL,Louisville,Canada,"Ottawa, ON",2025,4430919,NULL,NULL
4242154,NFL,14,LAR,Rams,S,Kam,Curl,1999-03-31,"6' 2""",207.0,3,Arkansas,USA,"San Diego, CA",2020,4242154,NULL,NULL
4568217,NFL,14,LAR,Rams,DE,Tyler,Davis,2000-11-01,"6' 2""",306.0,90,Clemson,USA,"Apopka, FL",2022,4568217,NULL,NULL
4693848,NFL,14,LAR,Rams,LB,Shaun,Dolac,2001-09-14,"6' 1""",222.0,56,Buffalo,USA,"West Seneca, NY",2023,4693848,NULL,NULL
4362245,NFL,14,LAR,Rams,DE,Braden,Fiske,2000-01-18,"6' 5""",294.0,55,Florida State,USA,"Michigan City, IN",2022,4362245,NULL,NULL
4429767,NFL,14,LAR,Rams,CB,Emmanuel,Forbes Jr.,2001-01-13,"6' 0""",173.0,1,Mississippi State,USA,"Grenada, MS",2021,4429767,NULL,NULL
3125114,NFL,14,LAR,Rams,DT,Poona,Ford,1995-11-19,"5' 11""",314.0,97,Texas,USA,"Hilton Head Island, SC",2018,3125114,NULL,NULL
5160648,NFL,14,LAR,Rams,CB,Nyzier,Fourqurean,NULL,"6' 1""",188.0,NULL,Wisconsin,USA,"Mentor, OH",2025,5160648,NULL,NULL
4037520,NFL,14,LAR,Rams,LB,Tomon,Fox,1998-03-16,"6' 2""",245.0,NULL,North Carolina,USA,"Lawrenceville, GA",2022,4037520,NULL,NULL
3122132,NFL,14,LAR,Rams,DE,Myles,Garrett,1995-12-29,"6' 4""",272.0,95,Texas A&M,USA,"Arlington, TX",2017,3122132,NULL,NULL
4690606,NFL,14,LAR,Rams,CB,Al'zillion,Hamilton,NULL,"5' 11""",185.0,NULL,Fresno State,USA,"Hayward, CA",2025,4690606,NULL,NULL
4431118,NFL,14,LAR,Rams,DT,Ty,Hamilton,2002-04-15,"6' 3""",301.0,57,Ohio State,USA,"Pickerington, OH",2023,4431118,NULL,NULL
4432266,NFL,14,LAR,Rams,LB,Nikhai,Hill-Green,NULL,"6' 2""",235.0,NULL,Alabama,USA,"Pittsburgh, PA",2025,4432266,NULL,NULL
4361651,NFL,14,LAR,Rams,S,Tanner,Ingle,1999-10-29,"5' 8""",186.0,34,NC State,USA,"Orlando, FL",2024,4361651,NULL,NULL
4367181,NFL,14,LAR,Rams,CB,Alex,Johnson,2000-10-11,"6' 0""",185.0,NULL,UCLA,USA,"Carson, CA",2024,4367181,NULL,NULL
4362294,NFL,14,LAR,Rams,DE,Desjuan,Johnson,1999-09-02,"6' 3""",278.0,94,Toledo,USA,"Detroit, MI",2021,4362294,NULL,NULL
4431414,NFL,14,LAR,Rams,DT,Tim,Keenan III,NULL,"6' 2""",320.0,96,Alabama,USA,"Birmingham, AL",2025,4431414,NULL,NULL
4596363,NFL,14,LAR,Rams,S,Kamren,Kinchens,2002-09-29,"6' 0""",201.0,26,Miami,USA,"Miami, FL",2022,4596363,NULL,NULL
4249128,NFL,14,LAR,Rams,S,Quentin,Lake,1999-01-29,"6' 1""",204.0,37,UCLA,USA,"Irvine, CA",2020,4249128,NULL,NULL
4427752,NFL,14,LAR,Rams,CB,Cam,Lampkin,2001-07-31,"5' 11""",174.0,33,Washington State,USA,"Mesquite, TX",2024,4427752,NULL,NULL
4243181,NFL,14,LAR,Rams,LB,Nate,Landman,1998-11-19,"6' 3""",234.0,53,Colorado,USA,"Danville, CA",2020,4243181,NULL,NULL
4427120,NFL,14,LAR,Rams,S,Jaylen,McCollough,2000-10-12,"6' 0""",211.0,2,Tennessee,USA,"Austell, GA",2022,4427120,NULL,NULL
4426405,NFL,14,LAR,Rams,CB,Trent,McDuffie,2000-09-13,"5' 11""",193.0,22,Washington,USA,"Westminster, CA",2020,4426405,NULL,NULL
4791223,NFL,14,LAR,Rams,DT,Jaxson,Moi,NULL,"6' 2""",305.0,NULL,Tennessee,USA,"Oceanside, CA",2025,4791223,NULL,NULL
4240123,NFL,14,LAR,Rams,DE,Larrell,Murchison,1997-04-24,"6' 2""",295.0,52,NC State,USA,"Elizabethtown, NC",2020,4240123,NULL,NULL
4428098,NFL,14,LAR,Rams,LB,Elias,Neal,2001-09-11,"6' 0""",221.0,24,Marshall,USA,"Memphis, TN",2023,4428098,NULL,NULL
4426401,NFL,14,LAR,Rams,DT,Bill,Norton,2000-07-07,"6' 6""",336.0,93,Texas,USA,"Memphis, TN",2024,4426401,NULL,NULL
4431581,NFL,14,LAR,Rams,CB,Drey,Norwood,NULL,"6' 0""",187.0,NULL,Missouri,USA,"Fort Smith, AR",2025,4431581,NULL,NULL
4598574,NFL,14,LAR,Rams,LB,Darryl,Peterson III,NULL,"6' 1""",260.0,NULL,Wisconsin,USA,"Akron, OH",2025,4598574,NULL,NULL
4428550,NFL,14,LAR,Rams,LB,Omar,Speights,2001-03-02,"6' 1""",234.0,48,LSU,USA,"Philadelphia, PA",2022,4428550,NULL,NULL
4682983,NFL,14,LAR,Rams,LB,Josaiah,Stewart,2003-04-26,"6' 1""",251.0,10,Michigan,USA,"Bronx, NY",2023,4682983,NULL,NULL
4240255,NFL,14,LAR,Rams,LB,Grant,Stuard,1998-10-15,"5' 11""",230.0,44,Houston,USA,"Conroe, TX",2019,4240255,NULL,NULL
4038843,NFL,14,LAR,Rams,LB,Keir,Thomas II,1998-01-25,"6' 2""",260.0,96,Florida State,USA,"Miami, FL",2021,4038843,NULL,NULL
4250621,NFL,14,LAR,Rams,DE,Kobie,Turner,1999-04-26,"6' 2""",294.0,91,Wake Forest,USA,"Clifton, VA",2021,4250621,NULL,NULL
4695781,NFL,14,LAR,Rams,S,Nate,Valcarcel,2002-05-23,"6' 1""",194.0,43,Northern Illinois,USA,"Greenfield, WI",2024,4695781,NULL,NULL
4572371,NFL,14,LAR,Rams,CB,Josh,Wallace,2000-07-05,"6' 0""",190.0,30,Michigan,USA,"Bowie, MD",2022,4572371,NULL,NULL
4697639,NFL,14,LAR,Rams,CB,Jaylen,Watson,1998-09-17,"6' 2""",197.0,35,Washington State,USA,"Augusta, GA",2020,4697639,NULL,NULL
4875196,NFL,14,LAR,Rams,LB,Byron,Young,1998-03-13,"6' 2""",260.0,0,Tennessee,USA,"Georgetown, SC",2021,4875196,NULL,NULL
5085164,NFL,14,LAR,Rams,DT,Payton,Zdroik,NULL,"6' 0""",275.0,NULL,Air Force,USA,"Brentwood, CA",2025,5085164,NULL,NULL
2575907,NFL,14,LAR,Rams,LS,Joe,Cardona,1992-04-16,"6' 2""",245.0,49,Navy,USA,"El Cajon, CA",2015,2575907,NULL,NULL
5125875,NFL,14,LAR,Rams,P,Ethan,Evans,2001-07-19,"6' 3""",253.0,42,Wingate,USA,"Mount Airy, NC",2021,5125875,NULL,NULL
4574716,NFL,14,LAR,Rams,PK,Harrison,Mevis,2002-03-27,"6' 0""",245.0,92,Missouri,USA,"Warsaw, IN",2023,4574716,NULL,NULL
4877357,NFL,14,LAR,Rams,LB,Eddie,Walls III,NULL,"6' 4""",250.0,NULL,Houston,USA,"Fort Myers, FL",2025,4877357,NULL,NULL
4429160,NFL,15,MIA,Dolphins,RB,De'Von,Achane,2001-10-13,"5' 9""",191.0,28,Texas A&M,USA,"Missouri City, TX",2021,4429160,NULL,NULL
4360797,NFL,15,MIA,Dolphins,WR,Tutu,Atwell,1999-10-07,"5' 9""",165.0,4,Louisville,USA,"Miami, FL",2019,4360797,NULL,NULL
5145719,NFL,15,MIA,Dolphins,OT,Gottlieb,Ayedze,2000-04-10,"6' 4""",309.0,NULL,Maryland,USA,"Germantown, MD",2024,5145719,NULL,NULL
4869961,NFL,15,MIA,Dolphins,WR,Chris,Bell,2004-06-07,"6' 2""",220.0,18,Louisville,USA,"Yazoo City, MS",2025,4869961,NULL,NULL
4613269,NFL,15,MIA,Dolphins,C,Jim,Bonifas,NULL,"6' 5""",318.0,62,Iowa State,USA,"Dubuque, IA",2025,4613269,NULL,NULL
4040537,NFL,15,MIA,Dolphins,C,Aaron,Brewer,1997-10-28,"6' 1""",295.0,55,Texas State,USA,"Dallas, TX",2020,4040537,NULL,NULL
5081977,NFL,15,MIA,Dolphins,G,DJ,Campbell,NULL,"6' 3""",321.0,63,Texas,USA,"Arlington, TX",2025,5081977,NULL,NULL
4431025,NFL,15,MIA,Dolphins,OT,Kevin,Cline,NULL,"6' 6""",316.0,79,Boston College,USA,"Boca Raton, FL",2025,4431025,NULL,NULL
4685307,NFL,15,MIA,Dolphins,WR,Kevin,Coleman Jr.,NULL,"5' 10""",180.0,83,Missouri,USA,"St. Louis, MO",2025,4685307,NULL,NULL
4374089,NFL,15,MIA,Dolphins,OT,Marques,Cox,1999-12-28,"6' 5""",312.0,70,Kentucky,USA,"Peoria, IL",2024,4374089,NULL,NULL
4869645,NFL,15,MIA,Dolphins,WR,Caleb,Douglas,2003-09-09,"6' 4""",205.0,7,Texas Tech,USA,"Missouri City, TX",2025,4869645,NULL,NULL
4367209,NFL,15,MIA,Dolphins,TE,Greg,Dulcich,2000-03-26,"6' 4""",245.0,85,UCLA,USA,"Glendale, CA",2020,4367209,NULL,NULL
4431536,NFL,15,MIA,Dolphins,RB,Donovan,Edwards,2003-02-25,"6' 1""",212.0,36,Michigan,USA,"West Bloomfield, MI",2024,4431536,NULL,NULL
4429576,NFL,15,MIA,Dolphins,G,James,Ester,2001-08-30,"6' 3""",289.0,65,Northern Illinois,USA,"Detroit, MI",2024,4429576,NULL,NULL
4889929,NFL,15,MIA,Dolphins,QB,Quinn,Ewers,2003-03-15,"6' 2""",209.0,14,Texas,USA,"Southlake, TX",2023,4889929,NULL,NULL
4711533,NFL,15,MIA,Dolphins,RB,Ollie,Gordon II,2004-01-15,"6' 2""",225.0,0,Oklahoma State,USA,"Fort Worth, TX",2023,4711533,NULL,NULL
4695400,NFL,15,MIA,Dolphins,QB,Mark,Gronowski,NULL,"6' 2""",226.0,16,Iowa,USA,"Naperville, IL",2025,4695400,NULL,NULL
4685385,NFL,15,MIA,Dolphins,RB,Anthony,Hankerson,NULL,"5' 8""",204.0,30,Oregon State,USA,"Boynton Beach, FL",2025,4685385,NULL,NULL
3895840,NFL,15,MIA,Dolphins,OT,Charlie,Heck,1996-11-20,"6' 8""",311.0,67,North Carolina,USA,"Kansas City, MO",2020,3895840,NULL,NULL
4429053,NFL,15,MIA,Dolphins,WR,AJ,Henning,2001-09-09,"5' 10""",192.0,88,Northwestern,USA,"Frankfort, IL",2024,4429053,NULL,NULL
4685116,NFL,15,MIA,Dolphins,FB,DJ,Herman,NULL,"6' 2""",235.0,34,San Diego State,USA,"Las Vegas, NV",2025,4685116,NULL,NULL
4271632,NFL,15,MIA,Dolphins,OT,Austin,Jackson,1999-08-11,"6' 5""",310.0,73,USC,USA,"Phoenix, AZ",2020,4271632,NULL,NULL
4880236,NFL,15,MIA,Dolphins,TE,Will,Kacmarek,2003-02-12,"6' 6""",258.0,82,Ohio State,USA,"St. Louis, MO",2025,4880236,NULL,NULL
4362630,NFL,15,MIA,Dolphins,WR,Terrace,Marshall Jr.,2000-06-09,"6' 2""",200.0,86,LSU,USA,"Bossier City, LA",2020,4362630,NULL,NULL
4596347,NFL,15,MIA,Dolphins,WR,Donaven,McCulley,NULL,"6' 4""",203.0,80,Michigan,USA,"Indianapolis, IN",2025,4596347,NULL,NULL
4362064,NFL,15,MIA,Dolphins,C,Andrew,Meyer,2000-01-14,"6' 3""",295.0,60,UTEP,USA,"San Marcos, CA",2022,4362064,NULL,NULL
4693331,NFL,15,MIA,Dolphins,QB,Cam,Miller,2001-06-18,"6' 1""",211.0,15,North Dakota State,USA,"Solon, IA",2024,4693331,NULL,NULL
4567493,NFL,15,MIA,Dolphins,OT,Patrick,Paul,2001-11-01,"6' 7""",326.0,52,Houston,USA,"Houston, TX",2022,4567493,NULL,NULL
4432503,NFL,15,MIA,Dolphins,G,Josh,Priebe,2001-07-30,"6' 5""",306.0,68,Michigan,USA,"Niles, MI",2024,4432503,NULL,NULL
4870976,NFL,15,MIA,Dolphins,OT,Kadyn,Proctor,2005-06-04,"6' 7""",352.0,74,Alabama,USA,"Des Moines, IA",2025,4870976,NULL,NULL
4241802,NFL,15,MIA,Dolphins,WR,Jalen,Reagor,1999-01-01,"5' 11""",197.0,17,TCU,USA,"Waxahachie, TX",2020,4241802,NULL,NULL
4379412,NFL,15,MIA,Dolphins,G,Jamaree,Salyer,2000-07-13,"6' 4""",325.0,69,Georgia,USA,"Atlanta, GA",2020,4379412,NULL,NULL
4819257,NFL,15,MIA,Dolphins,G,Jonah,Savaiinaea,2004-01-13,"6' 5""",326.0,72,Arizona,American Samoa,Tafuna,2023,4819257,NULL,NULL
4373030,NFL,15,MIA,Dolphins,TE,Ben,Sims,2000-05-16,"6' 5""",250.0,89,Baylor,USA,"San Antonio, TX",2021,4373030,NULL,NULL
4249417,NFL,15,MIA,Dolphins,WR,Jalen,Tolbert,1999-02-27,"6' 1""",195.0,1,South Alabama,USA,"Mobile, AL",2020,4249417,NULL,NULL
4714379,NFL,15,MIA,Dolphins,TE,Seydou,Traore,NULL,"6' 4""",235.0,49,Mississippi State,England,London,2025,4714379,NULL,NULL
4361438,NFL,15,MIA,Dolphins,TE,Cole,Turner,2000-03-16,"6' 6""",240.0,87,Nevada,USA,"Clackamas, OR",2022,4361438,NULL,NULL
4569603,NFL,15,MIA,Dolphins,WR,Malik,Washington,2001-01-04,"5' 8""",195.0,6,Virginia,USA,"Lawrenceville, GA",2022,4569603,NULL,NULL
4567506,NFL,15,MIA,Dolphins,WR,Tahj,Washington,2001-05-16,"5' 10""",174.0,84,USC,USA,"Marshall, TX",2022,4567506,NULL,NULL
4248425,NFL,15,MIA,Dolphins,RB,Carlos,Washington Jr.,1998-12-26,"5' 11""",210.0,37,SE Louisiana,USA,"Clinton, MD",2024,4248425,NULL,NULL
4426535,NFL,15,MIA,Dolphins,WR,Theo,Wease Jr.,2001-06-25,"6' 2""",210.0,81,Missouri,USA,"Allen, TX",2024,4426535,NULL,NULL
4242512,NFL,15,MIA,Dolphins,QB,Malik,Willis,1999-05-25,"6' 1""",225.0,2,Liberty,USA,"Atlanta, GA",2020,4242512,NULL,NULL
4682745,NFL,15,MIA,Dolphins,RB,Jaylen,Wright,2003-04-01,"5' 10""",208.0,5,Tennessee,USA,"Durham, NC",2022,4682745,NULL,NULL
3932335,NFL,15,MIA,Dolphins,S,Zayne,Anderson,1997-01-03,"6' 2""",206.0,23,BYU,USA,"Stansbury Park, UT",2021,3932335,NULL,NULL
4426599,NFL,15,MIA,Dolphins,CB,Alex,Austin,2001-05-22,"6' 1""",191.0,26,Oregon State,USA,"Long Beach, CA",2021,4426599,NULL,NULL
4036660,NFL,15,MIA,Dolphins,CB,Darrell,Baker Jr.,1998-03-27,"6' 1""",190.0,22,Georgia Southern,USA,"Hephzibah, GA",2021,4036660,NULL,NULL
4372413,NFL,15,MIA,Dolphins,CB,Miles,Battle,2000-01-04,"6' 3""",197.0,35,Utah,USA,"Houston, TX",2024,4372413,NULL,NULL
4259558,NFL,15,MIA,Dolphins,DE,Robert,Beal Jr.,2000-01-28,"6' 4""",250.0,51,Georgia,USA,"Duluth, GA",2021,4259558,NULL,NULL
4683276,NFL,15,MIA,Dolphins,DT,Zeek,Biggers,2003-10-04,"6' 6""",319.0,93,Georgia Tech,USA,"Salisbury, NC",2023,4683276,NULL,NULL
4360746,NFL,15,MIA,Dolphins,CB,Ethan,Bonner,1999-10-23,"6' 1""",190.0,27,Stanford,USA,"The Woodlands, TX",2022,4360746,NULL,NULL
4360488,NFL,15,MIA,Dolphins,CB,JuJu,Brents,2000-01-18,"6' 3""",198.0,8,Kansas State,USA,"Indianapolis, IN",2021,4360488,NULL,NULL
4043130,NFL,15,MIA,Dolphins,LB,Jordyn,Brooks,1997-10-21,"6' 0""",240.0,20,Texas Tech,USA,"Houston, TX",2020,4043130,NULL,NULL
4426794,NFL,15,MIA,Dolphins,S,Omar,Brown,2000-10-12,"6' 1""",205.0,34,Nebraska,USA,"Minneapolis, MN",2024,4426794,NULL,NULL
4429036,NFL,15,MIA,Dolphins,S,Major,Burns,2002-05-22,"6' 2""",207.0,NULL,LSU,USA,"Baton Rouge, LA",2025,4429036,NULL,NULL
4242457,NFL,15,MIA,Dolphins,DT,Matthew,Butler,1999-06-10,"6' 3""",305.0,91,Tennessee,USA,"Raleigh, NC",2021,4242457,NULL,NULL
4429436,NFL,15,MIA,Dolphins,DE,Seth,Coleman,2000-12-07,"6' 3""",246.0,58,Illinois,USA,"Melbourne, FL",2024,4429436,NULL,NULL
4712462,NFL,15,MIA,Dolphins,DT,Keith,Cooper Jr.,2003-03-30,"6' 5""",280.0,97,Houston,USA,"Dickinson, TX",2024,4712462,NULL,NULL
4035232,NFL,15,MIA,Dolphins,LB,Tyrel,Dodson,1998-06-25,"6' 0""",237.0,25,Texas A&M,USA,"Franklin, TN",2019,4035232,NULL,NULL
4427103,NFL,15,MIA,Dolphins,CB,Storm,Duck,2000-12-15,"6' 0""",195.0,29,Louisville,USA,"Boiling Springs, NC",2022,4427103,NULL,NULL
4259804,NFL,15,MIA,Dolphins,LB,Willie,Gay Jr.,1998-02-15,"6' 1""",246.0,40,Mississippi State,USA,"Starkville, MS",2020,4259804,NULL,NULL
4035857,NFL,15,MIA,Dolphins,LB,Cameron,Goode,1998-04-15,"6' 3""",245.0,53,California,USA,"Spring, TX",2021,4035857,NULL,NULL
4894654,NFL,15,MIA,Dolphins,DT,Kenneth,Grant,2003-10-27,"6' 3""",335.0,78,Michigan,USA,"Merrillville, IN",2023,4894654,NULL,NULL
4038437,NFL,15,MIA,Dolphins,CB,A.J.,Green III,1998-06-09,"6' 2""",198.0,24,Oklahoma State,USA,"Desoto, TX",2020,4038437,NULL,NULL
3859006,NFL,15,MIA,Dolphins,LB,Ronnie,Harrison Jr.,1997-04-18,"6' 2""",207.0,56,Alabama,USA,"Tallahassee, FL",2018,3859006,NULL,NULL
4430877,NFL,15,MIA,Dolphins,DT,Alex,Huntley,2001-10-08,"6' 4""",298.0,96,South Carolina,USA,"Blythewood, SC",2024,4430877,NULL,NULL
4869579,NFL,15,MIA,Dolphins,CB,Chris,Johnson,2004-11-09,"6' 0""",193.0,3,San Diego State,USA,"Eastvale, CA",2025,4869579,NULL,NULL
4240780,NFL,15,MIA,Dolphins,S,Lonnie,Johnson Jr.,1995-11-04,"6' 2""",221.0,32,Kentucky,USA,"Gary, IN",2019,4240780,NULL,NULL
4698109,NFL,15,MIA,Dolphins,DT,Rene,Konga,NULL,"6' 3""",298.0,95,Louisville,Canada,"Ottawa, ON",2025,4698109,NULL,NULL
4683101,NFL,15,MIA,Dolphins,DE,Max,Llewellyn,NULL,"6' 5""",263.0,57,Iowa,USA,"Urbandale, IA",2025,4683101,NULL,NULL
4880273,NFL,15,MIA,Dolphins,LB,Kyle,Louis,NULL,"6' 0""",220.0,19,Pittsburgh,USA,"East Orange, NJ",2025,4880273,NULL,NULL
4432730,NFL,15,MIA,Dolphins,CB,Jason,Marshall Jr.,2002-09-06,"6' 0""",204.0,33,Florida,USA,"Miami, FL",2023,4432730,NULL,NULL
4433974,NFL,15,MIA,Dolphins,DE,Rodney,McGraw,NULL,"6' 4""",264.0,59,Western Michigan,USA,"Chicago, IL",2025,4433974,NULL,NULL
5081323,NFL,15,MIA,Dolphins,S,Louis,Moore,NULL,"5' 11""",190.0,41,Indiana,USA,"Mesquite, TX",2025,5081323,NULL,NULL
4879212,NFL,15,MIA,Dolphins,LB,Trey,Moore,NULL,"6' 2""",243.0,17,Texas,USA,"San Antonio, TX",2025,4879212,NULL,NULL
4426507,NFL,15,MIA,Dolphins,LB,David,Ojabo,2000-05-17,"6' 4""",252.0,50,Michigan,Nigeria,Port Harcourt,2020,4426507,NULL,NULL
4837188,NFL,15,MIA,Dolphins,DT,Jordan,Phillips,2004-06-30,"6' 3""",305.0,94,Maryland,USA,"Ocoee, FL",2023,4837188,NULL,NULL
4691903,NFL,15,MIA,Dolphins,DE,Mason,Reiger,NULL,"6' 4""",251.0,90,Wisconsin,USA,"Hoffman Estates, IL",2025,4691903,NULL,NULL
4431586,NFL,15,MIA,Dolphins,LB,Chop,Robinson,2003-01-02,"6' 3""",254.0,44,Penn State,USA,"Gaithersburg, MD",2022,4431586,NULL,NULL
4876614,NFL,15,MIA,Dolphins,CB,Ethan,Robinson,2003-04-30,"6' 0""",195.0,38,Minnesota,USA,"Montgomery, NY",2024,4876614,NULL,NULL
4566094,NFL,15,MIA,Dolphins,LB,Jacob,Rodriguez,2002-09-06,"6' 1""",235.0,10,Texas Tech,USA,"Wichita Falls, TX",2025,4566094,NULL,NULL
4599150,NFL,15,MIA,Dolphins,DT,Kahlil,Saunders,NULL,"6' 5""",287.0,98,Kentucky,USA,"Huntsville, AL",2025,4599150,NULL,NULL
3057956,NFL,15,MIA,Dolphins,DT,Zach,Sieler,1995-09-07,"6' 6""",300.0,92,Ferris State,USA,"Pinckney, MI",2018,3057956,NULL,NULL
4880346,NFL,15,MIA,Dolphins,S,Michael,Taaffe,NULL,"6' 0""",190.0,31,Texas,USA,"Austin, TX",2025,4880346,NULL,NULL
4431664,NFL,15,MIA,Dolphins,S,Dante,Trader Jr.,2003-02-13,"5' 11""",202.0,11,Maryland,USA,"Delmar, DE",2023,4431664,NULL,NULL
4046528,NFL,15,MIA,Dolphins,LB,Josh,Uche,1998-09-18,"6' 3""",226.0,9,Michigan,USA,"Miami, FL",2020,4046528,NULL,NULL
4240595,NFL,15,MIA,Dolphins,CB,Marco,Wilson,1999-03-03,"5' 11""",191.0,21,Florida,USA,"Fort Lauderdale, FL",2019,4240595,NULL,NULL
4685637,NFL,15,MIA,Dolphins,LB,Jackson,Woodard,2002-07-02,"6' 2""",230.0,42,UNLV,USA,"Little Rock, AR",2024,4685637,NULL,NULL
4034729,NFL,15,MIA,Dolphins,LS,Tucker,Addington,1997-07-16,"6' 2""",230.0,46,Sam Houston,USA,"New Braunfels, TX",2023,4034729,NULL,NULL
3043234,NFL,15,MIA,Dolphins,PK,Zane,Gonzalez,1995-05-07,"6' 0""",202.0,45,Arizona State,USA,"Deer Park, TX",2017,3043234,NULL,NULL
4243371,NFL,15,MIA,Dolphins,PK,Riley,Patterson,1999-09-07,"6' 0""",190.0,47,Memphis,USA,"Edwardsville, IL",2019,4243371,NULL,NULL
2977680,NFL,15,MIA,Dolphins,P,Bradley,Pinion,1994-06-01,"6' 5""",265.0,48,Clemson,USA,"Concord, NC",2015,2977680,NULL,NULL
4240723,NFL,15,MIA,Dolphins,OT,Carter,Warren,1999-01-19,"6' 5""",311.0,77,Pittsburgh,USA,"Paterson, NJ",2022,4240723,NULL,NULL
4429205,NFL,16,MIN,Vikings,WR,Jordan,Addison,2002-01-27,"5' 11""",179.0,3,USC,USA,"Frederick, MD",2021,4429205,NULL,NULL
4708049,NFL,16,MIN,Vikings,TE,Gavin,Bartholomew,2003-04-30,"6' 5""",249.0,86,Pittsburgh,USA,"Schuylkill Haven, PA",2023,4708049,NULL,NULL
4712579,NFL,16,MIN,Vikings,WR,Dillon,Bell,NULL,"6' 1""",210.0,89,Georgia,USA,"Houston, TX",2025,4712579,NULL,NULL
3930270,NFL,16,MIN,Vikings,G,Blake,Brandel,1997-01-23,"6' 6""",315.0,64,Oregon State,USA,"Milwaukie, OR",2020,3930270,NULL,NULL
4878695,NFL,16,MIN,Vikings,FB,Max,Bredeson,NULL,"6' 2""",250.0,45,Michigan,USA,"Hartland, WI",2025,4878695,NULL,NULL
4688418,NFL,16,MIN,Vikings,WR,Michael,Briscoe,NULL,"6' 2""",205.0,NULL,Cal Poly,USA,"Vacaville, CA",2025,4688418,NULL,NULL
4573398,NFL,16,MIN,Vikings,QB,Max,Brosmer,2001-03-28,"6' 2""",218.0,12,Minnesota,USA,"Roswell, GA",2023,4573398,NULL,NULL
4367995,NFL,16,MIN,Vikings,G,Henry,Byrd,1999-07-01,"6' 5""",314.0,68,Princeton,USA,"Nashville, TN",2024,4367995,NULL,NULL
4832846,NFL,16,MIN,Vikings,RB,Demond,Claiborne,NULL,"5' 10""",195.0,21,Wake Forest,USA,"Aylett, VA",2025,4832846,NULL,NULL
4361985,NFL,16,MIN,Vikings,OT,Christian,Darrisaw,1999-06-02,"6' 5""",315.0,71,Virginia Tech,USA,"Upper Marlboro, MD",2019,4361985,NULL,NULL
5279633,NFL,16,MIN,Vikings,WR,Terrill,Davis,NULL,"6' 0""",195.0,NULL,Oklahoma State,USA,"Oklahoma City, OK",2025,5279633,NULL,NULL
4565185,NFL,16,MIN,Vikings,WR,Tai,Felton,2003-03-15,"6' 1""",186.0,13,Maryland,USA,"Ashburn, VA",2023,4565185,NULL,NULL
4565297,NFL,16,MIN,Vikings,WR,Dontae,Fleming,2001-11-28,"6' 2""",180.0,19,Tulane,USA,"Laplace, LA",2024,4565297,NULL,NULL
4045176,NFL,16,MIN,Vikings,G,Will,Fries,1998-04-04,"6' 6""",321.0,76,Penn State,USA,"Cranford, NJ",2019,4045176,NULL,NULL
4433823,NFL,16,MIN,Vikings,C,Gavin,Gerhardt,NULL,"6' 4""",310.0,58,Cincinnati,USA,"Xenia, OH",2025,4433823,NULL,NULL
4036133,NFL,16,MIN,Vikings,TE,T.J.,Hockenson,1997-07-03,"6' 5""",248.0,87,Iowa,USA,"Chariton, IA",2019,4036133,NULL,NULL
4690210,NFL,16,MIN,Vikings,G,Joe,Huber,2002-05-02,"6' 5""",310.0,60,Wisconsin,USA,"Dublin, OH",2023,4690210,NULL,NULL
4431553,NFL,16,MIN,Vikings,G,Donovan,Jackson,2002-12-04,"6' 4""",315.0,74,Ohio State,USA,"Cypress, TX",2023,4431553,NULL,NULL
4262921,NFL,16,MIN,Vikings,WR,Justin,Jefferson,1999-06-16,"6' 1""",195.0,18,LSU,USA,"Saint Rose, LA",2020,4262921,NULL,NULL
3886598,NFL,16,MIN,Vikings,WR,Jauan,Jennings,1997-07-10,"6' 3""",212.0,14,Tennessee,USA,"Murfreesboro, TN",2020,3886598,NULL,NULL
4360637,NFL,16,MIN,Vikings,WR,Jeshaun,Jones,1999-12-22,"6' 1""",188.0,82,Maryland,USA,"Fort Myers, FL",2024,4360637,NULL,NULL
3042519,NFL,16,MIN,Vikings,RB,Aaron,Jones Sr.,1994-12-02,"5' 10""",208.0,33,UTEP,USA,"El Paso, TX",2017,3042519,NULL,NULL
4362010,NFL,16,MIN,Vikings,G,Michael,Jurgens,2000-01-01,"6' 5""",311.0,65,Wake Forest,USA,"Damascus, MD",2022,4362010,NULL,NULL
4566195,NFL,16,MIN,Vikings,TE,Marshall,Lang,2001-10-15,"6' 4""",252.0,NULL,Northwestern,USA,"Cincinnati, OH",2024,4566195,NULL,NULL
4430218,NFL,16,MIN,Vikings,G,Vershon,Lee,2001-12-07,"6' 4""",318.0,66,South Carolina,USA,"Woodbridge, VA",2024,4430218,NULL,NULL
4431443,NFL,16,MIN,Vikings,OT,Tristan,Leigh,NULL,"6' 6""",310.0,63,Clemson,USA,"Fairfax, VA",2025,4431443,NULL,NULL
5085519,NFL,16,MIN,Vikings,C,Delby,Lemieux,NULL,"6' 4""",280.0,62,Dartmouth,USA,"Duxbury, MA",2025,5085519,NULL,NULL
4360569,NFL,16,MIN,Vikings,RB,Jordan,Mason,1999-05-24,"5' 11""",230.0,27,Georgia Tech,USA,"Gallatin, TN",2020,4360569,NULL,NULL
4433970,NFL,16,MIN,Vikings,QB,J.J.,McCarthy,2003-01-20,"6' 3""",219.0,9,Michigan,USA,"La Grange Park, IL",2022,4433970,NULL,NULL
3917315,NFL,16,MIN,Vikings,QB,Kyler,Murray,1997-08-07,"5' 10""",207.0,1,Oklahoma,USA,"Allen, TX",2019,3917315,NULL,NULL
4602969,NFL,16,MIN,Vikings,TE,Bryson,Nesbit,2002-09-25,"6' 5""",228.0,83,North Carolina,USA,"Charlotte, NC",2024,4602969,NULL,NULL
3123954,NFL,16,MIN,Vikings,OT,Brian,O'Neill,1995-09-15,"6' 7""",310.0,75,Pittsburgh,USA,"Wilmington, DE",2018,3123954,NULL,NULL
3921690,NFL,16,MIN,Vikings,TE,Josh,Oliver,1997-03-21,"6' 5""",264.0,84,San José State,USA,"Paso Robles, CA",2019,3921690,NULL,NULL
4431304,NFL,16,MIN,Vikings,RB,Kejon,Owens,NULL,"5' 11""",210.0,35,Florida International,USA,"Miami, FL",2025,4431304,NULL,NULL
4430656,NFL,16,MIN,Vikings,WR,Myles,Price,2001-12-16,"5' 9""",183.0,4,Indiana,USA,"Dallas, TX",2023,4430656,NULL,NULL
4683244,NFL,16,MIN,Vikings,G,Tomas,Rimac,NULL,"6' 6""",317.0,67,Virginia Tech,USA,"Brunswick, OH",2025,4683244,NULL,NULL
4428394,NFL,16,MIN,Vikings,OT,Walter,Rouse,2001-03-09,"6' 6""",330.0,73,Oklahoma,USA,"Silver Spring, MD",2022,4428394,NULL,NULL
4433906,NFL,16,MIN,Vikings,WR,Trayvon,Rudolph,NULL,"5' 10""",187.0,NULL,Toledo,USA,"Crete, IL",2025,4433906,NULL,NULL
4907543,NFL,16,MIN,Vikings,WR,Marcus,Sanders Jr.,NULL,"6' 1""",190.0,31,Georgia Southern,USA,"Montezuma, GA",2025,4907543,NULL,NULL
4257364,NFL,16,MIN,Vikings,RB,Zavier,Scott,1999-07-17,"6' 1""",221.0,36,Maine,USA,"Fort Hood, TX",2023,4257364,NULL,NULL
4592836,NFL,16,MIN,Vikings,OT,Caleb,Tiernan,2003-01-23,"6' 7""",325.0,78,Northwestern,USA,"Livonia, MI",2025,4592836,NULL,NULL
4239140,NFL,16,MIN,Vikings,OT,Ryan,Van Demark,1998-03-22,"6' 7""",307.0,72,UConn,USA,"Wayne, NJ",2021,4239140,NULL,NULL
2573079,NFL,16,MIN,Vikings,QB,Carson,Wentz,1992-12-30,"6' 5""",237.0,11,North Dakota State,USA,"Bismarck, ND",2016,2573079,NULL,NULL
4682761,NFL,16,MIN,Vikings,WR,Luke,Wysong,NULL,"5' 10""",192.0,17,Arizona,USA,"Rio Rancho, NM",2025,4682761,NULL,NULL
4433959,NFL,16,MIN,Vikings,TE,Ben,Yurosek,2002-03-17,"6' 4""",251.0,85,Georgia,USA,"Bakersfield, CA",2023,4433959,NULL,NULL
5081412,NFL,16,MIN,Vikings,CB,Marcus,Allen,NULL,"6' 2""",190.0,29,North Carolina,USA,"Marietta, GA",2025,5081412,NULL,NULL
4705513,NFL,16,MIN,Vikings,CB,Da'Veawn,Armstead,NULL,"6' 1""",183.0,38,North Texas,USA,"Baton Rouge, LA",2025,4705513,NULL,NULL
4602019,NFL,16,MIN,Vikings,DT,Caleb,Banks,2003-03-12,"6' 6""",330.0,95,Florida,USA,"Detroit, MI",2025,4602019,NULL,NULL
4608794,NFL,16,MIN,Vikings,LB,Tyler,Batty,1999-05-02,"6' 6""",271.0,92,BYU,USA,"Payson, UT",2023,4608794,NULL,NULL
3728281,NFL,16,MIN,Vikings,LB,Blake,Cashman,1996-05-10,"6' 1""",235.0,51,Minnesota,USA,"Eden Prairie, MN",2019,3728281,NULL,NULL
4431520,NFL,16,MIN,Vikings,LB,Chaz,Chambliss,2002-10-25,"6' 1""",244.0,32,Georgia,USA,"Carrollton, GA",2023,4431520,NULL,NULL
4602676,NFL,16,MIN,Vikings,CB,Tyreek,Chappell,NULL,"5' 11""",180.0,28,Texas A&M,USA,"Philadelphia, PA",2025,4602676,NULL,NULL
5091793,NFL,16,MIN,Vikings,CB,Charles,Demmings,NULL,"6' 1""",190.0,20,Stephen F. Austin,USA,"Mesquite, TX",2025,5091793,NULL,NULL
4877652,NFL,16,MIN,Vikings,LB,Jake,Golday,2003-05-23,"6' 4""",240.0,41,Cincinnati,USA,"Arlington, TN",2025,4877652,NULL,NULL
4373814,NFL,16,MIN,Vikings,CB,Kahlef,Hailassie,2000-11-09,"6' 1""",195.0,25,Western Kentucky,USA,"Elk Grove, CA",2021,4373814,NULL,NULL
4629149,NFL,16,MIN,Vikings,DE,Tyrion,Ingram-Dawkins,2003-06-26,"6' 5""",290.0,90,Georgia,USA,"Gaffney, SC",2023,4629149,NULL,NULL
4242436,NFL,16,MIN,Vikings,S,Theo,Jackson,1998-10-02,"6' 1""",205.0,26,Tennessee,USA,"Nashville, TN",2020,4242436,NULL,NULL
4050971,NFL,16,MIN,Vikings,DT,Eric,Johnson II,1998-07-16,"6' 4""",320.0,93,Missouri State,USA,"Plainfield, IL",2020,4050971,NULL,NULL
4432325,NFL,16,MIN,Vikings,LB,Bangally,Kamara,NULL,"6' 2""",235.0,59,Kansas,USA,"Akron, OH",2025,4432325,NULL,NULL
4684084,NFL,16,MIN,Vikings,LB,Keli,Lawson,NULL,"6' 4""",223.0,57,UCF,USA,"Stephens City, VA",2025,4684084,NULL,NULL
4035798,NFL,16,MIN,Vikings,DT,Isaiahh,Loudermilk,1997-10-10,"6' 7""",293.0,92,Wisconsin,USA,"Howard, KS",2020,4035798,NULL,NULL
4429128,NFL,16,MIN,Vikings,CB,Dwight,McGlothern,2002-02-06,"6' 2""",185.0,6,Arkansas,USA,"Houston, TX",2022,4429128,NULL,NULL
4046537,NFL,16,MIN,Vikings,S,Joshua,Metellus,1998-01-21,"5' 11""",208.0,44,Michigan,USA,"Pembroke Pines, FL",2020,4046537,NULL,NULL
4038999,NFL,16,MIN,Vikings,CB,Byron,Murphy Jr.,1998-01-18,"5' 11""",190.0,7,Washington,USA,"Scottsdale, AZ",2019,4038999,NULL,NULL
4698728,NFL,16,MIN,Vikings,DT,Domonique,Orange,2004-03-11,"6' 4""",325.0,97,Iowa State,USA,"Kansas City, MO",2025,4698728,NULL,NULL
4430280,NFL,16,MIN,Vikings,LB,Ivan,Pace Jr.,2000-12-16,"5' 10""",236.0,0,Cincinnati,USA,"Cincinnati, OH",2021,4430280,NULL,NULL
4259252,NFL,16,MIN,Vikings,CB,James,Pierre,1996-09-16,"6' 2""",185.0,23,Florida Atlantic,USA,"Deerfield Beach, FL",2020,4259252,NULL,NULL
4360277,NFL,16,MIN,Vikings,DT,Jalen,Redmond,1999-03-12,"6' 3""",305.0,61,Oklahoma,USA,"Midwest City, OK",2022,4360277,NULL,NULL
4875564,NFL,16,MIN,Vikings,LB,Bo,Richter,2000-08-13,"6' 1""",248.0,98,Air Force,USA,"Naperville, IL",2022,4875564,NULL,NULL
4431584,NFL,16,MIN,Vikings,DE,Jahvaree,Ritzie,2003-01-31,"6' 4""",294.0,NULL,North Carolina,USA,"Kernersville, NC",2024,4431584,NULL,NULL
4575369,NFL,16,MIN,Vikings,LB,Jacob,Roberts,2001-09-20,"6' 1""",233.0,48,Wake Forest,USA,"Charlotte, NC",2024,4575369,NULL,NULL
4044540,NFL,16,MIN,Vikings,CB,Isaiah,Rodgers,1998-01-07,"5' 10""",180.0,2,Massachusetts,USA,"Tampa, FL",2020,4044540,NULL,NULL
5093973,NFL,16,MIN,Vikings,DT,Levi Drake,Rodriguez,2000-08-04,"6' 2""",307.0,50,East Texas A&M,USA,"Georgetown, TX",2022,5093973,NULL,NULL
4258198,NFL,16,MIN,Vikings,LB,Josh,Ross,1999-10-31,"6' 0""",229.0,52,Michigan,USA,"Southfield, MI",2022,4258198,NULL,NULL
4682643,NFL,16,MIN,Vikings,LB,Cam'Ron,Stewart,NULL,"6' 5""",250.0,49,Temple,USA,"Shillington, PA",2025,4682643,NULL,NULL
4361114,NFL,16,MIN,Vikings,DT,Taki,Taimani,1999-10-06,"6' 1""",324.0,94,Oregon,USA,"Salt Lake City, UT",2023,4361114,NULL,NULL
5082397,NFL,16,MIN,Vikings,S,Jacob,Thomas,NULL,"6' 1""",212.0,39,James Madison,USA,"Ashburn, VA",2025,5082397,NULL,NULL
4710865,NFL,16,MIN,Vikings,S,Jakobe,Thomas,2003-06-30,"6' 2""",200.0,8,Miami,USA,"Tullahoma, TN",2025,4710865,NULL,NULL
4334405,NFL,16,MIN,Vikings,S,Tavierre,Thomas,1996-03-11,"5' 10""",212.0,37,Ferris State,USA,"Detroit, MI",2018,4334405,NULL,NULL
4565190,NFL,16,MIN,Vikings,LB,Dallas,Turner,2003-02-02,"6' 3""",247.0,15,Alabama,USA,"Fort Lauderdale, FL",2022,4565190,NULL,NULL
3133487,NFL,16,MIN,Vikings,LB,Andrew,Van Ginkel,1995-07-01,"6' 4""",242.0,43,Wisconsin,USA,"Rock Valley, IA",2019,3133487,NULL,NULL
4695609,NFL,16,MIN,Vikings,CB,Zemaiah,Vaughn,2002-04-02,"6' 3""",180.0,34,Utah,USA,"Beaumont, TX",2024,4695609,NULL,NULL
4428758,NFL,16,MIN,Vikings,DE,Smith,Vilbert,NULL,"6' 6""",282.0,91,North Carolina,USA,"Montvale, NJ",2025,4428758,NULL,NULL
4592569,NFL,16,MIN,Vikings,LB,Arden,Walker,NULL,"6' 2""",250.0,56,Colorado,USA,"Denver, CO",2025,4592569,NULL,NULL
4568007,NFL,16,MIN,Vikings,S,Jay,Ward,2000-07-13,"6' 1""",190.0,24,LSU,USA,"Moultrie, GA",2021,4568007,NULL,NULL
4696782,NFL,16,MIN,Vikings,DE,Elijah,Williams,2002-09-09,"6' 3""",298.0,99,Morgan State,USA,"Jersey City, NJ",2023,4696782,NULL,NULL
3056916,NFL,16,MIN,Vikings,LB,Eric,Wilson,1994-09-26,"6' 1""",231.0,55,Cincinnati,USA,"Redford, MI",2017,3056916,NULL,NULL
15726,NFL,16,MIN,Vikings,LS,Andrew,DePaola,1987-07-28,"6' 1""",227.0,42,Rutgers,USA,"Parkton, MD",2014,15726,NULL,NULL
15153,NFL,16,MIN,Vikings,P,Johnny,Hekker,1990-02-08,"6' 5""",225.0,5,Oregon State,USA,"Bothell, WA",2012,15153,NULL,NULL
4567104,NFL,16,MIN,Vikings,PK,Will,Reichard,2001-01-09,"6' 1""",190.0,16,Alabama,USA,"Hoover, AL",2022,4567104,NULL,NULL
4799994,NFL,16,MIN,Vikings,P,Brett,Thorson,NULL,"6' 2""",235.0,47,Georgia,Australia,"Melbourne, VIC",2025,4799994,NULL,NULL
4683308,NFL,17,NE,Patriots,TE,Tanner,Arkin,NULL,"6' 4""",265.0,84,Illinois,USA,"Fort Collins, CO",2025,4683308,NULL,NULL
4429022,NFL,17,NE,Patriots,WR,Kayshon,Boutte,2002-05-07,"5' 11""",197.0,9,LSU,USA,"New Iberia, LA",2021,4429022,NULL,NULL
4047646,NFL,17,NE,Patriots,WR,A.J.,Brown,1997-06-30,"6' 1""",226.0,1,Ole Miss,USA,"Starkville, MS",2019,4047646,NULL,NULL
4362890,NFL,17,NE,Patriots,C,Ben,Brown,1998-05-19,"6' 5""",313.0,77,Ole Miss,USA,"Vicksburg, MS",2021,4362890,NULL,NULL
4565293,NFL,17,NE,Patriots,OT,Marcus,Bryant,2002-06-22,"6' 7""",320.0,52,Missouri,USA,"Round Rock, TX",2023,4565293,NULL,NULL
4880087,NFL,17,NE,Patriots,G,Mehki,Butler,2001-04-03,"6' 3""",310.0,63,Arkansas State,USA,"Omaha, NE",2024,4880087,NULL,NULL
4685298,NFL,17,NE,Patriots,OT,Will,Campbell,2004-01-06,"6' 6""",319.0,66,LSU,USA,"Monroe, LA",2023,4685298,NULL,NULL
4695193,NFL,17,NE,Patriots,WR,Efton,Chism III,2001-10-26,"5' 10""",198.0,86,Eastern Washington,USA,"Monroe, WA",2023,4695193,NULL,NULL
4431526,NFL,17,NE,Patriots,OT,Dametrious,Crownover,NULL,"6' 7""",336.0,68,Texas A&M,USA,"Grandview, TX",2025,4431526,NULL,NULL
4692796,NFL,17,NE,Patriots,WR,Nick,DeGennaro,NULL,"6' 1""",196.0,23,James Madison,USA,"Old Bridge, NJ",2025,4692796,NULL,NULL
4240391,NFL,17,NE,Patriots,QB,Tommy,DeVito,1998-08-07,"6' 2""",210.0,16,Illinois,USA,"Cedar Grove, NJ",2021,4240391,NULL,NULL
4596545,NFL,17,NE,Patriots,TE,CJ,Dippre,2002-04-29,"6' 5""",256.0,81,Alabama,USA,"Scranton, PA",2023,4596545,NULL,NULL
5011554,NFL,17,NE,Patriots,WR,Kyle,Dixon,NULL,"6' 4""",215.0,83,Culver Stockton,USA,"Carlinville, IL",2025,5011554,NULL,NULL
5295981,NFL,17,NE,Patriots,WR,Cameron,Dorner,NULL,"6' 1""",195.0,88,North Texas,USA,"New Market, MD",2025,5295981,NULL,NULL
4361432,NFL,17,NE,Patriots,WR,Romeo,Doubs,2000-04-13,"6' 2""",204.0,87,Nevada,USA,"Los Angeles, CA",2020,4361432,NULL,NULL
4427095,NFL,17,NE,Patriots,WR,DeMario,Douglas,2000-12-08,"5' 8""",192.0,3,Liberty,USA,"Jacksonville, FL",2021,4427095,NULL,NULL
4039505,NFL,17,NE,Patriots,FB,Reggie,Gilliam,1997-08-20,"6' 1""",255.0,44,Toledo,USA,"Columbus, OH",2020,4039505,NULL,NULL
5041985,NFL,17,NE,Patriots,OT,Sebastian,Gutierrez,1998-07-06,"6' 5""",308.0,61,Minot State Universi,NULL,NULL,2024,5041985,NULL,NULL
4432710,NFL,17,NE,Patriots,RB,TreVeyon,Henderson,2002-10-22,"5' 10""",202.0,32,Ohio State,USA,"Hopewell, VA",2023,4432710,NULL,NULL
3046439,NFL,17,NE,Patriots,TE,Hunter,Henry,1994-12-07,"6' 5""",249.0,85,Arkansas,USA,"Little Rock, AR",2016,3046439,NULL,NULL
2991662,NFL,17,NE,Patriots,WR,Mack,Hollins,1993-09-16,"6' 4""",221.0,13,North Carolina,USA,"Rockville, MD",2017,2991662,NULL,NULL
4258181,NFL,17,NE,Patriots,OT,James,Hudson III,1999-05-13,"6' 5""",313.0,51,Cincinnati,USA,"Toledo, OH",2019,4258181,NULL,NULL
3115328,NFL,17,NE,Patriots,WR,Jalen,Hurd,1996-01-23,"6' 5""",230.0,13,Baylor,USA,"Hendersonville, TN",2019,3115328,NULL,NULL
4427600,NFL,17,NE,Patriots,RB,Terrell,Jennings,2001-03-01,"6' 0""",217.0,26,Florida A&M,USA,"Jacksonville, FL",2023,4427600,NULL,NULL
4832914,NFL,17,NE,Patriots,WR,Jimmy,Kibble,NULL,"6' 1""",201.0,19,Georgetown,USA,"Leesburg, VA",2025,4832914,NULL,NULL
4875767,NFL,17,NE,Patriots,FB,Brock,Lampe,2003-03-31,"6' 1""",249.0,46,Northern Illinois,USA,"Kenosha, WI",2023,4875767,NULL,NULL
4698253,NFL,17,NE,Patriots,RB,Lan,Larison,2001-10-11,"5' 11""",209.0,34,UC Davis,USA,"Caldwell, ID",2023,4698253,NULL,NULL
4921438,NFL,17,NE,Patriots,OT,Caleb,Lomu,2004-12-23,"6' 6""",304.0,74,Utah,USA,"Gilbert, AZ",2025,4921438,NULL,NULL
4431452,NFL,17,NE,Patriots,QB,Drake,Maye,2002-08-30,"6' 4""",225.0,10,North Carolina,USA,"Huntersville, NC",2022,4431452,NULL,NULL
4360063,NFL,17,NE,Patriots,OT,Lorenz,Metz,1997-03-07,"6' 9""",330.0,72,Cincinnati,Germany,Neuotting,2024,4360063,NULL,NULL
4685477,NFL,17,NE,Patriots,RB,Jam,Miller,NULL,"5' 10""",221.0,30,Alabama,USA,"Tyler, TX",2025,4685477,NULL,NULL
4676889,NFL,17,NE,Patriots,RB,Myles,Montgomery,NULL,"5' 11""",205.0,39,UCF,USA,"Jacksonville, FL",2025,4676889,NULL,NULL
4684174,NFL,17,NE,Patriots,G,JonDarius,Morgan,NULL,"6' 4""",320.0,69,UAB,USA,"Birmingham, AL",2025,4684174,NULL,NULL
4431465,NFL,17,NE,Patriots,QB,Behren,Morton,NULL,"6' 2""",220.0,15,Texas Tech,USA,"Eastland, TX",2025,4431465,NULL,NULL
16771,NFL,17,NE,Patriots,OT,Morgan,Moses,1991-03-03,"6' 6""",320.0,76,Virginia,USA,"Richmond, VA",2014,16771,NULL,NULL
4046545,NFL,17,NE,Patriots,G,Mike,Onwenu,1997-12-10,"6' 3""",350.0,71,Michigan,USA,"Detroit, MI",2020,4046545,NULL,NULL
4831959,NFL,17,NE,Patriots,TE,Eli,Raridon,2004-02-12,"6' 7""",251.0,82,Notre Dame,USA,"Des Moines, IA",2025,4831959,NULL,NULL
4695758,NFL,17,NE,Patriots,OT,Jacob,Rizy,NULL,"6' 5""",316.0,64,Florida State,USA,"Westport, CT",2025,4695758,NULL,NULL
4916597,NFL,17,NE,Patriots,G,Andrew,Rupcich,1999-04-01,"6' 6""",325.0,67,Culver Stockton,USA,"Wonder Lake, IL",2023,4916597,NULL,NULL
4569173,NFL,17,NE,Patriots,RB,Rhamondre,Stevenson,1998-02-23,"6' 0""",227.0,38,Oklahoma,USA,"Las Vegas, NV",2019,4569173,NULL,NULL
4259646,NFL,17,NE,Patriots,G,Alijah,Vera-Tucker,1999-06-17,"6' 5""",308.0,75,USC,USA,"Oakland, CA",2019,4259646,NULL,NULL
4426446,NFL,17,NE,Patriots,OT,Caedan,Wallace,2000-04-18,"6' 5""",314.0,70,Penn State,USA,"Robbinsville, NJ",2022,4426446,NULL,NULL
4572655,NFL,17,NE,Patriots,WR,Jeremiah,Webb,2001-05-17,"5' 11""",198.0,29,South Alabama,USA,"Chicago, IL",2024,4572655,NULL,NULL
4361100,NFL,17,NE,Patriots,FB,Jack,Westover,1999-06-09,"6' 2""",245.0,37,Washington,USA,"Bellevue, WA",2023,4361100,NULL,NULL
4613202,NFL,17,NE,Patriots,WR,Kyle,Williams,2002-11-13,"5' 11""",190.0,18,Washington State,USA,"Inglewood, CA",2023,4613202,NULL,NULL
4599198,NFL,17,NE,Patriots,C,Jared,Wilson,2003-06-05,"6' 3""",310.0,58,Georgia,USA,"Winston-Salem, NC",2023,4599198,NULL,NULL
4372030,NFL,17,NE,Patriots,DT,Christian,Barmore,1999-07-28,"6' 5""",315.0,90,Alabama,USA,"Philadelphia, PA",2019,4372030,NULL,NULL
5150999,NFL,17,NE,Patriots,DT,David,Blay Jr.,NULL,"6' 4""",303.0,96,Miami,USA,"Levittown, PA",2025,5150999,NULL,NULL
4242521,NFL,17,NE,Patriots,LB,K.J.,Britt,1999-06-04,"6' 0""",235.0,35,Auburn,USA,"Oxford, AL",2019,4242521,NULL,NULL
4244310,NFL,17,NE,Patriots,S,Mike,Brown,1999-04-07,"6' 1""",222.0,33,Miami (OH),USA,"Grand Rapids, MI",2021,4244310,NULL,NULL
2574056,NFL,17,NE,Patriots,S,Kevin,Byard,1993-08-17,"5' 11""",218.0,31,Middle Tennessee,USA,"Lithonia, GA",2016,2574056,NULL,NULL
4688779,NFL,17,NE,Patriots,CB,Channing,Canada,NULL,"6' 1""",185.0,29,TCU,USA,"Boutte, LA",2025,4688779,NULL,NULL
4429480,NFL,17,NE,Patriots,CB,Brandon,Crossley,2001-01-17,"5' 11""",186.0,39,SMU,USA,"Dallas, TX",2024,4429480,NULL,NULL
3916923,NFL,17,NE,Patriots,CB,Carlton,Davis III,1996-12-31,"6' 1""",206.0,7,Auburn,USA,"Miami, FL",2018,3916923,NULL,NULL
4875079,NFL,17,NE,Patriots,CB,Marcellas,Dial Jr.,2000-12-06,"6' 0""",190.0,27,South Carolina,USA,"Woodruff, SC",2022,4875079,NULL,NULL
4240042,NFL,17,NE,Patriots,DT,Cory,Durden,1999-01-26,"6' 4""",305.0,94,NC State,USA,"Newberry, FL",2023,4240042,NULL,NULL
4245273,NFL,17,NE,Patriots,LB,Christian,Elliss,1999-01-02,"6' 2""",231.0,53,Idaho,USA,"Highlands Ranch, CO",2020,4245273,NULL,NULL
4611993,NFL,17,NE,Patriots,DT,Joshua,Farmer,2003-01-17,"6' 3""",312.0,92,Florida State,USA,"Port Saint Joe, FL",2023,4611993,NULL,NULL
4360469,NFL,17,NE,Patriots,LB,Amari,Gainer,2000-06-22,"6' 3""",240.0,99,North Carolina,USA,"Tallahassee, FL",2023,4360469,NULL,NULL
4686772,NFL,17,NE,Patriots,CB,Christian,Gonzalez,2002-06-28,"6' 1""",205.0,0,Oregon,USA,"The Colony, TX",2021,4686772,NULL,NULL
4567171,NFL,17,NE,Patriots,DT,Eric,Gregory,2000-09-13,"6' 3""",319.0,95,Arkansas,USA,"Memphis, TN",2023,4567171,NULL,NULL
4685970,NFL,17,NE,Patriots,CB,Kenneth,Harris,NULL,"6' 0""",195.0,36,Oklahoma State,USA,"Columbia, LA",2025,4685970,NULL,NULL
4877877,NFL,17,NE,Patriots,LB,Xavier,Holmes,NULL,"6' 3""",238.0,58,James Madison,USA,"Clarksburg, MD",2025,4877877,NULL,NULL
4698181,NFL,17,NE,Patriots,LB,Quintayvious,Hutchins,NULL,"6' 3""",240.0,45,Boston College,USA,"Bessemer, AL",2025,4698181,NULL,NULL
4837244,NFL,17,NE,Patriots,LB,Gabe,Jacas,2004-05-27,"6' 3""",275.0,50,Illinois,USA,"Port Saint Lucie, FL",2025,4837244,NULL,NULL
4912116,NFL,17,NE,Patriots,LB,Khalil,Jacobs,NULL,"6' 1""",228.0,59,Missouri,USA,"Jackson, MS",2025,4912116,NULL,NULL
3915525,NFL,17,NE,Patriots,DE,Dre'Mont,Jones,1997-01-05,"6' 3""",268.0,5,Ohio State,USA,"Cleveland, OH",2019,3915525,NULL,NULL
4241720,NFL,17,NE,Patriots,CB,Marcus,Jones,1998-10-22,"5' 8""",188.0,25,Houston,USA,"Enterprise, AL",2020,4241720,NULL,NULL
3122793,NFL,17,NE,Patriots,LB,Harold,Landry III,1996-06-05,"6' 2""",252.0,2,Boston College,USA,"Spring Lake, NC",2018,3122793,NULL,NULL
4361419,NFL,17,NE,Patriots,LB,Jesse,Luketa,1999-01-15,"6' 3""",260.0,42,Penn State,Canada,"Ottawa, ON",2021,4361419,NULL,NULL
5084124,NFL,17,NE,Patriots,S,Peter,Manuma,NULL,"6' 0""",205.0,34,Hawai'i,USA,"Ewa Beach, HI",2025,5084124,NULL,NULL
4566100,NFL,17,NE,Patriots,CB,Kobee,Minor,2002-07-08,"5' 11""",188.0,19,Memphis,USA,"Dallas, TX",2024,4566100,NULL,NULL
4361707,NFL,17,NE,Patriots,LB,Chad,Muma,1999-08-18,"6' 3""",239.0,49,Wyoming,USA,"Lone Tree, CO",2020,4361707,NULL,NULL
5085407,NFL,17,NE,Patriots,LB,Namdi,Obiazor,NULL,"6' 3""",220.0,48,TCU,USA,"Eden Prairie, MN",2025,5085407,NULL,NULL
4428232,NFL,17,NE,Patriots,S,Dell,Pettus,2001-06-02,"5' 11""",200.0,24,Troy,USA,"Harvest, AL",2022,4428232,NULL,NULL
5081728,NFL,17,NE,Patriots,DT,Jeremiah,Pharms Jr.,1996-10-16,"6' 2""",300.0,98,Friends,USA,"Stockton, CA",2022,5081728,NULL,NULL
4688432,NFL,17,NE,Patriots,LB,Elijah,Ponder,2002-08-24,"6' 3""",261.0,91,Cal Poly,USA,"Pomona, CA",2023,4688432,NULL,NULL
4606666,NFL,17,NE,Patriots,CB,Karon,Prunty,NULL,"6' 2""",192.0,21,Wake Forest,USA,"Portsmouth, VA",2025,4606666,NULL,NULL
4379411,NFL,17,NE,Patriots,LB,Otis,Reese,1998-07-02,"6' 2""",230.0,54,Ole Miss,USA,"Leesburg, GA",2022,4379411,NULL,NULL
4608762,NFL,17,NE,Patriots,S,John,Saunders Jr.,2001-10-24,"6' 2""",211.0,23,Ole Miss,USA,"High Point, NC",2024,4608762,NULL,NULL
4047941,NFL,17,NE,Patriots,S,Brenden,Schooler,1997-05-30,"6' 2""",210.0,41,Texas,USA,"Dana Point, CA",2020,4047941,NULL,NULL
4685551,NFL,17,NE,Patriots,DT,Travis,Shaw,NULL,"6' 5""",342.0,NULL,Texas,USA,"Greensboro, NC",2025,4685551,NULL,NULL
3129446,NFL,17,NE,Patriots,LB,Robert,Spillane,1995-12-14,"6' 1""",229.0,14,Western Michigan,USA,"Oak Park, IL",2018,3129446,NULL,NULL
4431424,NFL,17,NE,Patriots,LB,Bradyn,Swinson,2002-07-04,"6' 4""",255.0,43,LSU,USA,"Douglasville, GA",2023,4431424,NULL,NULL
4431598,NFL,17,NE,Patriots,DT,Leonard,Taylor III,2002-05-29,"6' 3""",305.0,93,Miami,USA,"Miami, FL",2022,4431598,NULL,NULL
4036651,NFL,17,NE,Patriots,CB,Kindle,Vildor,1997-12-11,"5' 11""",190.0,28,Georgia Southern,USA,"College Park, GA",2020,4036651,NULL,NULL
4239699,NFL,17,NE,Patriots,DE,Milton,Williams,1999-04-06,"6' 3""",290.0,97,Louisiana Tech,USA,"Crowley, TX",2019,4239699,NULL,NULL
4368113,NFL,17,NE,Patriots,CB,Charles,Woods,2000-06-17,"5' 11""",185.0,22,SMU,USA,"Dallas, TX",2022,4368113,NULL,NULL
4428930,NFL,17,NE,Patriots,S,Craig,Woodson,2001-02-20,"6' 0""",200.0,4,California,USA,"Grand Prairie, TX",2023,4428930,NULL,NULL
4695254,NFL,17,NE,Patriots,LS,Julian,Ashby,2002-07-08,"6' 1""",231.0,47,Vanderbilt,USA,"Lilburn, GA",2023,4695254,NULL,NULL
4240545,NFL,17,NE,Patriots,P,Bryce,Baringer,1999-04-26,"6' 2""",215.0,17,Michigan State,USA,"Waterford, MI",2021,4240545,NULL,NULL
4569923,NFL,17,NE,Patriots,PK,Andy,Borregales,2003-01-02,"5' 11""",202.0,36,Miami,USA,"Miami, FL",2023,4569923,NULL,NULL
4365395,NFL,17,NE,Patriots,TE,Julian,Hill,2000-07-09,"6' 4""",251.0,80,Campbell,USA,"Fayetteville, NC",2021,4365395,NULL,NULL
4372758,NFL,18,NO,Saints,WR,Kevin,Austin Jr.,2000-03-30,"6' 2""",200.0,81,Notre Dame,USA,"Fort Lauderdale, FL",2022,4372758,NULL,NULL
4685260,NFL,18,NO,Saints,OT,Kelvin,Banks Jr.,2004-03-10,"6' 5""",315.0,71,Texas,USA,"Humble, TX",2023,4685260,NULL,NULL
4372063,NFL,18,NO,Saints,WR,Ronnie,Bell,2000-01-28,"6' 0""",192.0,11,Michigan,USA,"Kansas City, MO",2022,4372063,NULL,NULL
4698597,NFL,18,NO,Saints,WR,Barion,Brown,NULL,"5' 11""",185.0,19,LSU,USA,"Nashville, TN",2025,4698597,NULL,NULL
4242431,NFL,18,NO,Saints,RB,Ty,Chandler,1998-05-12,"5' 11""",205.0,32,North Carolina,USA,"Nashville, TN",2020,4242431,NULL,NULL
4565358,NFL,18,NO,Saints,QB,Hunter,Dekkers,2001-07-04,"6' 3""",215.0,NULL,Iowa Western Community,USA,"Hawarden, IA",2025,4565358,NULL,NULL
4702559,NFL,18,NO,Saints,TE,Oscar,Delp,2003-08-04,"6' 5""",245.0,88,Georgia,USA,"Cumming, GA",2025,4702559,NULL,NULL
5081999,NFL,18,NO,Saints,RB,CJ,Donaldson,NULL,"6' 2""",232.0,43,Ohio State,USA,"Miami, FL",2025,5081999,NULL,NULL
3917660,NFL,18,NO,Saints,G,David,Edwards,1997-03-20,"6' 6""",308.0,76,Wisconsin,USA,"Downers Grove, IL",2019,3917660,NULL,NULL
4569682,NFL,18,NO,Saints,RB,Audric,Estime,2003-09-06,"5' 11""",227.0,30,Notre Dame,USA,"Nyack, NY",2022,4569682,NULL,NULL
4239996,NFL,18,NO,Saints,RB,Travis,Etienne Jr.,1999-01-26,"5' 10""",215.0,3,Clemson,USA,"Jennings, LA",2019,4239996,NULL,NULL
4036131,NFL,18,NO,Saints,TE,Noah,Fant,1997-11-20,"6' 4""",249.0,87,Iowa,USA,"Omaha, NE",2019,4036131,NULL,NULL
4606711,NFL,18,NO,Saints,OT,Taliese,Fuaga,2002-04-05,"6' 6""",324.0,75,Oregon State,USA,"Tacoma, WA",2022,4606711,NULL,NULL
5086529,NFL,18,NO,Saints,TE,Cody,Hardy,NULL,"6' 4""",268.0,86,NC State,USA,"Monroe, NC",2025,5086529,NULL,NULL
5164879,NFL,18,NO,Saints,OT,Alan,Herron,NULL,"6' 6""",320.0,70,Maryland,Jamaica,Westmoreland,2025,5164879,NULL,NULL
3929645,NFL,18,NO,Saints,TE,Juwan,Johnson,1996-09-13,"6' 4""",231.0,83,Oregon,USA,"Glassboro, NJ",2020,3929645,NULL,NULL
3054850,NFL,18,NO,Saints,RB,Alvin,Kamara,1995-07-25,"5' 10""",215.0,41,Tennessee,USA,"Norcross, GA",2017,3054850,NULL,NULL
4696488,NFL,18,NO,Saints,OT,Easton,Kilty,2002-05-01,"6' 6""",307.0,73,Kansas State,USA,"Stratford, WI",2024,4696488,NULL,NULL
4879276,NFL,18,NO,Saints,WR,Bryce,Lance,NULL,"6' 3""",209.0,18,North Dakota State,USA,"Marshall, MN",2025,4879276,NULL,NULL
4432731,NFL,18,NO,Saints,TE,Moliki,Matavao,2003-03-17,"6' 6""",263.0,80,UCLA,USA,"Henderson, NV",2023,4432731,NULL,NULL
3917331,NFL,18,NO,Saints,C,Erik,McCoy,1997-08-27,"6' 4""",303.0,78,Texas A&M,USA,"Lufkin, TX",2019,3917331,NULL,NULL
4427985,NFL,18,NO,Saints,WR,Bub,Means,2001-01-10,"6' 2""",215.0,16,Pittsburgh,USA,"Lovejoy, GA",2022,4427985,NULL,NULL
4599739,NFL,18,NO,Saints,RB,Kendre,Miller,2002-06-11,"6' 0""",220.0,5,TCU,USA,"Mount Enterprise, TX",2021,4599739,NULL,NULL
4876006,NFL,18,NO,Saints,TE,Zaire,Mitchell-Paden,1999-08-20,"6' 5""",257.0,84,Florida Atlantic,USA,"Rockville, MD",2023,4876006,NULL,NULL
4426990,NFL,18,NO,Saints,WR,Jalen,Moreno-Cropper,2001-05-03,"6' 0""",172.0,NULL,Fresno State,USA,"Parlier, CA",2024,4426990,NULL,NULL
4682652,NFL,18,NO,Saints,RB,Devin,Neal,2003-08-12,"5' 11""",213.0,24,Kansas,USA,"Lawrence, KS",2023,4682652,NULL,NULL
4361370,NFL,18,NO,Saints,WR,Chris,Olave,2000-06-27,"6' 0""",187.0,12,Ohio State,USA,"San Ysidro, CA",2020,4361370,NULL,NULL
4426407,NFL,18,NO,Saints,WR,Trey,Palmer,2001-04-02,"6' 1""",190.0,10,Nebraska,USA,"Kentwood, LA",2021,4426407,NULL,NULL
4430637,NFL,18,NO,Saints,WR,Ja'Lynn,Polk,2002-04-11,"6' 1""",203.0,13,Washington,USA,"Lufkin, TX",2022,4430637,NULL,NULL
4040945,NFL,18,NO,Saints,G,Dillon,Radunz,1998-03-28,"6' 6""",301.0,77,North Dakota State,USA,"Becker, MN",2019,4040945,NULL,NULL
4426339,NFL,18,NO,Saints,QB,Spencer,Rattler,2000-09-28,"6' 0""",211.0,2,South Carolina,USA,"Phoenix, AZ",2022,4426339,NULL,NULL
4877738,NFL,18,NO,Saints,WR,Brock,Rechsteiner,NULL,"6' 2""",225.0,89,Jacksonville State,USA,"Woodstock, GA",2025,4877738,NULL,NULL
4430379,NFL,18,NO,Saints,OT,Asim,Richards,2000-10-02,"6' 4""",307.0,72,North Carolina,USA,"Philadelphia, PA",2021,4430379,NULL,NULL
4258199,NFL,18,NO,Saints,G,Cesar,Ruiz,1999-06-14,"6' 4""",316.0,51,Michigan,USA,"Camden, NJ",2020,4258199,NULL,NULL
4243186,NFL,18,NO,Saints,G,William,Sherman,1999-05-27,"6' 4""",300.0,66,Colorado,USA,"Allen, TX",2023,4243186,NULL,NULL
4360689,NFL,18,NO,Saints,QB,Tyler,Shough,1999-09-28,"6' 5""",219.0,6,Louisville,USA,"Chandler, AZ",2023,4360689,NULL,NULL
4696902,NFL,18,NO,Saints,G,Torricelli,Simpkins III,2002-06-06,"6' 5""",312.0,68,South Carolina,USA,"Charlotte, NC",2023,4696902,NULL,NULL
4573697,NFL,18,NO,Saints,WR,Mason,Tipton,2000-09-27,"5' 11""",187.0,15,Yale,USA,"Akron, OH",2022,4573697,NULL,NULL
4427080,NFL,18,NO,Saints,OT,Xavier,Truss,2001-07-13,"6' 7""",320.0,74,Georgia,USA,"West Warwick, RI",2023,4427080,NULL,NULL
4880281,NFL,18,NO,Saints,WR,Jordyn,Tyson,2004-08-12,"6' 2""",200.0,0,Arizona State,USA,"Allen, TX",2025,4880281,NULL,NULL
4569559,NFL,18,NO,Saints,WR,Devaughn,Vele,1997-12-12,"6' 5""",210.0,14,Utah,USA,"San Diego, CA",2022,4569559,NULL,NULL
4430684,NFL,18,NO,Saints,TE,Treyton,Welch,2001-01-10,"6' 4""",240.0,82,Wyoming,USA,"Buffalo, MN",2024,4430684,NULL,NULL
4256055,NFL,18,NO,Saints,OT,Barry,Wesley,1999-07-14,"6' 7""",310.0,69,Colorado State,USA,"Morrison, CO",2023,4256055,NULL,NULL
4361259,NFL,18,NO,Saints,QB,Zach,Wilson,1999-08-03,"6' 2""",214.0,4,BYU,USA,"Draper, UT",2019,4361259,NULL,NULL
4433930,NFL,18,NO,Saints,OT,Alex,Wollschlaeger,NULL,"6' 7""",311.0,79,Kentucky,USA,"Aurora, IL",2025,4433930,NULL,NULL
4433938,NFL,18,NO,Saints,G,Jeremiah,Wright,NULL,"6' 5""",348.0,65,Auburn,USA,"Selma, AL",2025,4433938,NULL,NULL
4695407,NFL,18,NO,Saints,CB,Dalys,Beanum,2002-10-12,"6' 1""",200.0,37,South Dakota State,USA,"Omaha, NE",2024,4695407,NULL,NULL
4363052,NFL,18,NO,Saints,CB,Beanie,Bishop,1999-12-17,"5' 10""",184.0,22,West Virginia,USA,"Louisville, KY",2023,4363052,NULL,NULL
4035661,NFL,18,NO,Saints,S,Julian,Blackmon,1998-08-24,"6' 0""",202.0,23,Utah,USA,"Layton, UT",2020,4035661,NULL,NULL
4384595,NFL,18,NO,Saints,DT,Khristian,Boyd,2000-02-23,"6' 2""",320.0,97,Northern Iowa,USA,"Kansas City, MO",2022,4384595,NULL,NULL
4428988,NFL,18,NO,Saints,DT,Bryan,Bresee,2001-10-06,"6' 5""",305.0,90,Clemson,USA,"Damascus, MD",2021,4428988,NULL,NULL
4429040,NFL,18,NO,Saints,DT,Vernon,Broughton,2001-07-15,"6' 5""",311.0,91,Texas,USA,"Houston, TX",2023,4429040,NULL,NULL
4035663,NFL,18,NO,Saints,S,Terrell,Burgess,1998-11-12,"5' 11""",202.0,26,Utah,USA,"San Marcos, CA",2020,4035663,NULL,NULL
4365303,NFL,18,NO,Saints,DE,Myles,Cole,2000-04-29,"6' 6""",278.0,57,Texas Tech,USA,"Shreveport, LA",2023,4365303,NULL,NULL
4688366,NFL,18,NO,Saints,S,Elliott,Davison,2001-12-19,"6' 0""",190.0,35,UTSA,USA,"Tyler, TX",2024,4688366,NULL,NULL
4429073,NFL,18,NO,Saints,DE,Fadil,Diggs,2001-10-15,"6' 4""",257.0,40,Syracuse,USA,"East Camden, NJ",2024,4429073,NULL,NULL
3124890,NFL,18,NO,Saints,LB,Kaden,Elliss,1995-06-10,"6' 2""",238.0,55,Idaho,USA,"Salt Lake City, UT",2019,3124890,NULL,NULL
4429568,NFL,18,NO,Saints,CB,Martin,Emerson Jr.,2000-09-27,"6' 2""",201.0,47,Mississippi State,USA,"Pensacola, FL",2021,4429568,NULL,NULL
4566088,NFL,18,NO,Saints,LB,Jaylan,Ford,2001-12-28,"6' 2""",240.0,53,Texas,USA,"Frisco, TX",2022,4566088,NULL,NULL
3115383,NFL,18,NO,Saints,DT,Davon,Godchaux,1994-11-11,"6' 3""",330.0,92,LSU,USA,"Plaquemine, LA",2017,3115383,NULL,NULL
3918310,NFL,18,NO,Saints,DE,Carl,Granderson,1996-12-18,"6' 5""",261.0,96,Wyoming,USA,"Sacramento, CA",2019,3918310,NULL,NULL
4873075,NFL,18,NO,Saints,CB,TJ,Hall,NULL,"6' 0""",190.0,34,Iowa,USA,"Fresno, CA",2025,4873075,NULL,NULL
4685365,NFL,18,NO,Saints,DT,Zxavian,Harris,NULL,"6' 7""",320.0,67,Ole Miss,USA,"Canton, MS",2025,4685365,NULL,NULL
4705926,NFL,18,NO,Saints,DE,Michael,Heldman,NULL,"6' 4""",260.0,63,Central Michigan,USA,"Romeo, MI",2025,4705926,NULL,NULL
4360949,NFL,18,NO,Saints,S,Jordan,Howden,2000-05-14,"6' 0""",209.0,31,Minnesota,USA,"San Diego, CA",2021,4360949,NULL,NULL
3925350,NFL,18,NO,Saints,LB,Anfernee,Jennings,1997-09-01,"6' 2""",255.0,54,Alabama,USA,"Dadeville, AL",2020,3925350,NULL,NULL
13971,NFL,18,NO,Saints,DE,Cameron,Jordan,1989-07-10,"6' 4""",287.0,94,California,USA,"Chandler, AZ",2011,13971,NULL,NULL
4433975,NFL,18,NO,Saints,CB,Kool-Aid,McKinstry,2002-09-30,"5' 11""",199.0,1,Alabama,USA,"Birmingham, AL",2022,4433975,NULL,NULL
4685479,NFL,18,NO,Saints,DT,Christen,Miller,2004-08-05,"6' 4""",305.0,52,Georgia,USA,"Ellenwood, GA",2025,4685479,NULL,NULL
4383391,NFL,18,NO,Saints,CB,Jayden,Price,2000-04-05,"5' 11""",185.0,38,North Dakota State,USA,"Derby, KS",2024,4383391,NULL,NULL
3931399,NFL,18,NO,Saints,S,Justin,Reid,1997-02-15,"6' 1""",207.0,21,Stanford,USA,"Prairieville, LA",2018,3931399,NULL,NULL
4248047,NFL,18,NO,Saints,DT,John,Ridgeway III,1999-05-07,"6' 5""",321.0,95,Arkansas,USA,"Bloomington, IL",2020,4248047,NULL,NULL
4428350,NFL,18,NO,Saints,CB,Quincy,Riley,2001-05-26,"5' 11""",195.0,29,Louisville,USA,"Columbia, SC",2023,4428350,NULL,NULL
4240475,NFL,18,NO,Saints,DE,Chris,Rumph II,1998-10-19,"6' 2""",244.0,58,Duke,USA,"Gainesville, FL",2019,4240475,NULL,NULL
4683813,NFL,18,NO,Saints,S,Jonas,Sanker,2002-11-23,"6' 1""",211.0,33,Virginia,USA,"Charlottesville, VA",2023,4683813,NULL,NULL
4076951,NFL,18,NO,Saints,DT,Nathan,Shepherd,1993-10-09,"6' 4""",315.0,93,Fort Hays,Canada,"Ajax, ON",2018,4076951,NULL,NULL
4432764,NFL,18,NO,Saints,DT,Keeshawn,Silver,NULL,"6' 4""",330.0,61,USC,USA,"Rocky Mount, NC",2025,4432764,NULL,NULL
4361101,NFL,18,NO,Saints,LB,Jackson,Sirmon,2000-04-15,"6' 2""",240.0,NULL,California,USA,"Brentwood, TN",2024,4361101,NULL,NULL
4361194,NFL,18,NO,Saints,LB,Isaiah,Stalbird,2000-07-18,"6' 1""",215.0,44,South Dakota State,USA,"Kearney, NE",2023,4361194,NULL,NULL
4683215,NFL,18,NO,Saints,LB,Danny,Stutsman,2003-03-10,"6' 3""",233.0,28,Oklahoma,USA,"Windermere, FL",2023,4683215,NULL,NULL
4432768,NFL,18,NO,Saints,S,Lorenzo,Styles Jr.,NULL,"6' 1""",195.0,36,Ohio State,USA,"Pickerington, OH",2025,4432768,NULL,NULL
5213029,NFL,18,NO,Saints,DT,Jay'viar,Suggs,NULL,"6' 3""",299.0,62,Wisconsin,USA,"Flint, MI",2025,5213029,NULL,NULL
4241993,NFL,18,NO,Saints,LB,Pete,Werner,1999-06-05,"6' 3""",242.0,20,Ohio State,USA,"Indianapolis, IN",2019,4241993,NULL,NULL
4372533,NFL,18,NO,Saints,DE,Tyree,Wilson,2000-05-20,"6' 5""",263.0,98,Texas Tech,USA,"Henderson, TX",2021,4372533,NULL,NULL
4696043,NFL,18,NO,Saints,CB,Rejzohn,Wright,2000-09-04,"6' 2""",193.0,25,Oregon State,USA,"East Palo Alto, CA",2022,4696043,NULL,NULL
3122797,NFL,18,NO,Saints,CB,Isaac,Yiadom,1996-02-20,"6' 1""",188.0,27,Boston College,USA,"Worcester, MA",2018,3122797,NULL,NULL
4241986,NFL,18,NO,Saints,DE,Chase,Young,1999-04-14,"6' 5""",265.0,99,Ohio State,USA,"Hyattsville, MD",2020,4241986,NULL,NULL
4696736,NFL,18,NO,Saints,PK,Tanner,Brown,1999-12-28,"6' 0""",180.0,NULL,Oklahoma State,USA,"Saugus, CA",2024,4696736,NULL,NULL
5208518,NFL,18,NO,Saints,PK,Charlie,Smyth,2001-06-26,"6' 4""",210.0,39,NULL,Ireland,Newry,2023,5208518,NULL,NULL
2575788,NFL,18,NO,Saints,LS,Zach,Wood,1993-01-10,"6' 3""",255.0,49,SMU,USA,"Rowlett, TX",2017,2575788,NULL,NULL
4361823,NFL,18,NO,Saints,P,Ryan,Wright,2000-06-01,"6' 3""",245.0,17,Tulane,USA,"San Ramon, CA",2020,4361823,NULL,NULL
4361600,NFL,18,NO,Saints,OT,Nick,Saldiveri,2000-08-14,"6' 6""",316.0,64,Old Dominion,USA,"Waxhaw, NC",2021,4361600,NULL,NULL
2574511,NFL,19,NYG,Giants,QB,Brandon,Allen,1992-09-05,"6' 2""",219.0,12,Arkansas,USA,"Fayetteville, AR",2016,2574511,NULL,NULL
4243389,NFL,19,NYG,Giants,WR,Calvin,Austin III,1999-03-24,"5' 9""",162.0,82,Memphis,USA,"Memphis, TN",2020,4243389,NULL,NULL
4876378,NFL,19,NYG,Giants,RB,Damon,Bankston,NULL,"5' 10""",186.0,NULL,New Mexico,USA,"Katy, TX",2025,4876378,NULL,NULL
16733,NFL,19,NYG,Giants,WR,Odell,Beckham Jr.,1992-11-05,"5' 11""",198.0,3,LSU,USA,"New Orleans, LA",2014,16733,NULL,NULL
3123075,NFL,19,NYG,Giants,WR,Braxton,Berrios,1995-10-06,"5' 9""",190.0,87,Miami,USA,"Raleigh, NC",2018,3123075,NULL,NULL
4570296,NFL,19,NYG,Giants,WR,Dalen,Cambre,2001-04-10,"6' 0""",192.0,83,Louisiana,USA,"Lafayette, LA",2023,4570296,NULL,NULL
4431210,NFL,19,NYG,Giants,WR,Beaux,Collins,2002-12-16,"6' 3""",206.0,81,Notre Dame,USA,"Los Angeles, CA",2023,4431210,NULL,NULL
4047422,NFL,19,NYG,Giants,TE,Tanner,Conner,1998-03-20,"6' 3""",232.0,48,Idaho State,USA,"Kent, WA",2021,4047422,NULL,NULL
4689114,NFL,19,NYG,Giants,QB,Jaxson,Dart,2003-05-13,"6' 2""",223.0,6,Ole Miss,USA,"Kaysville, UT",2023,4689114,NULL,NULL
5082353,NFL,19,NYG,Giants,OT,J.C.,Davis,NULL,"6' 5""",320.0,NULL,Illinois,USA,"Oakland, CA",2025,5082353,NULL,NULL
3115303,NFL,19,NYG,Giants,OT,Jermaine,Eluemunor,1994-12-13,"6' 4""",338.0,72,Texas A&M,USA,"Denville, NJ",2017,3115303,NULL,NULL
4373280,NFL,19,NYG,Giants,G,Joshua,Ezeudu,1999-09-19,"6' 4""",310.0,75,North Carolina,USA,"Lawrenceville, GA",2020,4373280,NULL,NULL
4360964,NFL,19,NYG,Giants,G,Daniel,Faalele,1999-11-09,"6' 8""",380.0,77,Minnesota,Australia,"Melbourne, VIC",2020,4360964,NULL,NULL
4590292,NFL,19,NYG,Giants,TE,Thomas,Fidone II,2002-09-20,"6' 6""",255.0,86,Nebraska,USA,"Council Bluffs, IA",2023,4590292,NULL,NULL
4682648,NFL,19,NYG,Giants,WR,Malachi,Fields,2003-08-26,"6' 4""",223.0,NULL,Notre Dame,USA,"Charlottesville, VA",2025,4682648,NULL,NULL
4427278,NFL,19,NYG,Giants,WR,Xavier,Gipson,2001-03-08,"5' 9""",189.0,88,Stephen F. Austin,USA,"Dallas, TX",2021,4427278,NULL,NULL
4570561,NFL,19,NYG,Giants,RB,Eric,Gray,1999-11-04,"5' 10""",211.0,20,Oklahoma,USA,"Memphis, TN",2021,4570561,NULL,NULL
5360470,NFL,19,NYG,Giants,OT,Jarrod,Gray,NULL,"6' 7""",318.0,NULL,NULL,NULL,NULL,2025,5360470,NULL,NULL
4242540,NFL,19,NYG,Giants,WR,Isaiah,Hodgins,1998-10-21,"6' 3""",200.0,89,Oregon State,USA,"Oakley, CA",2020,4242540,NULL,NULL
4426489,NFL,19,NYG,Giants,C,Bryan,Hudson,2001-01-11,"6' 5""",305.0,60,Louisville,USA,"Georgetown, KY",2024,4426489,NULL,NULL
4692590,NFL,19,NYG,Giants,WR,Jalin,Hyatt,2001-09-25,"6' 0""",185.0,13,Tennessee,USA,"Irmo, SC",2021,4692590,NULL,NULL
4429148,NFL,19,NYG,Giants,TE,Theo,Johnson,2001-02-26,"6' 6""",264.0,84,Penn State,Canada,"Windsor, ON",2022,4429148,NULL,NULL
4383405,NFL,19,NYG,Giants,G,Jake,Kubas,2000-08-13,"6' 4""",308.0,63,North Dakota State,USA,"Dickinson, ND",2023,4383405,NULL,NULL
4361050,NFL,19,NYG,Giants,TE,Isaiah,Likely,2000-04-18,"6' 4""",241.0,9,Coastal Carolina,USA,"Cambridge, MA",2020,4361050,NULL,NULL
2531358,NFL,19,NYG,Giants,TE,Chris,Manhertz,1992-04-10,"6' 6""",235.0,85,Canisius,USA,"Bronx, NY",2016,2531358,NULL,NULL
4870914,NFL,19,NYG,Giants,OT,Francis,Mauigoa,2005-06-04,"6' 6""",315.0,NULL,Miami,American Samoa,ILI'ILI,2025,4870914,NULL,NULL
4686362,NFL,19,NYG,Giants,OT,Marcus,Mbow,2003-04-02,"6' 5""",300.0,71,Purdue,USA,"Milwaukee, WI",2023,4686362,NULL,NULL
4367510,NFL,19,NYG,Giants,RB,Dante,Miller,1999-05-14,"5' 9""",200.0,25,South Carolina,USA,"Rockingham, NC",2024,4367510,NULL,NULL
4369466,NFL,19,NYG,Giants,WR,Ryan,Miller,2000-02-20,"6' 2""",221.0,9,Furman,USA,"Jackson, TN",2022,4369466,NULL,NULL
4040655,NFL,19,NYG,Giants,WR,Darnell,Mooney,1997-10-29,"5' 11""",177.0,17,Tulane,USA,"Gadsden, AL",2020,4040655,NULL,NULL
4595348,NFL,19,NYG,Giants,WR,Malik,Nabers,2003-07-28,"6' 0""",200.0,1,LSU,USA,"Youngsville, LA",2022,4595348,NULL,NULL
4567134,NFL,19,NYG,Giants,OT,Evan,Neal,2000-09-19,"6' 7""",340.0,73,Alabama,USA,"Okeechobee, FL",2020,4567134,NULL,NULL
2576736,NFL,19,NYG,Giants,G,Lucas,Patrick,1993-07-30,"6' 3""",313.0,62,Duke,USA,"Brentwood, TN",2016,2576736,NULL,NULL
2975417,NFL,19,NYG,Giants,FB,Patrick,Ricard,1994-05-27,"6' 3""",300.0,45,Maine,USA,"Spencer, MA",2017,2975417,NULL,NULL
3929936,NFL,19,NYG,Giants,G,Jon,Runyan,1997-08-08,"6' 4""",307.0,76,Michigan,USA,"Moorestown, NJ",2020,3929936,NULL,NULL
5344428,NFL,19,NYG,Giants,OT,Ryan,Schernecke,NULL,"6' 8""",330.0,NULL,Kutztown,USA,"Hatboro, PA",2025,5344428,NULL,NULL
4240771,NFL,19,NYG,Giants,C,John Michael,Schmitz Jr.,1999-03-19,"6' 4""",320.0,61,Minnesota,USA,"Flossmoor, IL",2021,4240771,NULL,NULL
4040761,NFL,19,NYG,Giants,RB,Devin,Singletary,1997-09-03,"5' 7""",203.0,26,Florida Atlantic,USA,"Deerfield Beach, FL",2019,4040761,NULL,NULL
4696981,NFL,19,NYG,Giants,RB,Cam,Skattebo,2002-02-05,"5' 11""",215.0,44,Arizona State,USA,"Rio Linda, CA",2023,4696981,NULL,NULL
3916945,NFL,19,NYG,Giants,WR,Darius,Slayton,1997-01-12,"6' 1""",198.0,18,Auburn,USA,"Norcross, GA",2019,3916945,NULL,NULL
3120348,NFL,19,NYG,Giants,WR,JuJu,Smith-Schuster,1996-11-22,"6' 1""",215.0,8,USC,USA,"Long Beach, CA",2017,3120348,NULL,NULL
3049339,NFL,19,NYG,Giants,G,Aaron,Stinnie,1994-02-18,"6' 3""",312.0,64,James Madison,USA,"Charlottesville, VA",2018,3049339,NULL,NULL
4259566,NFL,19,NYG,Giants,OT,Andrew,Thomas,1999-01-22,"6' 5""",315.0,78,Georgia,USA,"Lithonia, GA",2020,4259566,NULL,NULL
4360516,NFL,19,NYG,Giants,RB,Tyrone,Tracy Jr.,1999-11-23,"5' 11""",210.0,29,Purdue,USA,"Indianapolis, IN",2022,4360516,NULL,NULL
2969939,NFL,19,NYG,Giants,QB,Jameis,Winston,1994-01-06,"6' 4""",231.0,19,Florida State,USA,"Bessemer, AL",2015,2969939,NULL,NULL
4242547,NFL,19,NYG,Giants,CB,Paulson,Adebo,1999-07-03,"6' 1""",192.0,21,Stanford,USA,"Mansfield, TX",2019,4242547,NULL,NULL
4426542,NFL,19,NYG,Giants,DT,Darius,Alexander,2000-08-26,"6' 4""",310.0,91,Toledo,USA,"Fort Wayne, IN",2023,4426542,NULL,NULL
4428328,NFL,19,NYG,Giants,CB,Deonte,Banks,2001-03-03,"6' 2""",200.0,2,Maryland,USA,"Baltimore, MD",2021,4428328,NULL,NULL
4362234,NFL,19,NYG,Giants,LB,Zaire,Barnes,1999-09-03,"6' 1""",232.0,46,Western Michigan,USA,"Mundelein, IL",2021,4362234,NULL,NULL
4602016,NFL,19,NYG,Giants,DT,Anquin,Barnes Jr.,NULL,"6' 5""",340.0,NULL,Colorado,USA,"Montgomery, AL",2025,4602016,NULL,NULL
4429250,NFL,19,NYG,Giants,DT,Ben,Barten,NULL,"6' 5""",323.0,NULL,Wisconsin,USA,"Stratford, WI",2025,4429250,NULL,NULL
4361834,NFL,19,NYG,Giants,CB,Jarrick,Bernard-Converse,2000-04-29,"6' 1""",205.0,35,LSU,USA,"Shreveport, LA",2021,4361834,NULL,NULL
4429281,NFL,19,NYG,Giants,CB,Korie,Black,2002-06-22,"6' 0""",190.0,38,Oklahoma State,USA,"Waco, TX",2023,4429281,NULL,NULL
4429291,NFL,19,NYG,Giants,S,Beau,Brade,2002-01-29,"6' 0""",209.0,34,Maryland,USA,"Clarksville, MD",2022,4429291,NULL,NULL
4035631,NFL,19,NYG,Giants,LB,Brian,Burns,1998-04-23,"6' 5""",250.0,0,Florida State,USA,"Fort Lauderdale, FL",2019,4035631,NULL,NULL
3932901,NFL,19,NYG,Giants,S,Elijah,Campbell,1995-08-24,"5' 11""",190.0,28,Northern Iowa,USA,"Saint Paul, MN",2020,3932901,NULL,NULL
4725996,NFL,19,NYG,Giants,LB,Abdul,Carter,2003-10-03,"6' 3""",252.0,3,Penn State,USA,"Philadelphia, PA",2023,4725996,NULL,NULL
3929950,NFL,19,NYG,Giants,LB,Tremaine,Edmunds,1998-05-02,"6' 4""",251.0,49,Virginia Tech,USA,"Danville, VA",2018,3929950,NULL,NULL
4427207,NFL,19,NYG,Giants,LB,Trace,Ford,2001-01-24,"6' 2""",252.0,48,Oklahoma,USA,"Edmond, OK",2024,4427207,NULL,NULL
4035666,NFL,19,NYG,Giants,DT,Leki,Fotu,1998-08-23,"6' 5""",317.0,NULL,Utah,USA,"West Valley City, UT",2020,4035666,NULL,NULL
4036132,NFL,19,NYG,Giants,DE,Chauncey,Golston,1998-02-10,"6' 5""",277.0,57,Iowa,USA,"Detroit, MI",2019,4036132,NULL,NULL
4689674,NFL,19,NYG,Giants,CB,Art,Green,2000-04-29,"6' 2""",200.0,23,Houston,USA,"Chesterfield, MO",2022,4689674,NULL,NULL
16837,NFL,19,NYG,Giants,DT,Shelby,Harris,1991-08-11,"6' 2""",288.0,NULL,Illinois State,USA,"Milwaukee, WI",2014,16837,NULL,NULL
4373809,NFL,19,NYG,Giants,S,Jevon,Holland,2000-03-03,"6' 1""",207.0,8,Oregon,Canada,"Coquitlam, BC",2019,4373809,NULL,NULL
4921249,NFL,19,NYG,Giants,CB,Colton,Hood,2005-02-23,"6' 0""",195.0,NULL,Tennessee,USA,"Mcdonough, GA",2025,4921249,NULL,NULL
5159928,NFL,19,NYG,Giants,DT,Bobby,Jamison-Travis,NULL,"6' 4""",322.0,NULL,Auburn,USA,"Minneapolis, MN",2025,5159928,NULL,NULL
4371959,NFL,19,NYG,Giants,LB,Cam,Jones,1999-10-21,"6' 2""",227.0,47,Indiana,USA,"Memphis, TN",2021,4371959,NULL,NULL
4427636,NFL,19,NYG,Giants,CB,Nic,Jones,2001-10-15,"6' 0""",189.0,31,Ball State,USA,"Detroit, MI",2022,4427636,NULL,NULL
4039029,NFL,19,NYG,Giants,DE,Khalid,Kareem,1998-04-28,"6' 4""",255.0,NULL,Notre Dame,USA,"Detroit, MI",2020,4039029,NULL,NULL
4876380,NFL,19,NYG,Giants,LB,Jack,Kelly,NULL,"6' 2""",242.0,NULL,BYU,USA,"Kearns, UT",2025,4876380,NULL,NULL
4258237,NFL,19,NYG,Giants,S,Raheem,Layne,1999-07-02,"5' 11""",192.0,43,Indiana,USA,"DeLand, FL",2022,4258237,NULL,NULL
4371961,NFL,19,NYG,Giants,LB,Micah,McFadden,2000-01-03,"6' 2""",232.0,41,Indiana,USA,"Tampa, FL",2020,4371961,NULL,NULL
4428072,NFL,19,NYG,Giants,LB,Darius,Muasau,2001-02-10,"6' 0""",234.0,53,UCLA,USA,"Ewa Beach, HI",2022,4428072,NULL,NULL
4911489,NFL,19,NYG,Giants,LB,Caleb,Murphy,1999-12-15,"6' 3""",254.0,37,Ferris State,USA,"Dowagiac, MI",2021,4911489,NULL,NULL
4361266,NFL,19,NYG,Giants,CB,Greg,Newsome II,2000-05-18,"6' 0""",192.0,20,Northwestern,USA,"Chicago, IL",2019,4361266,NULL,NULL
4430261,NFL,19,NYG,Giants,S,Tyler,Nubin,2001-06-14,"6' 2""",210.0,27,Minnesota,USA,"Saint Charles, IL",2022,4430261,NULL,NULL
4431321,NFL,19,NYG,Giants,CB,Dru,Phillips,2001-11-30,"5' 11""",180.0,22,Kentucky,USA,"Birmingham, AL",2022,4431321,NULL,NULL
4426332,NFL,19,NYG,Giants,DT,Zacch,Pickens,2000-03-06,"6' 4""",303.0,NULL,South Carolina,USA,"Anderson, SC",2022,4426332,NULL,NULL
4240706,NFL,19,NYG,Giants,S,Jason,Pinnock,1999-06-30,"6' 0""",200.0,25,Pittsburgh,USA,"Windsor, CT",2019,4240706,NULL,NULL
4700676,NFL,19,NYG,Giants,DE,C.J.,Ravenell,2000-07-07,"6' 5""",300.0,NULL,Missouri Western,USA,"Santa Clarita, CA",2023,4700676,NULL,NULL
2977670,NFL,19,NYG,Giants,DT,DJ,Reader,1994-07-01,"6' 3""",330.0,NULL,Clemson,USA,"Greensboro, NC",2016,2977670,NULL,NULL
4950400,NFL,19,NYG,Giants,LB,Arvell,Reese,2005-08-30,"6' 4""",243.0,NULL,Ohio State,USA,"Cleveland, OH",2025,4950400,NULL,NULL
4077786,NFL,19,NYG,Giants,DT,Sam,Roberts,1998-04-14,"6' 5""",300.0,99,Northwest Missouri State,USA,"Waynesville, MO",2021,4077786,NULL,NULL
2574891,NFL,19,NYG,Giants,DT,Roy,Robertson-Harris,1993-07-23,"6' 7""",300.0,95,UTEP,USA,"Grand Prairie, TX",2016,2574891,NULL,NULL
4426326,NFL,19,NYG,Giants,LB,Kayvon,Thibodeaux,2000-12-15,"6' 5""",258.0,5,Oregon,USA,"Los Angeles, CA",2020,4426326,NULL,NULL
2979632,NFL,19,NYG,Giants,DT,Josh,Tupou,1994-05-02,"6' 3""",350.0,NULL,Colorado,USA,"Buena Park, CA",2017,2979632,NULL,NULL
4362492,NFL,19,NYG,Giants,S,Ar'Darius,Washington,1999-11-02,"5' 8""",180.0,24,TCU,USA,"Shreveport, LA",2020,4362492,NULL,NULL
4883114,NFL,19,NYG,Giants,LS,Ben,Mann,NULL,"6' 5""",232.0,NULL,Boston College,USA,"Lancaster, PA",2025,4883114,NULL,NULL
4566158,NFL,19,NYG,Giants,PK,Ben,Sauls,2001-07-31,"5' 10""",185.0,30,Pittsburgh,USA,"Tipp City, OH",2024,4566158,NULL,NULL
4260224,NFL,19,NYG,Giants,P,Jordan,Stout,1998-08-04,"6' 3""",214.0,15,Penn State,USA,"Cedar Bluff, VA",2020,4260224,NULL,NULL
5082424,NFL,19,NYG,Giants,PK,Dominic,Zvada,NULL,"6' 3""",187.0,NULL,Michigan,USA,"Chandler, AZ",2025,5082424,NULL,NULL
5151880,NFL,19,NYG,Giants,CB,Thaddeus,Dixon,NULL,"6' 1""",185.0,NULL,North Carolina,USA,"Los Angeles, CA",2025,5151880,NULL,NULL
4424106,NFL,19,NYG,Giants,WR,Gunner,Olszewski,1996-11-26,"6' 0""",190.0,80,Bemidji State,USA,"Alvin, TX",2019,4424106,NULL,NULL
4368350,NFL,19,NYG,Giants,CB,Rico,Payton,1999-11-28,"6' 0""",182.0,36,Pittsburg State,USA,"St. Louis, MO",2022,4368350,NULL,NULL
4685247,NFL,20,NYJ,Jets,RB,Braelon,Allen,2004-01-20,"6' 1""",235.0,0,Wisconsin,USA,"Fond Du Lac, WI",2022,4685247,NULL,NULL
3125107,NFL,20,NYJ,Jets,FB,Andrew,Beck,1996-05-15,"6' 3""",255.0,47,Texas,USA,"Tampa, FL",2019,3125107,NULL,NULL
4429435,NFL,20,NYJ,Jets,QB,Brady,Cook,2001-10-12,"6' 2""",215.0,4,Missouri,USA,"St. Louis, MO",2023,4429435,NULL,NULL
4905597,NFL,20,NYJ,Jets,G,Anez,Cooper,NULL,"6' 5""",334.0,72,Miami,USA,"Pleasant Grove, AL",2025,4905597,NULL,NULL
4723820,NFL,20,NYJ,Jets,WR,Omar,Cooper Jr.,2003-12-14,"6' 0""",199.0,83,Indiana,USA,"Indianapolis, IN",2025,4723820,NULL,NULL
4695223,NFL,20,NYJ,Jets,TE,Chase,Curtis,NULL,"6' 5""",235.0,87,TCU,USA,"Pittsburg, KS",2025,4695223,NULL,NULL
4695404,NFL,20,NYJ,Jets,RB,Isaiah,Davis,2002-02-21,"6' 1""",220.0,32,South Dakota State,USA,"Joplin, MO",2022,4695404,NULL,NULL
4431809,NFL,20,NYJ,Jets,OT,Olu,Fashanu,2002-12-09,"6' 6""",312.0,74,Penn State,USA,"Waldorf, MD",2022,4431809,NULL,NULL
4429770,NFL,20,NYJ,Jets,OT,Courtland,Ford,NULL,"6' 6""",315.0,75,UCLA,USA,"Peoria, IL",2025,4429770,NULL,NULL
4249599,NFL,20,NYJ,Jets,G,Liam,Fornadel,1999-06-17,"6' 4""",312.0,50,James Madison,NULL,NULL,2024,4249599,NULL,NULL
4427366,NFL,20,NYJ,Jets,RB,Breece,Hall,2001-05-31,"5' 11""",217.0,20,Iowa State,USA,"Wichita, KS",2020,4427366,NULL,NULL
4241382,NFL,20,NYJ,Jets,G,Marquis,Hayes,1999-02-14,"6' 5""",318.0,77,Oklahoma,USA,"Maryland Heights, MO",2023,4241382,NULL,NULL
4431133,NFL,20,NYJ,Jets,G,Xavier,Hill,NULL,"6' 4""",320.0,76,Colorado,USA,"Olive Branch, MS",2025,4431133,NULL,NULL
4685413,NFL,20,NYJ,Jets,QB,Cade,Klubnik,NULL,"6' 2""",207.0,10,Clemson,USA,"Austin, TX",2025,4685413,NULL,NULL
4430185,NFL,20,NYJ,Jets,WR,Caullin,Lacy,NULL,"5' 9""",183.0,35,Louisville,USA,"Mobile, AL",2025,4430185,NULL,NULL
4373951,NFL,20,NYJ,Jets,G,Kohl,Levao,1998-02-21,"6' 6""",350.0,60,Hawai'i,USA,"Aberdeen, WA",2024,4373951,NULL,NULL
4682509,NFL,20,NYJ,Jets,WR,Malik,McClain,NULL,"6' 4""",195.0,84,Arizona State,USA,"Daphne, AL",2025,4682509,NULL,NULL
4789907,NFL,20,NYJ,Jets,OT,Armand,Membou,2004-03-27,"6' 4""",332.0,70,Missouri,USA,"Lee's Summit, MO",2023,4789907,NULL,NULL
4597500,NFL,20,NYJ,Jets,WR,Adonai,Mitchell,2002-10-08,"6' 2""",205.0,15,Texas,USA,"Missouri City, TX",2022,4597500,NULL,NULL
4373656,NFL,20,NYJ,Jets,OT,Max,Mitchell,1999-10-12,"6' 6""",307.0,61,Louisiana,USA,"Monroe, LA",2020,4373656,NULL,NULL
4242000,NFL,20,NYJ,Jets,C,Josh,Myers,1998-07-16,"6' 5""",310.0,71,Ohio State,USA,"Miamisburg, OH",2019,4242000,NULL,NULL
4259186,NFL,20,NYJ,Jets,G,Xavier,Newman,1999-08-04,"6' 2""",297.0,65,Baylor,USA,"Desoto, TX",2021,4259186,NULL,NULL
4035537,NFL,20,NYJ,Jets,RB,Kene,Nwangwu,1998-02-09,"6' 1""",210.0,3,Iowa State,USA,"Frisco, TX",2019,4035537,NULL,NULL
3129473,NFL,20,NYJ,Jets,OT,Chukwuma,Okorafor,1997-08-08,"6' 6""",320.0,79,Western Michigan,USA,"Southfield, MI",2018,3129473,NULL,NULL
4243375,NFL,20,NYJ,Jets,G,Dylan,Parham,1999-08-24,"6' 3""",311.0,64,Memphis,USA,"Carrollton, GA",2020,4243375,NULL,NULL
3134353,NFL,20,NYJ,Jets,WR,Tim,Patrick,1993-11-23,"6' 5""",210.0,17,Utah,USA,"San Diego, CA",2017,3134353,NULL,NULL
4892576,NFL,20,NYJ,Jets,WR,Jamaal,Pritchett,2003-06-10,"5' 8""",175.0,81,South Alabama,USA,"Jackson, AL",2024,4892576,NULL,NULL
4361372,NFL,20,NYJ,Jets,TE,Jeremy,Ruckert,2000-08-11,"6' 5""",250.0,89,Ohio State,USA,"Lindenhurst, NY",2020,4361372,NULL,NULL
5083315,NFL,20,NYJ,Jets,TE,Kenyon,Sadiq,2005-03-04,"6' 3""",241.0,16,Oregon,USA,"Idaho Falls, ID",2025,5083315,NULL,NULL
4700138,NFL,20,NYJ,Jets,RB,Sam,Scott,NULL,"6' 1""",213.0,25,Wyoming,USA,"Omaha, NE",2025,4700138,NULL,NULL
4429115,NFL,20,NYJ,Jets,WR,Gee,Scott Jr.,2000-12-28,"6' 3""",238.0,30,Ohio State,USA,"Seattle, WA",2025,4429115,NULL,NULL
5153056,NFL,20,NYJ,Jets,WR,DT,Sheffield,NULL,"5' 7""",175.0,38,Rutgers,USA,"Corinth, MS",2025,5153056,NULL,NULL
4429105,NFL,20,NYJ,Jets,WR,Arian,Smith,2001-10-11,"6' 0""",179.0,82,Georgia,USA,"Bradley, FL",2023,4429105,NULL,NULL
15864,NFL,20,NYJ,Jets,QB,Geno,Smith,1990-10-10,"6' 2""",221.0,7,West Virginia,USA,"Miami, FL",2013,15864,NULL,NULL
4808766,NFL,20,NYJ,Jets,TE,Mason,Taylor,2004-05-08,"6' 5""",251.0,85,LSU,USA,"Plantation, FL",2023,4808766,NULL,NULL
4428681,NFL,20,NYJ,Jets,C,Joe,Tippmann,2001-03-24,"6' 6""",313.0,66,Wisconsin,USA,"Fort Wayne, IN",2021,4428681,NULL,NULL
4430893,NFL,20,NYJ,Jets,RB,Chip,Trayanum,NULL,"5' 10""",224.0,40,Toledo,USA,"Akron, OH",2025,4430893,NULL,NULL
4875788,NFL,20,NYJ,Jets,WR,Jalen,Walthall,NULL,"6' 0""",191.0,39,Incarnate Word,USA,"Missouri City, TX",2025,4875788,NULL,NULL
4569371,NFL,20,NYJ,Jets,WR,Isaiah,Williams,2001-01-29,"5' 10""",185.0,18,Illinois,USA,"St. Louis, MO",2022,4569371,NULL,NULL
4569618,NFL,20,NYJ,Jets,WR,Garrett,Wilson,2000-07-22,"6' 0""",183.0,5,Ohio State,USA,"Austin, TX",2020,4569618,NULL,NULL
4241410,NFL,20,NYJ,Jets,TE,Jelani,Woods,1998-10-09,"6' 7""",253.0,86,Virginia,USA,"Ellenwood, GA",2020,4241410,NULL,NULL
4035079,NFL,20,NYJ,Jets,OT,Landon,Young,1997-08-21,"6' 7""",321.0,67,Kentucky,USA,"Lexington, KY",2025,4035079,NULL,NULL
4250360,NFL,20,NYJ,Jets,QB,Bailey,Zappe,1999-04-26,"6' 1""",220.0,11,Western Kentucky,USA,"Victoria, TX",2021,4250360,NULL,NULL
4685248,NFL,20,NYJ,Jets,LB,David,Bailey,2003-08-28,"6' 3""",251.0,31,Texas Tech,USA,"Irvine, CA",2025,4685248,NULL,NULL
5092196,NFL,20,NYJ,Jets,CB,Mory,Bamba,NULL,"6' 2""",193.0,38,BYU,USA,"Menomonee Falls, WI",2025,5092196,NULL,NULL
4692555,NFL,20,NYJ,Jets,DE,Tyler,Baron,2001-10-22,"6' 4""",258.0,94,Miami,USA,"Knoxville, TN",2023,4692555,NULL,NULL
4426686,NFL,20,NYJ,Jets,S,Dane,Belton,2000-12-07,"6' 1""",205.0,6,Iowa,USA,"Tampa, FL",2020,4426686,NULL,NULL
4426676,NFL,20,NYJ,Jets,DT,Jowon,Briggs,2001-09-01,"6' 1""",313.0,91,Cincinnati,USA,"Cincinnati, OH",2022,4426676,NULL,NULL
4241373,NFL,20,NYJ,Jets,CB,Tre,Brown,1997-09-24,"5' 10""",186.0,30,Oklahoma,USA,"Tulsa, OK",2019,4241373,NULL,NULL
4426817,NFL,20,NYJ,Jets,CB,Jarvis,Brownlee Jr.,2001-07-13,"5' 10""",194.0,2,Louisville,USA,"Miami Gardens, FL",2022,4426817,NULL,NULL
4361939,NFL,20,NYJ,Jets,S,Andre,Cisco,2000-03-23,"6' 0""",210.0,8,Syracuse,USA,"Valley Stream, NY",2019,4361939,NULL,NULL
4426921,NFL,20,NYJ,Jets,S,Dean,Clark,2001-06-01,"6' 1""",206.0,35,Fresno State,USA,"Massillon, OH",2023,4426921,NULL,NULL
4429411,NFL,20,NYJ,Jets,CB,Jordan,Clark,2001-04-22,"5' 9""",184.0,33,Notre Dame,USA,"Baton Rouge, LA",2023,4429411,NULL,NULL
14958,NFL,20,NYJ,Jets,LB,Demario,Davis,1989-01-11,"6' 2""",239.0,56,Arkansas State,USA,"Brandon, MS",2012,14958,NULL,NULL
5279356,NFL,20,NYJ,Jets,DE,Paschal,Ekeji,2002-03-19,"6' 4""",230.0,54,NULL,Lesotho,Maseru,2024,5279356,NULL,NULL
4362840,NFL,20,NYJ,Jets,LB,Kingsley,Enagbare,2000-01-18,"6' 4""",258.0,52,South Carolina,USA,"Atlanta, GA",2020,4362840,NULL,NULL
3925345,NFL,20,NYJ,Jets,S,Minkah,Fitzpatrick,1996-11-17,"6' 1""",202.0,29,Alabama,USA,"Old Bridge, NJ",2018,3925345,NULL,NULL
4039485,NFL,20,NYJ,Jets,DT,Jack,Heflin,1998-03-08,"6' 3""",304.0,96,Iowa,USA,"Prophetstown, IL",2023,4039485,NULL,NULL
4612836,NFL,20,NYJ,Jets,DT,Darrell,Jackson Jr.,NULL,"6' 5""",337.0,78,Florida State,USA,"Havana, FL",2025,4612836,NULL,NULL
4240405,NFL,20,NYJ,Jets,DE,Kingsley,Jonathan,1998-04-28,"6' 4""",260.0,57,Syracuse,USA,"Baltimore, MD",2022,4240405,NULL,NULL
4700756,NFL,20,NYJ,Jets,LB,Jaden,Keller,NULL,"6' 3""",235.0,47,Virginia Tech,USA,"Bristol, TN",2025,4700756,NULL,NULL
4700136,NFL,20,NYJ,Jets,LB,Kiko,Mauigoa,2003-03-17,"6' 2""",233.0,51,Miami,American Samoa,ILI'ILI,2023,4700136,NULL,NULL
4045299,NFL,20,NYJ,Jets,LB,Marcelino,McCrary-Ball,1999-03-23,"6' 0""",214.0,41,Indiana,USA,"Roswell, GA",2022,4045299,NULL,NULL
4361767,NFL,20,NYJ,Jets,DE,Will,McDonald IV,1999-06-04,"6' 4""",245.0,9,Iowa State,USA,"Milwaukee, WI",2021,4361767,NULL,NULL
4429005,NFL,20,NYJ,Jets,DE,Braiden,McGregor,2001-07-12,"6' 6""",267.0,55,Michigan,USA,"Port Huron, MI",2022,4429005,NULL,NULL
4430182,NFL,20,NYJ,Jets,S,Jarius,Monroe,2000-10-06,"6' 2""",205.0,25,Tulane,USA,"Laplace, LA",2024,4430182,NULL,NULL
4692024,NFL,20,NYJ,Jets,S,Malachi,Moore,2001-09-13,"5' 11""",196.0,27,Alabama,USA,"Trussville, AL",2023,4692024,NULL,NULL
4002046,NFL,20,NYJ,Jets,DT,David,Onyemata,1992-11-13,"6' 3""",300.0,93,Manitoba,Nigeria,Lagos,2016,4002046,NULL,NULL
4362094,NFL,20,NYJ,Jets,DE,Joseph,Ossai,2000-04-12,"6' 4""",253.0,46,Texas,USA,"Conroe, TX",2019,4362094,NULL,NULL
4431582,NFL,20,NYJ,Jets,DT,Payton,Page,2002-09-27,"6' 4""",300.0,98,Clemson,USA,"Greensboro, NC",2024,4431582,NULL,NULL
4837388,NFL,20,NYJ,Jets,S,VJ,Payne,NULL,"6' 3""",206.0,34,Kansas State,USA,"Gainesville, GA",2025,4837388,NULL,NULL
3117255,NFL,20,NYJ,Jets,DT,Harrison,Phillips,1996-01-25,"6' 3""",307.0,97,Stanford,USA,"Omaha, NE",2018,3117255,NULL,NULL
5118340,NFL,20,NYJ,Jets,CB,D'Angelo,Ponds,2005-01-13,"5' 8""",182.0,23,Indiana,USA,"Miami, FL",2025,5118340,NULL,NULL
4361331,NFL,20,NYJ,Jets,LB,Jamien,Sherwood,2000-01-12,"6' 2""",216.0,44,Auburn,USA,"Jensen Beach, FL",2019,4361331,NULL,NULL
4372418,NFL,20,NYJ,Jets,S,Keidron,Smith,1999-11-06,"6' 2""",210.0,22,Kentucky,USA,"West Palm Beach, FL",2023,4372418,NULL,NULL
4426347,NFL,20,NYJ,Jets,DT,Mazi,Smith,2001-06-16,"6' 3""",337.0,58,Michigan,USA,"Grand Rapids, MI",2021,4426347,NULL,NULL
4035824,NFL,20,NYJ,Jets,CB,Brandon,Stephens,1997-12-29,"6' 1""",215.0,21,SMU,USA,"Plano, TX",2019,4035824,NULL,NULL
5208977,NFL,20,NYJ,Jets,CB,Qwan'tez,Stiggers,2002-01-08,"6' 0""",197.0,37,NULL,USA,"Atlanta, GA",2022,5208977,NULL,NULL
4428617,NFL,20,NYJ,Jets,DT,T'Vondre,Sweat,2001-07-11,"6' 4""",366.0,99,Texas,USA,"Huntsville, TX",2022,4428617,NULL,NULL
4685596,NFL,20,NYJ,Jets,CB,Azareye'h,Thomas,2004-07-06,"6' 1""",197.0,1,Florida State,USA,"Niceville, FL",2023,4685596,NULL,NULL
4880093,NFL,20,NYJ,Jets,LB,Nathan,Voorhis,NULL,"6' 2""",251.0,69,Ball State,USA,"Stroudsburg, PA",2025,4880093,NULL,NULL
4243009,NFL,20,NYJ,Jets,LB,Mykal,Walker,1997-08-28,"6' 3""",230.0,43,Fresno State,USA,"Sacramento, CA",2020,4243009,NULL,NULL
4569016,NFL,20,NYJ,Jets,DE,Eric,Watts,2000-10-01,"6' 5""",277.0,95,UConn,USA,"Sumter, SC",2023,4569016,NULL,NULL
4568713,NFL,20,NYJ,Jets,LB,Chase,Wilson,NULL,"6' 1""",230.0,53,West Virginia,USA,"Arvada, CO",2025,4568713,NULL,NULL
4280416,NFL,20,NYJ,Jets,CB,Samuel,Womack III,1999-07-07,"5' 10""",189.0,39,Toledo,USA,"Detroit, MI",2020,4280416,NULL,NULL
4570470,NFL,20,NYJ,Jets,CB,Nahshon,Wright,1998-09-23,"6' 4""",190.0,26,Oregon State,USA,"East Palo Alto, CA",2019,4570470,NULL,NULL
4879195,NFL,20,NYJ,Jets,LS,Garrison,Grimes,NULL,"6' 2""",220.0,49,BYU,USA,"American Fork, UT",2025,4879195,NULL,NULL
2983155,NFL,20,NYJ,Jets,LS,Thomas,Hennessy,1994-06-11,"6' 2""",246.0,42,Duke,USA,"Bardonia, NY",2017,2983155,NULL,NULL
4427982,NFL,20,NYJ,Jets,P,Austin,McNamara,2001-02-24,"6' 4""",204.0,14,Texas Tech,USA,"Gilbert, AZ",2023,4427982,NULL,NULL
3124679,NFL,20,NYJ,Jets,PK,Jason,Sanders,1995-11-16,"5' 11""",186.0,19,New Mexico,USA,"Orange, CA",2018,3124679,NULL,NULL
4428963,NFL,20,NYJ,Jets,PK,Cade,York,2001-01-27,"6' 1""",206.0,36,LSU,USA,"McKinney, TX",2022,4428963,NULL,NULL
4588300,NFL,20,NYJ,Jets,LB,Kobe,King,2003-01-28,"6' 1""",250.0,45,Penn State,USA,"Detroit, MI",2023,4588300,NULL,NULL
4613050,NFL,20,NYJ,Jets,WR,Quentin,Skinner,2001-12-24,"6' 5""",195.0,88,Kansas,USA,"Claremore, OK",2024,4613050,NULL,NULL
3929630,NFL,21,PHI,Eagles,RB,Saquon,Barkley,1997-02-09,"6' 0""",233.0,26,Penn State,USA,"Coplay, PA",2018,3929630,NULL,NULL
5219831,NFL,21,PHI,Eagles,OT,Markel,Bell,2004-07-19,"6' 9""",340.0,72,Miami,USA,"Cleveland, MS",2025,5219831,NULL,NULL
4429013,NFL,21,PHI,Eagles,RB,Tank,Bigsby,2002-08-30,"5' 11""",215.0,8,Auburn,USA,"LaGrange, GA",2021,4429013,NULL,NULL
4241372,NFL,21,PHI,Eagles,WR,Hollywood,Brown,1997-06-04,"5' 9""",170.0,0,Oklahoma,USA,"Hollywood, FL",2019,4241372,NULL,NULL
4241374,NFL,21,PHI,Eagles,TE,Grant,Calcaterra,1998-12-04,"6' 4""",240.0,81,SMU,USA,"Rancho Santa Margarita, CA",2020,4241374,NULL,NULL
4715355,NFL,21,PHI,Eagles,WR,Darius,Cooper,2001-11-22,"5' 11""",210.0,80,Tarleton State,USA,"St. Louis, MO",2023,4715355,NULL,NULL
3926231,NFL,21,PHI,Eagles,WR,Britain,Covey,1997-03-18,"5' 8""",173.0,18,Utah,USA,"Provo, UT",2020,3926231,NULL,NULL
14012,NFL,21,PHI,Eagles,QB,Andy,Dalton,1987-10-29,"6' 2""",220.0,14,TCU,USA,"Katy, TX",2011,14012,NULL,NULL
4035624,NFL,21,PHI,Eagles,G,Landon,Dickerson,1998-09-30,"6' 6""",332.0,69,Alabama,USA,"Hickory, NC",2019,4035624,NULL,NULL
4362186,NFL,21,PHI,Eagles,WR,Erik,Ezukanma,2000-01-25,"6' 2""",210.0,NULL,Texas Tech,USA,"Fort Worth, TX",2022,4362186,NULL,NULL
3121023,NFL,21,PHI,Eagles,TE,Dallas,Goedert,1995-01-03,"6' 5""",256.0,88,South Dakota State,USA,"Britton, SD",2018,3121023,NULL,NULL
4689546,NFL,21,PHI,Eagles,WR,Danny,Gray,1999-04-01,"6' 0""",200.0,82,SMU,USA,"Dallas, TX",2022,4689546,NULL,NULL
4429000,NFL,21,PHI,Eagles,OT,Myles,Hinton,2002-01-09,"6' 6""",323.0,78,Michigan,USA,"Johns Creek, GA",2023,4429000,NULL,NULL
4040715,NFL,21,PHI,Eagles,QB,Jalen,Hurts,1998-08-07,"6' 1""",223.0,1,Oklahoma,USA,"Houston, TX",2020,4040715,NULL,NULL
4248557,NFL,21,PHI,Eagles,TE,E.J.,Jenkins,1998-11-03,"6' 6""",245.0,84,Georgia Tech,USA,"Fredericksburg, VA",2023,4248557,NULL,NULL
3915106,NFL,21,PHI,Eagles,OT,Fred,Johnson,1997-06-05,"6' 7""",326.0,74,Florida,USA,"West Palm Beach, FL",2019,3915106,NULL,NULL
15797,NFL,21,PHI,Eagles,OT,Lane,Johnson,1990-05-08,"6' 6""",325.0,65,Oklahoma,USA,"Groveton, TX",2013,15797,NULL,NULL
4040622,NFL,21,PHI,Eagles,G,Mike,Jordan,1998-01-25,"6' 6""",312.0,NULL,Ohio State,USA,"Canton, MI",2019,4040622,NULL,NULL
4361178,NFL,21,PHI,Eagles,C,Cam,Jurgens,1999-08-21,"6' 3""",303.0,51,Nebraska,USA,"Beatrice, NE",2020,4361178,NULL,NULL
4567802,NFL,21,PHI,Eagles,C,Drew,Kendall,2001-11-27,"6' 4""",308.0,66,Boston College,USA,"Norwell, MA",2023,4567802,NULL,NULL
4582836,NFL,21,PHI,Eagles,C,Willie,Lampkin,2002-01-22,"5' 11""",290.0,61,North Carolina,USA,"Lakeland, FL",2023,4582836,NULL,NULL
4372026,NFL,21,PHI,Eagles,TE,Cameron,Latu,2000-02-24,"6' 5""",244.0,36,Alabama,USA,"Salt Lake City, UT",2022,4372026,NULL,NULL
4870795,NFL,21,PHI,Eagles,WR,Makai,Lemon,2004-06-02,"5' 11""",195.0,9,USC,USA,"Los Alamitos, CA",2025,4870795,NULL,NULL
4334215,NFL,21,PHI,Eagles,OT,Jordan,Mailata,1997-03-31,"6' 8""",365.0,68,NULL,Australia,"Sydney, NSW",2018,4334215,NULL,NULL
4430814,NFL,21,PHI,Eagles,C,Jake,Majors,2002-01-17,"6' 3""",306.0,75,Texas,USA,"Prosper, TX",2024,4430814,NULL,NULL
4685201,NFL,21,PHI,Eagles,QB,Tanner,McKee,2000-04-27,"6' 6""",231.0,16,Stanford,USA,"Corona, CA",2021,4685201,NULL,NULL
4241555,NFL,21,PHI,Eagles,RB,Elijah,Mitchell,1998-05-02,"5' 10""",215.0,NULL,Louisiana,USA,"Erath, LA",2019,4241555,NULL,NULL
4372414,NFL,21,PHI,Eagles,WR,Elijah,Moore,2000-03-27,"5' 10""",178.0,13,Ole Miss,USA,"Fort Lauderdale, FL",2019,4372414,NULL,NULL
4432738,NFL,21,PHI,Eagles,G,Micah,Morris,NULL,"6' 4""",330.0,76,Georgia,USA,"Kingsland, GA",2025,4432738,NULL,NULL
3052096,NFL,21,PHI,Eagles,TE,Johnny,Mundt,1994-11-23,"6' 4""",245.0,83,Oregon,USA,"Modesto, CA",2017,3052096,NULL,NULL
4240015,NFL,21,PHI,Eagles,OT,John,Ojukwu,1999-01-09,"6' 5""",309.0,67,Boise State,USA,"Boise, ID",2023,4240015,NULL,NULL
4879250,NFL,21,PHI,Eagles,QB,Cole,Payton,NULL,"6' 3""",233.0,10,North Dakota State,USA,"Omaha, NE",2025,4879250,NULL,NULL
4360238,NFL,21,PHI,Eagles,RB,Dameon,Pierce,2000-02-19,"5' 10""",218.0,39,Florida,USA,"Bainbridge, GA",2020,4360238,NULL,NULL
4698119,NFL,21,PHI,Eagles,OT,Hollin,Pierce,2001-04-19,"6' 8""",341.0,63,Rutgers,USA,"Trenton, NJ",2024,4698119,NULL,NULL
4431529,NFL,21,PHI,Eagles,G,Jaeden,Roberts,NULL,"6' 5""",327.0,NULL,Alabama,USA,"Houston, TX",2025,4431529,NULL,NULL
4431545,NFL,21,PHI,Eagles,RB,Will,Shipley,2002-08-29,"5' 11""",209.0,28,Clemson,USA,"Weddington, NC",2022,4431545,NULL,NULL
4250764,NFL,21,PHI,Eagles,TE,Stone,Smartt,1998-10-04,"6' 4""",226.0,87,Old Dominion,USA,"Sacramento, CA",2020,4250764,NULL,NULL
4241478,NFL,21,PHI,Eagles,WR,DeVonta,Smith,1998-11-14,"6' 0""",170.0,6,Alabama,USA,"Amite, LA",2019,4241478,NULL,NULL
4714365,NFL,21,PHI,Eagles,RB,Carson,Steele,2002-10-21,"6' 0""",228.0,34,UCLA,USA,"Greenwood, IN",2023,4714365,NULL,NULL
4362805,NFL,21,PHI,Eagles,G,Tyler,Steen,2000-06-24,"6' 6""",321.0,56,Alabama,USA,"Miami, FL",2021,4362805,NULL,NULL
4431574,NFL,21,PHI,Eagles,TE,Eli,Stowers,2003-04-15,"6' 4""",235.0,87,Vanderbilt,USA,"Denton, TX",2025,4431574,NULL,NULL
4027873,NFL,21,PHI,Eagles,WR,Samori,Toure,1998-03-24,"6' 1""",196.0,89,Nebraska,USA,"Portland, OR",2022,4027873,NULL,NULL
4050373,NFL,21,PHI,Eagles,WR,Quez,Watkins,1998-06-09,"6' 0""",193.0,86,Southern Miss,USA,"Athens, AL",2020,4050373,NULL,NULL
4428850,NFL,21,PHI,Eagles,WR,Dontayvion,Wicks,2001-06-16,"6' 1""",206.0,NULL,Virginia,USA,"Plaquemine, LA",2021,4428850,NULL,NULL
4685590,NFL,21,PHI,Eagles,OT,Cameron,Williams,2003-10-16,"6' 5""",317.0,73,Texas,USA,"Duncanville, TX",2023,4685590,NULL,NULL
4686104,NFL,21,PHI,Eagles,WR,Johnny,Wilson,2001-04-03,"6' 6""",228.0,89,Florida State,USA,"Pacoima, CA",2022,4686104,NULL,NULL
4838696,NFL,21,PHI,Eagles,TE,Dae'Quan,Wright,NULL,"6' 4""",255.0,NULL,Ole Miss,USA,"Perry, GA",2025,4838696,NULL,NULL
3917657,NFL,21,PHI,Eagles,LB,Zack,Baun,1996-12-30,"6' 3""",225.0,53,Wisconsin,USA,"Brown Deer, WI",2020,3917657,NULL,NULL
4686911,NFL,21,PHI,Eagles,CB,Jakorian,Bennett,2000-08-23,"5' 10""",200.0,23,Maryland,USA,"Mobile, AL",2021,4686911,NULL,NULL
5344966,NFL,21,PHI,Eagles,DT,Uar,Bernard,NULL,"6' 4""",306.0,93,NULL,Nigeria,Abuja,2025,5344966,NULL,NULL
4372051,NFL,21,PHI,Eagles,LB,Chance,Campbell,1999-10-08,"6' 2""",232.0,59,Ole Miss,USA,"Ellicott City, MD",2021,4372051,NULL,NULL
4685287,NFL,21,PHI,Eagles,LB,Jihaad,Campbell,2004-02-24,"6' 3""",235.0,30,Alabama,USA,"Erial, NJ",2023,4685287,NULL,NULL
4685759,NFL,21,PHI,Eagles,DT,Jalen,Carter,2001-04-04,"6' 3""",314.0,98,Georgia,USA,"Apopka, FL",2021,4685759,NULL,NULL
4240456,NFL,21,PHI,Eagles,CB,Michael,Carter II,1999-03-08,"5' 10""",184.0,35,Duke,USA,"Douglasville, GA",2019,4240456,NULL,NULL
4259590,NFL,21,PHI,Eagles,CB,Tariq,Castro-Fields,1999-01-14,"6' 1""",197.0,41,Penn State,USA,"Upper Marlboro, MD",2022,4259590,NULL,NULL
4381558,NFL,21,PHI,Eagles,DT,Jordan,Davis,2000-01-12,"6' 6""",336.0,90,Georgia,USA,"Charlotte, NC",2020,4381558,NULL,NULL
4682618,NFL,21,PHI,Eagles,CB,Cooper,DeJean,2003-02-09,"6' 0""",198.0,33,Iowa,USA,"Odebolt, IA",2022,4682618,NULL,NULL
4257591,NFL,21,PHI,Eagles,LB,Arnold,Ebiketie,1999-01-24,"6' 3""",256.0,17,Penn State,USA,"Silver Spring, MD",2020,4257591,NULL,NULL
4240585,NFL,21,PHI,Eagles,DE,AJ,Epenesa,1998-09-15,"6' 6""",260.0,NULL,Iowa,USA,"Glen Carbon, IL",2020,4240585,NULL,NULL
3139368,NFL,21,PHI,Eagles,S,Marcus,Epps,1996-01-27,"6' 0""",198.0,29,Wyoming,USA,"Los Angeles, CA",2019,3139368,NULL,NULL
4262197,NFL,21,PHI,Eagles,DE,Ta'Quon,Graham,1998-12-01,"6' 4""",294.0,NULL,Texas,USA,"Temple, TX",2019,4262197,NULL,NULL
3115481,NFL,21,PHI,Eagles,S,J.T.,Gray,1996-01-18,"6' 0""",202.0,48,Mississippi State,USA,"Clarksdale, MS",2018,3115481,NULL,NULL
3916409,NFL,21,PHI,Eagles,LB,Jonathan,Greenard,1997-05-25,"6' 3""",259.0,58,Florida,USA,"Hiram, GA",2020,3916409,NULL,NULL
5153072,NFL,21,PHI,Eagles,S,Kapena,Gushiken,NULL,"6' 0""",185.0,NULL,Ole Miss,USA,"Pukalani, HI",2025,5153072,NULL,NULL
4429731,NFL,21,PHI,Eagles,DT,Gabe,Hall,2001-01-12,"6' 6""",295.0,96,Baylor,USA,"Waller, TX",2024,4429731,NULL,NULL
4571162,NFL,21,PHI,Eagles,LB,Jalyx,Hunt,2001-03-13,"6' 3""",252.0,58,Houston Christian,USA,"Debary, FL",2022,4571162,NULL,NULL
5165139,NFL,21,PHI,Eagles,LB,Keyshawn,James-Newby,NULL,"6' 2""",244.0,50,New Mexico,USA,"Helena, MT",2025,5165139,NULL,NULL
2971027,NFL,21,PHI,Eagles,CB,Jonathan,Jones,1993-09-20,"5' 10""",190.0,32,Auburn,USA,"Carrollton, GA",2016,2971027,NULL,NULL
4432725,NFL,21,PHI,Eagles,LB,Deontae,Lawson,NULL,"6' 2""",228.0,NULL,Alabama,USA,"Mobile, AL",2025,4432725,NULL,NULL
4689651,NFL,21,PHI,Eagles,CB,Mac,McWilliams,2001-11-29,"5' 10""",191.0,22,UCF,USA,"Pensacola, FL",2023,4689651,NULL,NULL
4686273,NFL,21,PHI,Eagles,CB,Quinyon,Mitchell,2001-07-18,"6' 0""",193.0,27,Toledo,USA,"Williston, FL",2022,4686273,NULL,NULL
4431573,NFL,21,PHI,Eagles,LB,Smael,Mondon Jr.,2003-02-13,"6' 2""",224.0,42,Georgia,USA,"Dallas, GA",2023,4431573,NULL,NULL
4602197,NFL,21,PHI,Eagles,S,Andrew,Mukuba,2002-12-07,"5' 11""",186.0,24,Texas,Zimbabwe,Harare,2023,4602197,NULL,NULL
4362116,NFL,21,PHI,Eagles,DT,Moro,Ojomo,2001-08-15,"6' 3""",292.0,97,Texas,USA,"Katy, TX",2021,4362116,NULL,NULL
5082391,NFL,21,PHI,Eagles,S,Maximus,Pulley,NULL,"5' 11""",200.0,NULL,Wofford,USA,"Fort Worth, TX",2025,5082391,NULL,NULL
4569068,NFL,21,PHI,Eagles,LB,Jose,Ramirez,1999-05-09,"6' 2""",252.0,43,Eastern Michigan,USA,"Lake Alfred, FL",2024,4569068,NULL,NULL
4428992,NFL,21,PHI,Eagles,CB,Kelee,Ringo,2002-06-27,"6' 2""",207.0,7,Georgia,USA,"Tacoma, WA",2021,4428992,NULL,NULL
4569586,NFL,21,PHI,Eagles,DT,Ty,Robinson,2001-05-03,"6' 5""",288.0,95,Nebraska,USA,"Gilbert, AZ",2023,4569586,NULL,NULL
4250510,NFL,21,PHI,Eagles,S,Andre',Sam,1999-02-09,"5' 10""",194.0,31,LSU,USA,"Iowa, LA",2024,4250510,NULL,NULL
4426331,NFL,21,PHI,Eagles,LB,Nolan,Smith Jr.,2001-01-18,"6' 2""",238.0,3,Georgia,USA,"Savannah, GA",2021,4426331,NULL,NULL
4258209,NFL,21,PHI,Eagles,CB,Ambry,Thomas,1999-09-09,"6' 0""",190.0,NULL,Michigan,USA,"Detroit, MI",2020,4258209,NULL,NULL
4432777,NFL,21,PHI,Eagles,LB,Jeremiah,Trotter Jr.,2002-12-24,"6' 0""",225.0,54,Clemson,USA,"Hainesport, NJ",2022,4432777,NULL,NULL
4241995,NFL,21,PHI,Eagles,CB,Shaun,Wade,1998-09-16,"6' 1""",196.0,NULL,Ohio State,USA,"Jacksonville, FL",2021,4241995,NULL,NULL
5344965,NFL,21,PHI,Eagles,DE,Joshua,Weru,NULL,"6' 4""",244.0,NULL,NULL,Kenya,Nairobi,2025,5344965,NULL,NULL
4872850,NFL,21,PHI,Eagles,DT,Zion,Wilson,NULL,"6' 3""",318.0,NULL,East Carolina,USA,"Belhaven, NC",2025,4872850,NULL,NULL
4693345,NFL,21,PHI,Eagles,S,Cole,Wisniewski,NULL,"6' 4""",220.0,21,Texas Tech,USA,"Sparta, WI",2025,4693345,NULL,NULL
4245185,NFL,21,PHI,Eagles,CB,Riq,Woolen,1999-05-02,"6' 4""",210.0,2,UTSA,USA,"Fort Worth, TX",2020,4245185,NULL,NULL
4567123,NFL,21,PHI,Eagles,DT,Byron,Young,2000-11-10,"6' 3""",292.0,94,Alabama,USA,"Laurel, MS",2021,4567123,NULL,NULL
3050478,NFL,21,PHI,Eagles,PK,Jake,Elliott,1995-01-21,"5' 9""",167.0,4,Memphis,USA,"Western Springs, IL",2017,3050478,NULL,NULL
4035239,NFL,21,PHI,Eagles,P,Braden,Mann,1997-11-24,"5' 11""",198.0,10,Texas A&M,USA,"Houston, TX",2020,4035239,NULL,NULL
4686566,NFL,21,PHI,Eagles,LS,Rocco,Underwood,NULL,"6' 3""",231.0,NULL,Florida,USA,"Lake Mary, FL",2025,4686566,NULL,NULL
4878896,NFL,21,PHI,Eagles,S,Tucker,Large,NULL,"5' 11""",183.0,NULL,Washington State,USA,"Sioux Falls, SD",2025,4878896,NULL,NULL
4714771,NFL,23,PIT,Steelers,QB,Drew,Allar,2004-03-08,"6' 5""",228.0,16,Penn State,USA,"Medina, OH",2025,4714771,NULL,NULL
4372056,NFL,23,PIT,Steelers,G,Spencer,Anderson,2000-06-07,"6' 5""",305.0,74,Maryland,USA,"Bowie, MD",2021,4372056,NULL,NULL
4429262,NFL,23,PIT,Steelers,TE,Jaheim,Bell,2001-06-14,"6' 2""",241.0,82,Florida State,USA,"Lake City, FL",2023,4429262,NULL,NULL
4685261,NFL,23,PIT,Steelers,WR,Germie,Bernard,2003-12-02,"6' 1""",206.0,17,Alabama,USA,"Las Vegas, NV",2025,4685261,NULL,NULL
5192448,NFL,23,PIT,Steelers,WR,Cole,Burgess,2000-02-11,"6' 1""",192.0,85,Cortland,USA,"Cold Brook, NY",2024,5192448,NULL,NULL
4570898,NFL,23,PIT,Steelers,OT,Dylan,Cook,1998-01-11,"6' 6""",305.0,60,Montana,USA,"Butte, MT",2022,4570898,NULL,NULL
4432684,NFL,23,PIT,Steelers,C,Greg,Crippen,NULL,"6' 4""",309.0,61,Michigan,USA,"Northborough, MA",2025,4432684,NULL,NULL
4696907,NFL,23,PIT,Steelers,WR,Joaquin,Davis,2002-08-18,"6' 4""",195.0,NULL,North Carolina Central,USA,"Durham, NC",2024,4696907,NULL,NULL
4038815,NFL,23,PIT,Steelers,RB,Rico,Dowdle,1998-06-14,"5' 11""",215.0,13,South Carolina,USA,"Asheville, NC",2020,4038815,NULL,NULL
3932668,NFL,23,PIT,Steelers,OT,Jack,Driscoll,1997-04-01,"6' 5""",312.0,68,Auburn,USA,"Madison, CT",2020,3932668,NULL,NULL
4431258,NFL,23,PIT,Steelers,G,Gennings,Dunker,2003-05-08,"6' 5""",319.0,73,Iowa,USA,"Lena, IL",2025,4431258,NULL,NULL
4427170,NFL,23,PIT,Steelers,OT,Troy,Fautanu,2000-10-11,"6' 4""",317.0,76,Washington,USA,"Henderson, NV",2022,4427170,NULL,NULL
4429775,NFL,23,PIT,Steelers,C,Zach,Frazier,2001-08-29,"6' 3""",310.0,54,West Virginia,USA,"Fairmont, WV",2022,4429775,NULL,NULL
4361411,NFL,23,PIT,Steelers,TE,Pat,Freiermuth,1998-10-25,"6' 5""",258.0,88,Penn State,USA,"Merrimac, MA",2019,4361411,NULL,NULL
4695800,NFL,23,PIT,Steelers,TE,JJ,Galbreath,2001-08-05,"6' 4""",240.0,45,South Dakota,USA,"Arvada, CO",2024,4695800,NULL,NULL
5081508,NFL,23,PIT,Steelers,RB,Eli,Heidenreich,NULL,"6' 0""",198.0,29,Navy,USA,"Pittsburgh, PA",2025,5081508,NULL,NULL
4241087,NFL,23,PIT,Steelers,C,Brock,Hoffman,1999-07-02,"6' 4""",302.0,67,Virginia Tech,USA,"Statesville, NC",2020,4241087,NULL,NULL
4037457,NFL,23,PIT,Steelers,RB,Travis,Homer,1998-08-07,"5' 10""",202.0,21,Miami,USA,"West Palm Beach, FL",2019,4037457,NULL,NULL
4429955,NFL,23,PIT,Steelers,QB,Will,Howard,2001-09-24,"6' 4""",236.0,18,Ohio State,USA,"Downingtown, PA",2023,4429955,NULL,NULL
4694237,NFL,23,PIT,Steelers,RB,Max,Hurleman,2001-10-19,"5' 11""",200.0,84,Notre Dame,USA,"Wyomissing, PA",2024,4694237,NULL,NULL
5150136,NFL,23,PIT,Steelers,OT,Max,Iheanachor,2003-10-19,"6' 6""",321.0,71,Arizona State,USA,"Los Angeles, CA",2025,5150136,NULL,NULL
4819231,NFL,23,PIT,Steelers,RB,Kaleb,Johnson,2003-08-14,"6' 1""",224.0,20,Iowa,USA,"Hamilton, OH",2023,4819231,NULL,NULL
4428990,NFL,23,PIT,Steelers,OT,Broderick,Jones,2001-05-16,"6' 5""",311.0,77,Georgia,USA,"Lithonia, GA",2021,4428990,NULL,NULL
4373830,NFL,23,PIT,Steelers,G,Steven,Jones,2000-09-06,"6' 5""",340.0,79,Oregon,USA,"Temecula, CA",2024,4373830,NULL,NULL
4035253,NFL,23,PIT,Steelers,C,Ryan,McCollum,1998-03-04,"6' 5""",300.0,62,Texas A&M,USA,"Spring, TX",2021,4035253,NULL,NULL
4368304,NFL,23,PIT,Steelers,G,Mason,McCormick,2000-05-25,"6' 5""",315.0,66,South Dakota State,USA,"Sioux Falls, SD",2022,4368304,NULL,NULL
4566198,NFL,23,PIT,Steelers,TE,Lake,McRee,NULL,"6' 4""",243.0,81,USC,USA,"Austin, TX",2025,4566198,NULL,NULL
4047650,NFL,23,PIT,Steelers,WR,DK,Metcalf,1997-12-14,"6' 4""",229.0,4,Ole Miss,USA,"Oxford, MS",2019,4047650,NULL,NULL
4426368,NFL,23,PIT,Steelers,G,Doug,Nester,2000-08-07,"6' 6""",306.0,72,West Virginia,USA,"Kenova, WV",2024,4426368,NULL,NULL
4428119,NFL,23,PIT,Steelers,RB,Lew,Nichols,2001-08-16,"5' 10""",220.0,35,Central Michigan,USA,"Detroit, MI",2024,4428119,NULL,NULL
4693370,NFL,23,PIT,Steelers,FB,Riley,Nowakowski,NULL,"6' 2""",250.0,37,Indiana,USA,"Milwaukee, WI",2025,4693370,NULL,NULL
4362019,NFL,23,PIT,Steelers,WR,A.T.,Perry,1999-10-26,"6' 5""",205.0,27,Wake Forest,USA,"Lake Worth, FL",2023,4362019,NULL,NULL
4035687,NFL,23,PIT,Steelers,WR,Michael,Pittman Jr.,1997-10-05,"6' 4""",223.0,11,USC,USA,"Woodland Hills, CA",2020,4035687,NULL,NULL
8439,NFL,23,PIT,Steelers,QB,Aaron,Rodgers,1983-12-02,"6' 2""",223.0,8,California,USA,"Chico, CA",2005,8439,NULL,NULL
3116407,NFL,23,PIT,Steelers,QB,Mason,Rudolph,1995-07-17,"6' 5""",235.0,2,Oklahoma State,USA,"Rock Hill, SC",2018,3116407,NULL,NULL
4035656,NFL,23,PIT,Steelers,WR,Ben,Skowronek,1997-06-27,"6' 3""",224.0,15,Notre Dame,USA,"Fort Wayne, IN",2019,4035656,NULL,NULL
4240577,NFL,23,PIT,Steelers,WR,Brandon,Smith,1998-12-10,"6' 2""",220.0,87,Iowa,USA,"Lake Cormorant, MS",2024,4240577,NULL,NULL
4367040,NFL,23,PIT,Steelers,OT,Lorenzo,Thompson,2000-06-21,"6' 6""",305.0,69,Rhode Island,USA,"Syracuse, NY",2024,4367040,NULL,NULL
2975674,NFL,23,PIT,Steelers,TE,Robert,Tonyan,1994-04-30,"6' 5""",240.0,85,Indiana State,USA,"Mchenry, IL",2017,2975674,NULL,NULL
4569987,NFL,23,PIT,Steelers,RB,Jaylen,Warren,1998-11-01,"5' 8""",215.0,30,Oklahoma State,USA,"Salt Lake City, UT",2020,4569987,NULL,NULL
4430802,NFL,23,PIT,Steelers,TE,Darnell,Washington,2001-08-17,"6' 7""",264.0,80,Georgia,USA,"Las Vegas, NV",2021,4430802,NULL,NULL
4613132,NFL,23,PIT,Steelers,WR,Levi,Wentz,NULL,"6' 2""",205.0,NULL,Kansas,USA,"Pittsburgh, PA",2025,4613132,NULL,NULL
5081338,NFL,23,PIT,Steelers,WR,Kaden,Wetjen,NULL,"5' 9""",196.0,10,Iowa,USA,"Williamsburg, IA",2025,5081338,NULL,NULL
4431492,NFL,23,PIT,Steelers,WR,Roman,Wilson,2001-06-19,"5' 10""",186.0,14,Michigan,USA,"Honolulu, HI",2022,4431492,NULL,NULL
4573443,NFL,23,PIT,Steelers,DT,Kyler,Baugh,2001-11-28,"6' 2""",305.0,65,Minnesota,USA,"Talihina, OK",2024,4573443,NULL,NULL
4426694,NFL,23,PIT,Steelers,DT,Keeanu,Benton,2001-07-17,"6' 4""",309.0,95,Wisconsin,USA,"Janesville, WI",2021,4426694,NULL,NULL
4430947,NFL,23,PIT,Steelers,DE,Yahya,Black,2002-04-21,"6' 5""",336.0,94,Iowa,USA,"Marshall, MN",2023,4430947,NULL,NULL
4430961,NFL,23,PIT,Steelers,CB,Devan,Boykin,NULL,"5' 10""",195.0,40,Indiana,USA,"Greensboro, NC",2025,4430961,NULL,NULL
4570044,NFL,23,PIT,Steelers,S,Jaquan,Brisker,1999-04-20,"6' 1""",204.0,3,Penn State,USA,"Pittsburgh, PA",2020,4570044,NULL,NULL
4429490,NFL,23,PIT,Steelers,LB,Carson,Bruener,2001-06-05,"6' 1""",227.0,44,Washington,USA,"Woodinville, WA",2023,4429490,NULL,NULL
4426882,NFL,23,PIT,Steelers,S,Sebastian,Castro,2000-10-14,"5' 11""",203.0,49,Iowa,USA,"Oak Lawn, IL",2023,4426882,NULL,NULL
4240778,NFL,23,PIT,Steelers,LB,Jamin,Davis,1998-12-12,"6' 4""",234.0,NULL,Kentucky,USA,"Ludowici, GA",2020,4240778,NULL,NULL
3873935,NFL,23,PIT,Steelers,CB,Jamel,Dean,1996-10-15,"6' 1""",206.0,35,Auburn,USA,"Cocoa, FL",2019,3873935,NULL,NULL
4567979,NFL,23,PIT,Steelers,CB,Brandin,Echols,1997-10-16,"5' 10""",179.0,26,Kentucky,USA,"Memphis, TN",2019,4567979,NULL,NULL
3929846,NFL,23,PIT,Steelers,S,DeShon,Elliott,1997-04-21,"6' 0""",210.0,25,Texas,USA,"Rockwall, TX",2018,3929846,NULL,NULL
4685327,NFL,23,PIT,Steelers,CB,Daylen,Everette,2004-05-06,"6' 1""",196.0,23,Georgia,USA,"Norfolk, VA",2025,4685327,NULL,NULL
4372378,NFL,23,PIT,Steelers,DE,Anthony,Goodlow,2000-07-25,"6' 5""",283.0,72,Oklahoma State,USA,"Del City, OK",2024,4372378,NULL,NULL
4682980,NFL,23,PIT,Steelers,DT,Derrick,Harmon,2003-08-03,"6' 4""",313.0,99,Oregon,USA,"Detroit, MI",2023,4682980,NULL,NULL
4040615,NFL,23,PIT,Steelers,LB,Malik,Harrison,1998-03-05,"6' 3""",247.0,39,Ohio State,USA,"Columbus, OH",2020,4040615,NULL,NULL
4432709,NFL,23,PIT,Steelers,CB,Ahmari,Harvey,NULL,"6' 0""",195.0,NULL,Georgia Tech,USA,"Tallahassee, FL",2025,4432709,NULL,NULL
4696820,NFL,23,PIT,Steelers,S,Jack,Henderson,2001-12-26,"6' 2""",215.0,48,Minnesota,USA,"Mandeville, LA",2024,4696820,NULL,NULL
4429164,NFL,23,PIT,Steelers,LB,Nick,Herbig,2001-11-21,"6' 2""",240.0,51,Wisconsin,USA,"Kauai, HI",2021,4429164,NULL,NULL
13977,NFL,23,PIT,Steelers,DT,Cameron,Heyward,1989-05-06,"6' 5""",295.0,97,Ohio State,USA,"Suwanee, GA",2011,13977,NULL,NULL
4037333,NFL,23,PIT,Steelers,LB,Alex,Highsmith,1997-08-07,"6' 4""",242.0,56,Charlotte,USA,"Wilmington, NC",2020,4037333,NULL,NULL
3116689,NFL,23,PIT,Steelers,LB,Cole,Holcomb,1996-07-30,"6' 1""",240.0,55,North Carolina,USA,"New Smyrna Beach, FL",2019,3116689,NULL,NULL
4362082,NFL,23,PIT,Steelers,CB,D'Shawn,Jamison,1999-06-04,"5' 9""",186.0,38,Texas,USA,"Houston, TX",2023,4362082,NULL,NULL
5084849,NFL,23,PIT,Steelers,DT,Kevin,Jobity Jr.,NULL,"6' 4""",300.0,92,Syracuse,USA,"Buffalo, NY",2025,5084849,NULL,NULL
3047495,NFL,23,PIT,Steelers,DT,Sebastian,Joseph-Day,1995-03-21,"6' 4""",310.0,69,Rutgers,USA,"Stroudsburg, PA",2018,3047495,NULL,NULL
4608004,NFL,23,PIT,Steelers,CB,Donte,Kent,2001-09-28,"5' 10""",189.0,34,Central Michigan,USA,"Harrisburg, PA",2023,4608004,NULL,NULL
4569474,NFL,23,PIT,Steelers,DT,Logan,Lee,2000-06-12,"6' 5""",286.0,91,Iowa,USA,"Orion, IL",2022,4569474,NULL,NULL
2974348,NFL,23,PIT,Steelers,DT,Dean,Lowry,1994-06-09,"6' 6""",296.0,94,Northwestern,USA,"Rockford, IL",2016,2974348,NULL,NULL
4565353,NFL,23,PIT,Steelers,CB,Tamon,Lynum,NULL,"6' 2""",185.0,42,Pittsburgh,USA,"Orlando, FL",2025,4565353,NULL,NULL
4240759,NFL,23,PIT,Steelers,DT,Esezi,Otomewo,1999-03-09,"6' 5""",282.0,93,Minnesota,USA,"Indianapolis, IN",2021,4240759,NULL,NULL
4691005,NFL,23,PIT,Steelers,CB,Daryl,Porter Jr.,2002-02-03,"5' 10""",185.0,NULL,Miami,USA,"Fort Lauderdale, FL",2024,4691005,NULL,NULL
4426506,NFL,23,PIT,Steelers,CB,Joey,Porter Jr.,2000-07-26,"6' 2""",193.0,24,Penn State,USA,"Bakersfield, CA",2021,4426506,NULL,NULL
4242207,NFL,23,PIT,Steelers,LB,Patrick,Queen,1999-08-13,"6' 0""",232.0,6,LSU,USA,"Ventress, LA",2020,4242207,NULL,NULL
3045373,NFL,23,PIT,Steelers,CB,Jalen,Ramsey,1994-10-24,"6' 1""",211.0,5,Florida State,USA,"Smyrna, TN",2016,3045373,NULL,NULL
4431533,NFL,23,PIT,Steelers,DE,Gabriel,Rubio,NULL,"6' 5""",321.0,96,Notre Dame,USA,"St. Louis, MO",2025,4431533,NULL,NULL
4363034,NFL,23,PIT,Steelers,CB,Asante,Samuel Jr.,1999-10-03,"5' 10""",180.0,22,Florida State,USA,"Sunrise, FL",2019,4363034,NULL,NULL
3915419,NFL,23,PIT,Steelers,S,Darnell,Savage,1997-07-30,"5' 11""",198.0,NULL,Maryland,USA,"Newark, DE",2019,3915419,NULL,NULL
4431590,NFL,23,PIT,Steelers,LB,Jack,Sawyer,2002-05-06,"6' 4""",260.0,33,Ohio State,USA,"Pickerington, OH",2023,4431590,NULL,NULL
4692628,NFL,23,PIT,Steelers,CB,Doneiko,Slaughter,2001-11-08,"6' 0""",190.0,19,Arkansas,USA,"Roswell, GA",2024,4692628,NULL,NULL
4820584,NFL,23,PIT,Steelers,S,Robert,Spears-Jennings,NULL,"6' 1""",205.0,28,Oklahoma,USA,"Broken Arrow, OK",2025,4820584,NULL,NULL
3045282,NFL,23,PIT,Steelers,LB,T.J.,Watt,1994-10-11,"6' 4""",252.0,90,Wisconsin,USA,"Pewaukee, WI",2017,3045282,NULL,NULL
4372098,NFL,23,PIT,Steelers,LB,Julius,Welschof,1997-03-12,"6' 6""",265.0,45,Charlotte,Germany,Miesbach,2024,4372098,NULL,NULL
4361652,NFL,23,PIT,Steelers,LB,Payton,Wilson,2000-04-21,"6' 4""",242.0,41,NC State,USA,"Hillsborough, NC",2022,4361652,NULL,NULL
4428909,NFL,23,PIT,Steelers,LB,Jacoby,Windmon,2001-08-20,"6' 2""",250.0,NULL,Michigan State,USA,"New Orleans, LA",2023,4428909,NULL,NULL
17372,NFL,23,PIT,Steelers,PK,Chris,Boswell,1991-03-16,"6' 2""",185.0,9,Rice,USA,"Keller, TX",2014,17372,NULL,NULL
3051397,NFL,23,PIT,Steelers,P,Cameron,Johnston,1992-02-24,"5' 11""",194.0,19,Ohio State,Australia,"Geelong, VIC",2018,3051397,NULL,NULL
2978524,NFL,23,PIT,Steelers,LS,Christian,Kuntz,1994-04-13,"6' 1""",228.0,46,Duquesne,USA,"Pittsburgh, PA",2018,2978524,NULL,NULL
4710727,NFL,23,PIT,Steelers,PK,Laith,Marjan,NULL,"6' 2""",210.0,34,Kansas,USA,"Raleigh, NC",2025,4710727,NULL,NULL
4429743,NFL,23,PIT,Steelers,CB,Daequan,Hardy,2001-06-13,"5' 9""",178.0,31,Penn State,USA,"Pittsburgh, PA",2024,4429743,NULL,NULL
4360438,NFL,25,SF,49ers,WR,Brandon,Aiyuk,1998-03-17,"6' 0""",200.0,11,Arizona State,USA,"Rocklin, CA",2020,4360438,NULL,NULL
4686629,NFL,25,SF,49ers,OT,Isaac,Alarcon,1998-07-27,"6' 7""",320.0,67,NULL,Mexico,Monterrey,2020,4686629,NULL,NULL
4887918,NFL,25,SF,49ers,WR,Junior,Bergen,2002-10-23,"5' 9""",184.0,86,Montana,USA,"Billings, MT",2024,4887918,NULL,NULL
4696044,NFL,25,SF,49ers,RB,Kaelon,Black,2001-10-17,"5' 9""",208.0,26,Indiana,USA,"Virginia Beach, VA",2025,4696044,NULL,NULL
2577185,NFL,25,SF,49ers,C,Jake,Brendel,1992-09-10,"6' 4""",299.0,64,UCLA,USA,"Plano, TX",2016,2577185,NULL,NULL
4431523,NFL,25,SF,49ers,G,Connor,Colby,2003-01-16,"6' 5""",309.0,75,Iowa,USA,"Cedar Rapids, IA",2023,4431523,NULL,NULL
4575665,NFL,25,SF,49ers,WR,Jacob,Cowing,2001-02-04,"5' 9""",171.0,19,Arizona,USA,"Maricopa, AZ",2022,4575665,NULL,NULL
4691556,NFL,25,SF,49ers,OT,Enrique,Cruz Jr.,NULL,"6' 5""",313.0,69,Kansas,USA,"Chicago, IL",2025,4691556,NULL,NULL
4699678,NFL,25,SF,49ers,TE,Khalil,Dinkins,NULL,"6' 4""",226.0,NULL,Penn State,USA,"Wexford, PA",2025,4699678,NULL,NULL
4250945,NFL,25,SF,49ers,WR,Colton,Dowell,1999-04-19,"6' 3""",212.0,84,UT Martin,USA,"Lebanon, TN",2023,4250945,NULL,NULL
16737,NFL,25,SF,49ers,WR,Mike,Evans,1993-08-21,"6' 5""",231.0,5,Texas A&M,USA,"Galveston, TX",2014,16737,NULL,NULL
4040612,NFL,25,SF,49ers,TE,Luke,Farrell,1997-10-14,"6' 5""",250.0,89,Ohio State,USA,"Perry, OH",2019,4040612,NULL,NULL
4888723,NFL,25,SF,49ers,WR,Wesley,Grimes,NULL,"6' 2""",193.0,NULL,NC State,USA,"Raleigh, NC",2025,4888723,NULL,NULL
4372561,NFL,25,SF,49ers,RB,Isaac,Guerendo,2000-06-28,"6' 0""",221.0,31,Louisville,USA,"Clayton, IN",2022,4372561,NULL,NULL
4685397,NFL,25,SF,49ers,RB,Jordan,James,2004-03-29,"5' 9""",208.0,29,Oregon,USA,"Nashville, TN",2023,4685397,NULL,NULL
4241464,NFL,25,SF,49ers,QB,Mac,Jones,1998-09-05,"6' 3""",220.0,10,Alabama,USA,"Jacksonville, FL",2019,4241464,NULL,NULL
4570495,NFL,25,SF,49ers,G,Robert,Jones,1999-01-28,"6' 4""",322.0,65,Middle Tennessee,USA,"Chicago, IL",2019,4570495,NULL,NULL
16002,NFL,25,SF,49ers,FB,Kyle,Juszczyk,1991-04-23,"6' 2""",235.0,44,Harvard,USA,"Medina, OH",2013,16002,NULL,NULL
3895856,NFL,25,SF,49ers,WR,Christian,Kirk,1996-11-18,"5' 11""",200.0,3,Texas A&M,USA,"Scottsdale, AZ",2018,3895856,NULL,NULL
3040151,NFL,25,SF,49ers,TE,George,Kittle,1993-10-09,"6' 4""",250.0,85,Iowa,USA,"Norman, OK",2017,3040151,NULL,NULL
4240554,NFL,25,SF,49ers,OT,Vederian,Lowe,1999-04-17,"6' 6""",320.0,76,Illinois,USA,"Rockford, IL",2020,4240554,NULL,NULL
4361182,NFL,25,SF,49ers,QB,Adrian,Martinez,2000-01-07,"6' 2""",220.0,4,Kansas State,USA,"Fresno, CA",2023,4361182,NULL,NULL
3117251,NFL,25,SF,49ers,RB,Christian,McCaffrey,1996-06-07,"5' 11""",210.0,23,Stanford,USA,"Castle Rock, CO",2017,3117251,NULL,NULL
4430104,NFL,25,SF,49ers,RB,Sincere,McCormick,2000-09-10,"5' 8""",204.0,NULL,UTSA,USA,"Converse, TX",2022,4430104,NULL,NULL
3916075,NFL,25,SF,49ers,OT,Colton,McKivitz,1996-08-09,"6' 6""",301.0,68,West Virginia,USA,"Jacobsburg, OH",2020,3916075,NULL,NULL
4428144,NFL,25,SF,49ers,C,Drake,Nugent,2001-02-09,"6' 1""",300.0,66,Michigan,USA,"Lone Tree, CO",2024,4428144,NULL,NULL
3072292,NFL,25,SF,49ers,OT,Brandon,Parker,1995-10-21,"6' 8""",320.0,60,North Carolina A&T,USA,"Kannapolis, NC",2018,3072292,NULL,NULL
4683114,NFL,25,SF,49ers,WR,Will,Pauling,NULL,"5' 9""",183.0,4,Notre Dame,USA,"Chicago, IL",2025,4683114,NULL,NULL
4428209,NFL,25,SF,49ers,WR,Ricky,Pearsall,2000-09-09,"6' 1""",189.0,1,Florida,USA,"Chandler, AZ",2022,4428209,NULL,NULL
3920814,NFL,25,SF,49ers,OT,Austen,Pleasants,1997-08-22,"6' 7""",330.0,62,Ohio,USA,"Ironton, OH",2020,3920814,NULL,NULL
5092959,NFL,25,SF,49ers,G,Dominick,Puni,2000-02-24,"6' 5""",313.0,77,Kansas,USA,"Saint Charles, MO",2022,5092959,NULL,NULL
4361741,NFL,25,SF,49ers,QB,Brock,Purdy,1999-12-27,"6' 1""",220.0,13,Iowa State,USA,"Gilbert, AZ",2020,4361741,NULL,NULL
3043116,NFL,25,SF,49ers,WR,Demarcus,Robinson,1994-09-21,"6' 1""",202.0,7,Florida,USA,"Fort Valley, GA",2016,3043116,NULL,NULL
4430431,NFL,25,SF,49ers,QB,Kurtis,Rourke,2000-10-25,"6' 4""",220.0,14,Indiana,Canada,"Oakville, ON",2024,4430431,NULL,NULL
4428396,NFL,25,SF,49ers,TE,Hayden,Rucci,2001-01-27,"6' 5""",247.0,83,Wisconsin,USA,"Lititz, PA",2024,4428396,NULL,NULL
4710714,NFL,25,SF,49ers,WR,De'Zhaun,Stribling,2002-12-18,"6' 2""",207.0,15,Ole Miss,USA,"Kapolei, HI",2025,4710714,NULL,NULL
4039358,NFL,25,SF,49ers,RB,Patrick,Taylor Jr.,1998-04-29,"6' 2""",217.0,32,Memphis,USA,"Humble, TX",2020,4039358,NULL,NULL
4036834,NFL,25,SF,49ers,OT,Zach,Thomas,1998-05-26,"6' 5""",308.0,61,San Diego State,USA,"Carlsbad, CA",2021,4036834,NULL,NULL
4259147,NFL,25,SF,49ers,TE,Jake,Tonges,1999-07-08,"6' 4""",240.0,88,California,USA,"Los Gatos, CA",2021,4259147,NULL,NULL
3129116,NFL,25,SF,49ers,C,Brett,Toth,1996-09-01,"6' 6""",304.0,74,Army,USA,"Charleston, SC",2019,3129116,NULL,NULL
3115928,NFL,25,SF,49ers,WR,Malik,Turner,1996-01-30,"6' 2""",202.0,81,Illinois,USA,"Springfield, IL",2018,3115928,NULL,NULL
4431466,NFL,25,SF,49ers,WR,Jordan,Watkins,2002-02-15,"5' 11""",196.0,17,Ole Miss,USA,"Louisville, KY",2023,4431466,NULL,NULL
13241,NFL,25,SF,49ers,OT,Trent,Williams,1988-07-19,"6' 5""",320.0,71,Oklahoma,USA,"Longview, TX",2010,13241,NULL,NULL
4360290,NFL,25,SF,49ers,TE,Brayden,Willis,1999-11-11,"6' 4""",240.0,9,Oklahoma,USA,"Arlington, TX",2021,4360290,NULL,NULL
4565779,NFL,25,SF,49ers,OT,Carver,Willis,NULL,"6' 5""",303.0,74,Washington,USA,"Durango, CO",2025,4565779,NULL,NULL
4247590,NFL,25,SF,49ers,OT,Nick,Zakelj,1999-06-22,"6' 6""",316.0,63,Fordham,USA,"Broadview Heights, OH",2021,4247590,NULL,NULL
4612182,NFL,25,SF,49ers,DT,Evan,Anderson,2002-02-14,"6' 3""",326.0,58,Florida Atlantic,USA,"Orlando, FL",2023,4612182,NULL,NULL
3040506,NFL,25,SF,49ers,CB,Eli,Apple,1995-08-09,"6' 1""",203.0,30,Ohio State,USA,"Voorhees, NJ",2016,3040506,NULL,NULL
4426698,NFL,25,SF,49ers,LB,Tatum,Bethune,2001-02-19,"6' 1""",230.0,48,Florida State,USA,"Miami, FL",2022,4426698,NULL,NULL
4040605,NFL,25,SF,49ers,DE,Nick,Bosa,1997-10-23,"6' 4""",266.0,97,Ohio State,USA,"Fort Lauderdale, FL",2019,4040605,NULL,NULL
4036476,NFL,25,SF,49ers,DE,William,Bradley-King,1997-12-22,"6' 4""",265.0,69,Baylor,USA,"Kansas City, MO",2024,4036476,NULL,NULL
4693644,NFL,25,SF,49ers,S,Ji'Ayir,Brown,2000-01-25,"5' 11""",202.0,27,Penn State,USA,"Trenton, NJ",2021,4693644,NULL,NULL
4429366,NFL,25,SF,49ers,CB,Derrick,Canteen,2001-04-02,"5' 10""",193.0,40,Cincinnati,USA,"Evans, GA",2024,4429366,NULL,NULL
4430835,NFL,25,SF,49ers,DT,Alfred,Collins,2001-10-08,"6' 5""",332.0,95,Texas,USA,"Bastrop, TX",2023,4430835,NULL,NULL
3858271,NFL,25,SF,49ers,S,Ashtyn,Davis,1996-10-10,"6' 1""",205.0,NULL,California,USA,"Santa Cruz, CA",2020,3858271,NULL,NULL
5086161,NFL,25,SF,49ers,LB,Jaden,Dugger,NULL,"6' 4""",240.0,53,Louisiana,USA,"Pittsburgh, PA",2025,5086161,NULL,NULL
4431561,NFL,25,SF,49ers,DT,Bryson,Eason,NULL,"6' 3""",315.0,NULL,Tennessee,USA,"Memphis, TN",2025,4431561,NULL,NULL
4394894,NFL,25,SF,49ers,DE,Andrew,Farmer II,2000-04-19,"6' 4""",250.0,50,Lane College,USA,"Jacksonville, FL",2023,4394894,NULL,NULL
3116097,NFL,25,SF,49ers,LB,Luke,Gifford,1995-08-28,"6' 3""",243.0,51,Nebraska,USA,"Lincoln, NE",2019,3116097,NULL,NULL
3929641,NFL,25,SF,49ers,DT,Kevin,Givens,1997-03-01,"6' 1""",285.0,90,Penn State,USA,"Altoona, PA",2019,3929641,NULL,NULL
4570410,NFL,25,SF,49ers,LB,Jalen,Graham,2001-01-11,"6' 3""",220.0,41,Purdue,USA,"Detroit, MI",2022,4570410,NULL,NULL
4427325,NFL,25,SF,49ers,CB,Renardo,Green,2000-11-09,"6' 0""",186.0,0,Florida State,USA,"Orlando, FL",2022,4427325,NULL,NULL
3916903,NFL,25,SF,49ers,LB,Dre,Greenlaw,1997-05-25,"6' 0""",230.0,57,Arkansas,USA,"Fayetteville, AR",2019,3916903,NULL,NULL
4685369,NFL,25,SF,49ers,DT,Gracen,Halton,NULL,"6' 2""",293.0,93,Oklahoma,USA,"San Diego, CA",2025,4685369,NULL,NULL
4432244,NFL,25,SF,49ers,DE,Romello,Height,2001-04-13,"6' 2""",239.0,94,Texas Tech,USA,"Dublin, GA",2025,4432244,NULL,NULL
4240542,NFL,25,SF,49ers,CB,Nate,Hobbs,1999-06-24,"6' 0""",195.0,22,Illinois,USA,"Louisville, KY",2019,4240542,NULL,NULL
4035686,NFL,25,SF,49ers,CB,Jack,Jones,1997-12-20,"5' 11""",175.0,24,Arizona State,USA,"Long Beach, CA",2020,4035686,NULL,NULL
4696051,NFL,25,SF,49ers,DE,Mikail,Kamara,NULL,"6' 1""",265.0,6,Indiana,USA,"Ashburn, VA",2025,4696051,NULL,NULL
4242488,NFL,25,SF,49ers,CB,Deommodore,Lenoir,1999-10-06,"5' 10""",200.0,2,Oregon,USA,"Los Angeles, CA",2019,4242488,NULL,NULL
4685978,NFL,25,SF,49ers,CB,Darrell,Luter Jr.,2000-04-24,"6' 0""",190.0,28,South Alabama,USA,"Hattiesburg, MS",2021,4685978,NULL,NULL
4573188,NFL,25,SF,49ers,LB,Nick,Martin,2002-10-13,"5' 11""",221.0,45,Oklahoma State,USA,"Texarkana, TX",2023,4573188,NULL,NULL
4430158,NFL,25,SF,49ers,S,Patrick,McMorris,2001-10-18,"6' 0""",206.0,NULL,California,USA,"Santa Ana, CA",2023,4430158,NULL,NULL
4696211,NFL,25,SF,49ers,S,Malik,Mustapha,2002-06-25,"5' 10""",206.0,6,Wake Forest,USA,"Charlotte, NC",2022,4696211,NULL,NULL
3057524,NFL,25,SF,49ers,CB,Siran,Neal,1994-08-04,"6' 0""",206.0,33,Jacksonville State,USA,"Eufaula, AL",2018,3057524,NULL,NULL
4035840,NFL,25,SF,49ers,DT,Osa,Odighizuwa,1998-08-13,"6' 2""",294.0,92,UCLA,USA,"Portland, OR",2019,4035840,NULL,NULL
4569497,NFL,25,SF,49ers,DT,Sam,Okuayinonu,1998-05-01,"6' 1""",269.0,91,Maryland,USA,"Lowell, MA",2021,4569497,NULL,NULL
4685523,NFL,25,SF,49ers,CB,Ephesians,Prysock,NULL,"6' 3""",196.0,41,Washington,USA,"Canyon Country, CA",2025,4685523,NULL,NULL
4612272,NFL,25,SF,49ers,CB,Jakob,Robinson,2000-10-04,"5' 10""",181.0,43,BYU,USA,"Orem, UT",2023,4612272,NULL,NULL
4243923,NFL,25,SF,49ers,DE,Cameron,Sample,1999-09-20,"6' 3""",272.0,96,Tulane,USA,"Snellville, GA",2019,4243923,NULL,NULL
4693337,NFL,25,SF,49ers,S,Marques,Sigle,2002-07-18,"5' 11""",199.0,36,Kansas State,USA,"Omaha, NE",2023,4693337,NULL,NULL
4565200,NFL,25,SF,49ers,CB,Upton,Stout,2002-01-09,"5' 9""",181.0,20,Western Kentucky,USA,"Houston, TX",2023,4565200,NULL,NULL
4683155,NFL,25,SF,49ers,S,Jalen,Stroman,NULL,"6' 1""",201.0,7,Notre Dame,USA,"Bristow, VA",2025,4683155,NULL,NULL
4693371,NFL,25,SF,49ers,DT,James,Thompson Jr.,NULL,"6' 6""",308.0,NULL,Illinois,USA,"Cincinnati, OH",2025,4693371,NULL,NULL
4775220,NFL,25,SF,49ers,DT,Sebastian,Valdez,2002-08-01,"6' 3""",301.0,55,Washington,USA,"Spring Valley, CA",2024,4775220,NULL,NULL
4241807,NFL,25,SF,49ers,LB,Garret,Wallow,1999-01-25,"6' 2""",230.0,49,TCU,USA,"New Orleans, LA",2019,4241807,NULL,NULL
3138826,NFL,25,SF,49ers,LB,Fred,Warner,1996-11-19,"6' 3""",230.0,54,BYU,USA,"San Marcos, CA",2018,3138826,NULL,NULL
4686308,NFL,25,SF,49ers,DT,C.J.,West,2002-06-12,"6' 1""",316.0,99,Indiana,USA,"Chicago, IL",2023,4686308,NULL,NULL
4243493,NFL,25,SF,49ers,DE,Keion,White,1999-01-20,"6' 5""",290.0,56,Georgia Tech,USA,"Garner, NC",2021,4243493,NULL,NULL
4685623,NFL,25,SF,49ers,DE,Mykel,Williams,2004-06-29,"6' 5""",267.0,98,Georgia,USA,"Columbus, GA",2023,4685623,NULL,NULL
5085268,NFL,25,SF,49ers,LB,Larry,Worth III,NULL,"6' 4""",225.0,NULL,Arkansas,USA,"Jacksonville, FL",2025,5085268,NULL,NULL
4426752,NFL,25,SF,49ers,P,Jack,Bouwmeester,NULL,"6' 3""",209.0,NULL,Texas,Australia,"Bendigo, VIC",2025,4426752,NULL,NULL
4034949,NFL,25,SF,49ers,PK,Eddy,Pineiro,1995-09-13,"5' 11""",190.0,18,Florida,USA,"Miami, FL",2018,4034949,NULL,NULL
3125280,NFL,25,SF,49ers,P,Corliss,Waitman,1995-07-21,"6' 2""",210.0,7,South Alabama,USA,"Milton, FL",2020,3125280,NULL,NULL
13729,NFL,25,SF,49ers,LS,Jon,Weeks,1986-02-17,"5' 10""",242.0,46,Baylor,USA,"Bethpage, NY",2010,13729,NULL,NULL
4239088,NFL,25,SF,49ers,S,Darrick,Forrest,1999-05-22,"5' 11""",200.0,29,Cincinnati,USA,"Columbus, OH",2020,4239088,NULL,NULL
4678006,NFL,26,SEA,Seahawks,TE,Elijah,Arroyo,2003-04-05,"6' 5""",254.0,18,Miami,USA,"Frisco, TX",2023,4678006,NULL,NULL
4576297,NFL,26,SEA,Seahawks,TE,AJ,Barner,2002-05-03,"6' 6""",251.0,88,Michigan,USA,"Aurora, OH",2022,4576297,NULL,NULL
4360405,NFL,26,SEA,Seahawks,WR,Jake,Bobo,1998-08-04,"6' 4""",211.0,19,UCLA,USA,"North Andover, MA",2021,4360405,NULL,NULL
4429211,NFL,26,SEA,Seahawks,G,Anthony,Bradford,2001-04-28,"6' 4""",335.0,75,LSU,USA,"Muskegon, MI",2021,4429211,NULL,NULL
4570075,NFL,26,SEA,Seahawks,OT,Logan,Brown,2001-04-17,"6' 6""",312.0,73,Kansas,USA,"Grand Rapids, MI",2024,4570075,NULL,NULL
4040774,NFL,26,SEA,Seahawks,TE,Harrison,Bryant,1998-04-23,"6' 5""",242.0,46,Florida Atlantic,USA,"Gray, GA",2020,4040774,NULL,NULL
4612077,NFL,26,SEA,Seahawks,G,Bryce,Cabeldue,2001-09-04,"6' 4""",308.0,77,Kansas,USA,"Clovis, NM",2023,4612077,NULL,NULL
4426385,NFL,26,SEA,Seahawks,RB,Zach,Charbonnet,2001-01-08,"6' 1""",220.0,26,UCLA,USA,"Camarillo, CA",2021,4426385,NULL,NULL
3929636,NFL,26,SEA,Seahawks,WR,Irv,Charles,1997-04-13,"6' 4""",219.0,85,IU Pennsylvania,USA,"Sicklerville, NJ",2021,3929636,NULL,NULL
4426376,NFL,26,SEA,Seahawks,OT,Charles,Cross,2000-11-25,"6' 5""",317.0,67,Mississippi State,USA,"Laurel, MS",2020,4426376,NULL,NULL
3912547,NFL,26,SEA,Seahawks,QB,Sam,Darnold,1997-06-05,"6' 3""",225.0,14,USC,USA,"Capistrano Beach, CA",2018,3912547,NULL,NULL
4600597,NFL,26,SEA,Seahawks,WR,Montorie,Foster Jr.,2001-08-03,"5' 11""",188.0,87,Michigan State,USA,"Cleveland, OH",2024,4600597,NULL,NULL
2576789,NFL,26,SEA,Seahawks,OT,Bobby,Hart,1994-08-21,"6' 5""",310.0,68,Florida State,USA,"Lauderhill, FL",2015,2576789,NULL,NULL
4362135,NFL,26,SEA,Seahawks,G,Christian,Haynes,2000-04-13,"6' 3""",317.0,64,UConn,USA,"Bowie, MD",2022,4362135,NULL,NULL
4685381,NFL,26,SEA,Seahawks,WR,Emmanuel,Henderson Jr.,NULL,"6' 1""",185.0,84,Kansas,USA,"Hartford, AL",2025,4685381,NULL,NULL
4429835,NFL,26,SEA,Seahawks,RB,George,Holani,1999-12-16,"5' 11""",210.0,36,Boise State,USA,"Bellflower, CA",2022,4429835,NULL,NULL
4597703,NFL,26,SEA,Seahawks,WR,Tory,Horton,2002-11-29,"6' 2""",196.0,15,Colorado State,USA,"Fresno, CA",2023,4597703,NULL,NULL
3914630,NFL,26,SEA,Seahawks,G,Josh,Jones,1997-06-22,"6' 7""",339.0,74,Houston,USA,"Richmond, TX",2020,3914630,NULL,NULL
4035693,NFL,26,SEA,Seahawks,WR,Velus,Jones Jr.,1997-05-11,"6' 0""",204.0,33,Tennessee,USA,"Saraland, AL",2019,4035693,NULL,NULL
4569547,NFL,26,SEA,Seahawks,TE,Nick,Kallerup,2001-03-27,"6' 5""",266.0,89,Minnesota,USA,"Wayzata, MN",2023,4569547,NULL,NULL
4567135,NFL,26,SEA,Seahawks,OT,Amari,Kight,2000-12-21,"6' 6""",299.0,79,UCF,USA,"Birmingham, AL",2024,4567135,NULL,NULL
2977187,NFL,26,SEA,Seahawks,WR,Cooper,Kupp,1993-06-15,"6' 1""",205.0,10,Eastern Washington,USA,"Yakima, WA",2017,2977187,NULL,NULL
3924327,NFL,26,SEA,Seahawks,QB,Drew,Lock,1996-11-10,"6' 4""",228.0,2,Missouri,USA,"Lee's Summit, MO",2019,3924327,NULL,NULL
4245171,NFL,26,SEA,Seahawks,OT,Abraham,Lucas,1998-10-25,"6' 6""",322.0,72,Washington State,USA,"Everett, WA",2020,4245171,NULL,NULL
4430070,NFL,26,SEA,Seahawks,C,Federico,Maranges,2001-10-05,"6' 3""",302.0,62,Florida Atlantic,Puerto Rico,Dorado,2024,4430070,NULL,NULL
5097854,NFL,26,SEA,Seahawks,TE,Lance,Mason,NULL,"6' 3""",243.0,42,Wisconsin,USA,"Rockwall, TX",2025,5097854,NULL,NULL
4427391,NFL,26,SEA,Seahawks,RB,Kenny,McIntosh,2000-03-03,"6' 0""",204.0,25,Georgia,USA,"Fort Lauderdale, FL",2021,4427391,NULL,NULL
4432734,NFL,26,SEA,Seahawks,QB,Jalen,Milroe,2002-12-13,"6' 2""",216.0,6,Alabama,USA,"Katy, TX",2023,4432734,NULL,NULL
4370807,NFL,26,SEA,Seahawks,C,Olu,Oluwatimi,1999-08-05,"6' 3""",309.0,55,Michigan,USA,"Upper Marlboro, MD",2021,4370807,NULL,NULL
4691688,NFL,26,SEA,Seahawks,FB,Robbie,Ouzts,2002-09-06,"6' 3""",274.0,40,Alabama,USA,"Rock Hill, SC",2023,4691688,NULL,NULL
4685512,NFL,26,SEA,Seahawks,RB,Jadarian,Price,2003-10-09,"5' 11""",209.0,8,Notre Dame,USA,"Denison, TX",2025,4685512,NULL,NULL
4432525,NFL,26,SEA,Seahawks,G,Mason,Richman,2002-05-07,"6' 5""",307.0,78,Iowa,USA,"Leawood, KS",2023,4432525,NULL,NULL
4700149,NFL,26,SEA,Seahawks,WR,Rashad,Rochelle,NULL,"5' 11""",185.0,35,Indiana State,USA,"Springfield, IL",2025,4700149,NULL,NULL
4243176,NFL,26,SEA,Seahawks,FB,Brady,Russell,1998-08-31,"6' 3""",250.0,38,Colorado,USA,"Fort Collins, CO",2021,4243176,NULL,NULL
2975863,NFL,26,SEA,Seahawks,TE,Eric,Saubert,1994-05-09,"6' 5""",248.0,81,Drake,USA,"Hoffman Estates, IL",2017,2975863,NULL,NULL
4032473,NFL,26,SEA,Seahawks,WR,Rashid,Shaheed,1998-08-31,"6' 0""",180.0,22,Weber State,USA,"San Diego, CA",2020,4032473,NULL,NULL
4430878,NFL,26,SEA,Seahawks,WR,Jaxon,Smith-Njigba,2002-02-14,"6' 0""",197.0,11,Ohio State,USA,"Rockwall, TX",2021,4430878,NULL,NULL
4592823,NFL,26,SEA,Seahawks,G,Beau,Stephens,NULL,"6' 5""",315.0,60,Iowa,USA,"Blue Springs, MO",2025,4592823,NULL,NULL
4383409,NFL,26,SEA,Seahawks,C,Jalen,Sundell,1999-10-18,"6' 5""",301.0,61,North Dakota State,USA,"Maryville, MO",2022,4383409,NULL,NULL
4241983,NFL,26,SEA,Seahawks,WR,Cody,White,1998-11-28,"6' 3""",227.0,82,Michigan State,USA,"Novi, MI",2020,4241983,NULL,NULL
4431479,NFL,26,SEA,Seahawks,WR,Ricky,White III,2002-02-06,"6' 1""",181.0,86,UNLV,USA,"Marietta, GA",2024,4431479,NULL,NULL
4887558,NFL,26,SEA,Seahawks,RB,Emanuel,Wilson,1999-05-08,"5' 10""",226.0,27,Fort Valley State,USA,"Charlotte, NC",2021,4887558,NULL,NULL
4428943,NFL,26,SEA,Seahawks,RB,Jacardia,Wright,2000-09-26,"6' 0""",218.0,31,Missouri State,USA,"Decatur, IL",2024,4428943,NULL,NULL
4693346,NFL,26,SEA,Seahawks,G,Grey,Zabel,2002-03-30,"6' 6""",316.0,76,North Dakota State,USA,"Pierre, SD",2023,4693346,NULL,NULL
4608386,NFL,26,SEA,Seahawks,S,D'Anthony,Bell,1996-10-17,"6' 1""",211.0,23,West Florida,USA,"Covington, GA",2020,4608386,NULL,NULL
4429313,NFL,26,SEA,Seahawks,CB,Tyrone,Broden,2001-02-26,"6' 5""",194.0,31,Arkansas,USA,"Detroit, MI",2024,4429313,NULL,NULL
4430262,NFL,26,SEA,Seahawks,S,Bud,Clark,2002-05-03,"6' 1""",188.0,9,TCU,USA,"Alexandria, LA",2025,4430262,NULL,NULL
2094390,NFL,26,SEA,Seahawks,CB,Michael,Dansby,NULL,"5' 11""",185.0,37,Arizona,USA,"Oakland, CA",2025,2094390,NULL,NULL
4609203,NFL,26,SEA,Seahawks,DT,Deven,Eastern,NULL,"6' 5""",320.0,97,Minnesota,USA,"Shakopee, MN",2025,4609203,NULL,NULL
4869523,NFL,26,SEA,Seahawks,S,Nick,Emmanwori,2004-02-07,"6' 3""",220.0,3,South Carolina,USA,"Irmo, SC",2023,4869523,NULL,NULL
4427190,NFL,26,SEA,Seahawks,S,AJ,Finley,2001-09-14,"6' 2""",202.0,30,Ole Miss,USA,"Mobile, AL",2021,4427190,NULL,NULL
2980100,NFL,26,SEA,Seahawks,LB,Dante,Fowler Jr.,1994-08-03,"6' 3""",264.0,56,Florida,USA,"St. Petersburg, FL",2015,2980100,NULL,NULL
4693934,NFL,26,SEA,Seahawks,CB,Andre,Fuller,NULL,"6' 1""",200.0,35,Toledo,USA,"Loxahatchee, FL",2025,4693934,NULL,NULL
5087235,NFL,26,SEA,Seahawks,LB,Jalan,Gaines,2001-04-12,"6' 3""",242.0,47,Illinois State,USA,"Chicago, IL",2024,5087235,NULL,NULL
4567226,NFL,26,SEA,Seahawks,LB,Derick,Hall,2001-03-19,"6' 3""",260.0,58,Auburn,USA,"Gulfport, MS",2021,4567226,NULL,NULL
4431145,NFL,26,SEA,Seahawks,S,Maxen,Hook,2001-08-19,"6' 0""",205.0,43,Toledo,USA,"New Palestine, IN",2024,4431145,NULL,NULL
4603089,NFL,26,SEA,Seahawks,LB,Aidan,Hubbard,NULL,"6' 4""",259.0,93,Northwestern,USA,"Cleveland, OH",2025,4603089,NULL,NULL
4242516,NFL,26,SEA,Seahawks,CB,Noah,Igbinoghene,1999-11-27,"5' 11""",197.0,17,Auburn,USA,"Trussville, AL",2020,4242516,NULL,NULL
4605478,NFL,26,SEA,Seahawks,LB,Jared,Ivey,2001-12-05,"6' 6""",274.0,51,Ole Miss,USA,"Suwanee, GA",2023,4605478,NULL,NULL
4036430,NFL,26,SEA,Seahawks,CB,Shemar,Jean-Charles,1998-06-20,"5' 10""",184.0,34,App State,USA,"Miramar, FL",2020,4036430,NULL,NULL
4372020,NFL,26,SEA,Seahawks,CB,Josh,Jobe,1998-04-09,"5' 11""",190.0,29,Alabama,USA,"Miami, FL",2020,4372020,NULL,NULL
4362851,NFL,26,SEA,Seahawks,LB,Ernest,Jones IV,1999-11-22,"6' 2""",233.0,13,South Carolina,USA,"Waycross, GA",2019,4362851,NULL,NULL
4685425,NFL,26,SEA,Seahawks,LB,Marvin,Jones Jr.,NULL,"6' 5""",245.0,59,Oklahoma,USA,"Sunrise, FL",2025,4685425,NULL,NULL
4686540,NFL,26,SEA,Seahawks,LB,Tyrice,Knight,2000-12-20,"6' 0""",233.0,48,UTEP,USA,"Lakeland, FL",2022,4686540,NULL,NULL
16802,NFL,26,SEA,Seahawks,LB,DeMarcus,Lawrence,1992-04-28,"6' 3""",254.0,0,Boise State,USA,"Aiken, SC",2014,16802,NULL,NULL
4046675,NFL,26,SEA,Seahawks,S,Julian,Love,1998-03-19,"5' 11""",195.0,20,Notre Dame,USA,"Westchester, IL",2019,4046675,NULL,NULL
4430838,NFL,26,SEA,Seahawks,DT,Rylie,Mills,2001-08-20,"6' 5""",296.0,98,Notre Dame,USA,"Lake Bluff, IL",2024,4430838,NULL,NULL
4572055,NFL,26,SEA,Seahawks,DE,Mike,Morris,2001-04-22,"6' 6""",306.0,94,Michigan,USA,"Belle Glade, FL",2021,4572055,NULL,NULL
4570040,NFL,26,SEA,Seahawks,DT,Byron,Murphy II,2002-09-08,"6' 0""",306.0,91,Texas,USA,"Desoto, TX",2022,4570040,NULL,NULL
4684543,NFL,26,SEA,Seahawks,CB,Julian,Neal,2003-02-12,"6' 2""",203.0,1,Arkansas,USA,"San Francisco, CA",2025,4684543,NULL,NULL
3120358,NFL,26,SEA,Seahawks,LB,Uchenna,Nwosu,1996-12-28,"6' 2""",265.0,7,USC,USA,"Carson, CA",2018,3120358,NULL,NULL
4364623,NFL,26,SEA,Seahawks,LB,Patrick,O'Connell,1998-12-31,"6' 1""",231.0,52,Montana,USA,"Kalispell, MT",2022,4364623,NULL,NULL
4605491,NFL,26,SEA,Seahawks,LB,Connor,O'Toole,2002-08-27,"6' 3""",248.0,57,Utah,USA,"Albuquerque, NM",2023,4605491,NULL,NULL
4247808,NFL,26,SEA,Seahawks,S,Ty,Okada,1999-06-04,"5' 11""",200.0,39,Montana State,USA,"Woodbury, MN",2023,4247808,NULL,NULL
4602943,NFL,26,SEA,Seahawks,LB,Chris,Paul Jr.,2002-11-04,"6' 1""",235.0,49,Ole Miss,USA,"Cordele, GA",2024,4602943,NULL,NULL
4259651,NFL,26,SEA,Seahawks,DT,Brandon,Pili,1999-04-02,"6' 3""",334.0,95,USC,USA,"Anchorage, AK",2021,4259651,NULL,NULL
4567222,NFL,26,SEA,Seahawks,CB,Nehemiah,Pritchett,2001-02-11,"6' 0""",190.0,28,Auburn,USA,"Jackson, AL",2022,4567222,NULL,NULL
3115312,NFL,26,SEA,Seahawks,DT,Jarran,Reed,1992-12-16,"6' 3""",315.0,90,Alabama,USA,"Goldsboro, NC",2016,3115312,NULL,NULL
5081916,NFL,26,SEA,Seahawks,DT,Uso,Seumalo,NULL,"6' 3""",330.0,92,Kansas State,USA,"Maunaloa, HI",2025,5081916,NULL,NULL
4685984,NFL,26,SEA,Seahawks,LB,Jamie,Sheriff,2000-08-18,"6' 1""",254.0,50,South Alabama,USA,"Terry, MS",2024,4685984,NULL,NULL
4686447,NFL,26,SEA,Seahawks,DT,J.R.,Singleton,2002-02-13,"6' 1""",299.0,70,Iowa State,USA,"Gurnee, IL",2024,4686447,NULL,NULL
4037521,NFL,26,SEA,Seahawks,LB,Chazz,Surratt,1997-02-16,"6' 2""",233.0,44,North Carolina,USA,"Denver, NC",2020,4037521,NULL,NULL
4428657,NFL,26,SEA,Seahawks,DT,Bubba,Thomas,2000-07-05,"6' 1""",301.0,69,South Alabama,USA,"Riverdale, GA",2024,4428657,NULL,NULL
4428659,NFL,26,SEA,Seahawks,LB,Drake,Thomas,2000-02-25,"5' 11""",228.0,32,NC State,USA,"Wake Forest, NC",2021,4428659,NULL,NULL
4248455,NFL,26,SEA,Seahawks,S,Rodney,Thomas II,1998-06-26,"6' 1""",196.0,24,Yale,USA,"Pittsburgh, PA",2020,4248455,NULL,NULL
4567416,NFL,26,SEA,Seahawks,LB,Ja'Markis,Weston,2000-08-10,"6' 2""",234.0,46,Florida,USA,"Clewiston, FL",2023,4567416,NULL,NULL
2971622,NFL,26,SEA,Seahawks,DT,Leonard,Williams,1994-06-20,"6' 5""",310.0,99,USC,USA,"Daytona Beach, FL",2015,2971622,NULL,NULL
4575431,NFL,26,SEA,Seahawks,CB,Devon,Witherspoon,2000-12-11,"6' 0""",185.0,21,Illinois,USA,"Pensacola, FL",2021,4575431,NULL,NULL
3929851,NFL,26,SEA,Seahawks,P,Michael,Dickson,1996-01-04,"6' 2""",208.0,4,Texas,Australia,"Sydney, NSW",2018,3929851,NULL,NULL
2473037,NFL,26,SEA,Seahawks,PK,Jason,Myers,1991-05-12,"5' 10""",190.0,5,Marist,USA,"Chula Vista, CA",2015,2473037,NULL,NULL
4259606,NFL,26,SEA,Seahawks,LS,Chris,Stoll,1998-08-03,"6' 2""",255.0,41,Penn State,USA,"Westerville, OH",2021,4259606,NULL,NULL
4429251,NFL,27,TB,Buccaneers,C,Graham,Barton,2002-06-01,"6' 5""",314.0,62,Duke,USA,"Brentwood, TN",2022,4429251,NULL,NULL
4426444,NFL,27,TB,Buccaneers,QB,Connor,Bazelak,2000-09-22,"6' 3""",225.0,16,Bowling Green,USA,"Dayton, OH",2023,4426444,NULL,NULL
4046551,NFL,27,TB,Buccaneers,G,Ben,Bredeson,1998-02-20,"6' 5""",315.0,68,Michigan,USA,"Hartland, WI",2020,4046551,NULL,NULL
3886812,NFL,27,TB,Buccaneers,QB,Jake,Browning,1996-04-11,"6' 2""",209.0,5,Washington,USA,"Folsom, CA",2019,3886812,NULL,NULL
5151965,NFL,27,TB,Buccaneers,RB,Kadarius,Calloway,NULL,"6' 0""",213.0,49,New Mexico State,USA,"Philadelphia, MS",2025,5151965,NULL,NULL
4690787,NFL,27,TB,Buccaneers,OT,Benjamin,Chukwuma,2001-05-08,"6' 6""",310.0,70,Georgia State,USA,"Austell, GA",2023,4690787,NULL,NULL
4361112,NFL,27,TB,Buccaneers,TE,Devin,Culp,2000-02-02,"6' 4""",237.0,82,Washington,USA,"Spokane, WA",2022,4361112,NULL,NULL
4596472,NFL,27,TB,Buccaneers,QB,Jalon,Daniels,NULL,"6' 1""",219.0,10,Kansas,USA,"Lawndale, CA",2025,4596472,NULL,NULL
4372505,NFL,27,TB,Buccaneers,TE,Payne,Durham,2000-06-15,"6' 5""",255.0,87,Purdue,USA,"Suwanee, GA",2021,4372505,NULL,NULL
4567750,NFL,27,TB,Buccaneers,WR,Emeka,Egbuka,2002-10-14,"6' 1""",205.0,2,Ohio State,USA,"Steilacoom, WA",2023,4567750,NULL,NULL
2979482,NFL,27,TB,Buccaneers,G,Dan,Feeney,1994-05-29,"6' 4""",310.0,65,Indiana,USA,"Orland Park, IL",2017,2979482,NULL,NULL
4746099,NFL,27,TB,Buccaneers,TE,Kenny,Fletcher Jr.,NULL,"6' 3""",250.0,81,Rutgers,USA,"Delran, NJ",2025,4746099,NULL,NULL
4608357,NFL,27,TB,Buccaneers,OT,Marshall,Foerner,2000-12-31,"6' 6""",308.0,74,Minnesota State,USA,"Plano, IL",2024,4608357,NULL,NULL
4371733,NFL,27,TB,Buccaneers,RB,Kenny,Gainwell,1999-03-14,"5' 9""",200.0,1,Memphis,USA,"Yazoo City, MS",2019,4371733,NULL,NULL
3116165,NFL,27,TB,Buccaneers,WR,Chris,Godwin Jr.,1996-02-27,"6' 1""",209.0,14,Penn State,USA,"Middletown, DE",2017,3116165,NULL,NULL
4380507,NFL,27,TB,Buccaneers,OT,Luke,Goedeke,1998-11-21,"6' 5""",312.0,67,Central Michigan,USA,"Whitelaw, WI",2020,4380507,NULL,NULL
4429847,NFL,27,TB,Buccaneers,WR,Garrett,Greene,2001-10-01,"5' 11""",201.0,85,West Virginia,USA,"Tallahassee, FL",2024,4429847,NULL,NULL
4686884,NFL,27,TB,Buccaneers,G,Luke,Haggard,2000-01-03,"6' 7""",305.0,72,Indiana,USA,"Petaluma, CA",2023,4686884,NULL,NULL
4572786,NFL,27,TB,Buccaneers,WR,Dennis,Houston,1999-04-24,"6' 1""",190.0,89,Western Illinois,USA,"San Antonio, TX",2024,4572786,NULL,NULL
5220680,NFL,27,TB,Buccaneers,WR,Ted,Hurst III,2004-07-02,"6' 3""",185.0,17,Georgia State,USA,"Savannah, GA",2025,5220680,NULL,NULL
4596448,NFL,27,TB,Buccaneers,RB,Bucky,Irving,2002-08-19,"5' 10""",195.0,7,Oregon,USA,"Chicago, IL",2022,4596448,NULL,NULL
5097554,NFL,27,TB,Buccaneers,WR,Kameron,Johnson,2002-03-17,"5' 10""",170.0,19,Barton,USA,"Rocky Mount, NC",2022,5097554,NULL,NULL
4608810,NFL,27,TB,Buccaneers,WR,Tez,Johnson,2002-05-18,"5' 10""",165.0,15,Oregon,USA,"Pinson, AL",2023,4608810,NULL,NULL
4034779,NFL,27,TB,Buccaneers,TE,Ko,Kieft,1998-01-20,"6' 5""",265.0,41,Minnesota,USA,"Sioux Center, IA",2020,4034779,NULL,NULL
4362066,NFL,27,TB,Buccaneers,G,Elijah,Klein,2000-04-08,"6' 4""",319.0,79,UTEP,USA,"San Bernardino, CA",2022,4362066,NULL,NULL
4594329,NFL,27,TB,Buccaneers,G,Henry,Lutovsky,NULL,"6' 6""",319.0,61,Nebraska,USA,"Crawfordsville, IA",2025,4594329,NULL,NULL
4248545,NFL,27,TB,Buccaneers,G,Cody,Mauch,1999-01-15,"6' 6""",303.0,69,North Dakota State,USA,"Hankinson, ND",2021,4248545,NULL,NULL
3052587,NFL,27,TB,Buccaneers,QB,Baker,Mayfield,1995-04-14,"6' 1""",215.0,6,Oklahoma,USA,"Austin, TX",2018,3052587,NULL,NULL
4430834,NFL,27,TB,Buccaneers,WR,Jalen,McMillan,2001-12-07,"6' 1""",192.0,11,Washington,USA,"Fresno, CA",2022,4430834,NULL,NULL
4243331,NFL,27,TB,Buccaneers,TE,Cade,Otton,1999-04-15,"6' 5""",247.0,88,Washington,USA,"Tumwater, WA",2020,4243331,NULL,NULL
4875613,NFL,27,TB,Buccaneers,WR,Dean,Patterson,NULL,"6' 2""",200.0,8,Georgia Tech,USA,"Lutz, FL",2025,4875613,NULL,NULL
4713277,NFL,27,TB,Buccaneers,WR,Eric,Rivers Jr.,NULL,"5' 10""",176.0,83,Georgia Tech,USA,"Chattanooga, TN",2025,4713277,NULL,NULL
4567896,NFL,27,TB,Buccaneers,OT,Paul,Rubelt,NULL,"6' 10""",313.0,76,UCF,Germany,Frankfurt,2025,4567896,NULL,NULL
4685549,NFL,27,TB,Buccaneers,G,Billy,Schrauth,NULL,"6' 4""",310.0,75,Notre Dame,USA,"Campbellsport, WI",2025,4685549,NULL,NULL
4569202,NFL,27,TB,Buccaneers,G,Ben,Scott,2001-01-09,"6' 5""",310.0,66,Nebraska,USA,"Honolulu, HI",2024,4569202,NULL,NULL
4890373,NFL,27,TB,Buccaneers,TE,Bauer,Sharp,NULL,"6' 4""",246.0,84,LSU,USA,"Dothan, AL",2025,4890373,NULL,NULL
3871102,NFL,27,TB,Buccaneers,WR,David,Sills V,1996-05-29,"6' 3""",211.0,80,West Virginia,USA,"Wilmington, DE",2019,3871102,NULL,NULL
3915777,NFL,27,TB,Buccaneers,OT,Justin,Skule,1996-11-23,"6' 6""",315.0,77,Vanderbilt,USA,"Clifton, VA",2019,3915777,NULL,NULL
4430871,NFL,27,TB,Buccaneers,RB,Sean,Tucker,2001-10-25,"5' 10""",205.0,44,Syracuse,USA,"Owings Mills, MD",2021,4430871,NULL,NULL
4568024,NFL,27,TB,Buccaneers,RB,Josh,Williams,2001-06-09,"5' 9""",210.0,18,LSU,USA,"Houston, TX",2023,4568024,NULL,NULL
4240589,NFL,27,TB,Buccaneers,OT,Tristan,Wirfs,1999-01-24,"6' 5""",320.0,78,Iowa,USA,"Mount Vernon, IA",2020,4240589,NULL,NULL
3043107,NFL,27,TB,Buccaneers,LB,Alex,Anzalone,1994-09-22,"6' 3""",234.0,34,Florida,USA,"Wyomissing, PA",2017,3043107,NULL,NULL
4870617,NFL,27,TB,Buccaneers,LB,Rueben,Bain Jr.,2004-09-08,"6' 3""",270.0,3,Miami,USA,"Miami, FL",2025,4870617,NULL,NULL
4567109,NFL,27,TB,Buccaneers,S,Marcus,Banks,2000-10-08,"6' 0""",190.0,39,Mississippi State,USA,"Houston, TX",2024,4567109,NULL,NULL
4428989,NFL,27,TB,Buccaneers,LB,Chris,Braswell,2001-10-25,"6' 3""",255.0,43,Alabama,USA,"Baltimore, MD",2022,4428989,NULL,NULL
4569563,NFL,27,TB,Buccaneers,LB,John,Bullock,2001-04-22,"6' 0""",230.0,30,Nebraska,USA,"Omaha, NE",2023,4569563,NULL,NULL
4429007,NFL,27,TB,Buccaneers,DT,DeMonte,Capehart,NULL,"6' 5""",315.0,90,Clemson,USA,"Hartsville, SC",2025,4429007,NULL,NULL
4429137,NFL,27,TB,Buccaneers,S,Ja'Qurious,Conley,NULL,"6' 0""",214.0,35,Charlotte,USA,"Jacksonville, NC",2025,4429137,NULL,NULL
4429511,NFL,27,TB,Buccaneers,LB,SirVocea,Dennis,2000-03-09,"6' 0""",230.0,8,Pittsburgh,USA,"Syracuse, NY",2021,4429511,NULL,NULL
4686334,NFL,27,TB,Buccaneers,LB,Yaya,Diaby,1999-05-30,"6' 4""",270.0,0,Louisville,USA,"Atlanta, GA",2021,4686334,NULL,NULL
4683096,NFL,27,TB,Buccaneers,LB,Caden,Fordham,NULL,"6' 1""",223.0,46,NC State,USA,"Ponte Vedra, FL",2025,4683096,NULL,NULL
4890885,NFL,27,TB,Buccaneers,CB,Ayden,Garnes,NULL,"6' 0""",181.0,24,Arizona,USA,"Philadelphia, PA",2025,4890885,NULL,NULL
4878213,NFL,27,TB,Buccaneers,DT,Josiah,Green,NULL,"6' 0""",284.0,96,Duke,USA,"Indianapolis, IN",2025,4878213,NULL,NULL
4243831,NFL,27,TB,Buccaneers,CB,Kemon,Hall,1997-06-02,"5' 11""",190.0,37,North Texas,USA,"Calhoun City, MS",2019,4243831,NULL,NULL
4248533,NFL,27,TB,Buccaneers,CB,Josh,Hayes,1999-04-24,"6' 0""",190.0,32,Kansas State,USA,"Lakeland, FL",2021,4248533,NULL,NULL
5225091,NFL,27,TB,Buccaneers,LB,Yasir,Holmes,NULL,"6' 4""",240.0,57,Tarleton State,USA,"Indian Head, MD",2025,5225091,NULL,NULL
4431153,NFL,27,TB,Buccaneers,DT,Nash,Hutmacher,2001-05-15,"6' 4""",310.0,64,Nebraska,USA,"Oacoma, SD",2024,4431153,NULL,NULL
4568492,NFL,27,TB,Buccaneers,LB,Nick,Jackson,2001-01-05,"6' 0""",235.0,53,Iowa,USA,"Atlanta, GA",2024,4568492,NULL,NULL
4431184,NFL,27,TB,Buccaneers,DT,Jayson,Jones,2001-10-29,"6' 6""",340.0,93,Auburn,USA,"Calera, AL",2024,4431184,NULL,NULL
4427677,NFL,27,TB,Buccaneers,LB,Mohamed,Kamara,1999-05-29,"6' 1""",253.0,59,Colorado State,USA,"Newark, NJ",2023,4427677,NULL,NULL
4427673,NFL,27,TB,Buccaneers,DT,Calijah,Kancey,2001-03-01,"6' 0""",280.0,94,Pittsburgh,USA,"Miami, FL",2021,4427673,NULL,NULL
2575164,NFL,27,TB,Buccaneers,S,Miles,Killebrew,1993-05-10,"6' 2""",222.0,29,Southern Utah,USA,"Henderson, NV",2016,2575164,NULL,NULL
4047846,NFL,27,TB,Buccaneers,CB,Chase,Lucas,1997-03-04,"5' 11""",184.0,26,Arizona State,USA,"Chandler, AZ",2021,4047846,NULL,NULL
4250392,NFL,27,TB,Buccaneers,CB,Zyon,McCollum,1999-05-03,"6' 2""",199.0,27,Sam Houston,USA,"Galveston, TX",2020,4250392,NULL,NULL
4683248,NFL,27,TB,Buccaneers,DT,Deshawn,McKnight,NULL,"6' 1""",283.0,73,Arizona,USA,"Sumter, SC",2025,4683248,NULL,NULL
4816107,NFL,27,TB,Buccaneers,CB,Benjamin,Morrison,2004-03-11,"6' 0""",190.0,21,Notre Dame,USA,"Phoenix, AZ",2023,4816107,NULL,NULL
3051942,NFL,27,TB,Buccaneers,LB,Al-Quadin,Muhammad,1995-03-28,"6' 3""",250.0,97,Miami,USA,"Irvington, NJ",2017,3051942,NULL,NULL
5033343,NFL,27,TB,Buccaneers,DT,Haggai,Ndubuisi,2000-10-15,"6' 6""",298.0,60,NULL,Nigeria,Lagos,2024,5033343,NULL,NULL
3894856,NFL,27,TB,Buccaneers,LB,Anthony,Nelson,1997-03-04,"6' 7""",271.0,98,Iowa,USA,"Urbandale, IA",2019,3894856,NULL,NULL
2575453,NFL,27,TB,Buccaneers,DT,Rakeem,Nunez-Roches,1993-07-03,"6' 2""",305.0,56,Southern Miss,Belize,DANGRIGA,2015,2575453,NULL,NULL
4912847,NFL,27,TB,Buccaneers,CB,Jacob,Parrish,2004-02-29,"5' 10""",198.0,25,Kansas State,USA,"Olathe, KS",2023,4912847,NULL,NULL
4837252,NFL,27,TB,Buccaneers,LB,Jack,Pyburn,NULL,"6' 4""",258.0,58,LSU,USA,"Jacksonville, FL",2025,4837252,NULL,NULL
4690795,NFL,27,TB,Buccaneers,DE,Elijah,Roberts,2001-12-24,"6' 4""",295.0,95,SMU,USA,"Miami, FL",2023,4690795,NULL,NULL
4566165,NFL,27,TB,Buccaneers,S,JJ,Roberts,2001-09-22,"6' 0""",195.0,36,Marshall,USA,"Ona, WV",2023,4566165,NULL,NULL
3054857,NFL,27,TB,Buccaneers,DT,A'Shawn,Robinson,1995-03-21,"6' 3""",320.0,91,Alabama,USA,"Fort Worth, TX",2016,3054857,NULL,NULL
3909013,NFL,27,TB,Buccaneers,LB,Christian,Rozeboom,1997-01-30,"6' 2""",230.0,52,South Dakota State,USA,"Sioux Center, IA",2020,3909013,NULL,NULL
5093694,NFL,27,TB,Buccaneers,CB,Keionte,Scott,NULL,"6' 0""",195.0,22,Miami,USA,"San Diego, CA",2025,5093694,NULL,NULL
4430478,NFL,27,TB,Buccaneers,DT,Elijah,Simmons,2001-07-26,"6' 1""",335.0,92,Tennessee,USA,"Memphis, TN",2023,4430478,NULL,NULL
4428522,NFL,27,TB,Buccaneers,S,Tykee,Smith,2001-02-18,"5' 10""",202.0,23,Georgia,USA,"Philadelphia, PA",2022,4428522,NULL,NULL
4870998,NFL,27,TB,Buccaneers,LB,Josiah,Trotter,2005-04-15,"6' 2""",237.0,45,Missouri,USA,"Philadelphia, PA",2025,4870998,NULL,NULL
3134362,NFL,27,TB,Buccaneers,DT,Vita,Vea,1995-02-05,"6' 4""",347.0,50,Washington,USA,"Milpitas, CA",2018,3134362,NULL,NULL
5085355,NFL,27,TB,Buccaneers,LB,David,Walker,2000-06-03,"6' 2""",260.0,51,Central Arkansas,USA,"Stuttgart, AR",2023,5085355,NULL,NULL
4567480,NFL,27,TB,Buccaneers,CB,Damarion,Williams,1998-07-15,"5' 10""",183.0,28,Houston,USA,"Miami, FL",2022,4567480,NULL,NULL
4034790,NFL,27,TB,Buccaneers,S,Antoine,Winfield Jr.,1998-08-16,"5' 9""",203.0,31,Minnesota,USA,"The Woodlands, TX",2020,4034790,NULL,NULL
4428917,NFL,27,TB,Buccaneers,S,Rashad,Wisdom,2001-06-06,"5' 9""",210.0,38,UTSA,USA,"Converse, TX",2023,4428917,NULL,NULL
4428941,NFL,27,TB,Buccaneers,LB,Javin,Wright,NULL,"6' 4""",232.0,48,Nebraska,USA,"Chandler, AZ",2025,4428941,NULL,NULL
2980138,NFL,27,TB,Buccaneers,LS,Scott,Daly,1994-02-07,"6' 2""",245.0,71,Notre Dame,USA,"Downers Grove, IL",2018,2980138,NULL,NULL
4361727,NFL,27,TB,Buccaneers,LS,Evan,Deckers,1999-02-23,"6' 3""",252.0,86,Duke,USA,"Avon, CT",2022,4361727,NULL,NULL
2577619,NFL,27,TB,Buccaneers,P,Riley,Dixon,1993-08-24,"6' 4""",221.0,9,Syracuse,USA,"Blossvale, NY",2016,2577619,NULL,NULL
3150744,NFL,27,TB,Buccaneers,PK,Chase,McLaughlin,1996-04-09,"6' 0""",190.0,4,Illinois,USA,"Cypress, TX",2019,3150744,NULL,NULL
4360317,NFL,27,TB,Buccaneers,PK,B.T.,Potter,2000-02-21,"5' 9""",185.0,33,Clemson,USA,"Rock Hill, SC",2024,4360317,NULL,NULL
4883647,NFL,10,TEN,Titans,WR,Elic,Ayomanor,2003-06-03,"6' 2""",206.0,5,Stanford,Canada,"Medicine Hat, AB",2023,4883647,NULL,NULL
4814930,NFL,10,TEN,Titans,WR,Hank,Beatty,NULL,"5' 10""",179.0,13,Illinois,USA,"Rochester, IL",2025,4814930,NULL,NULL
4361516,NFL,10,TEN,Titans,TE,Daniel,Bellinger,2000-09-22,"6' 6""",255.0,82,San Diego State,USA,"Las Vegas, NV",2020,4361516,NULL,NULL
4710000,NFL,10,TEN,Titans,G,Fernando,Carmona,NULL,"6' 5""",316.0,66,Arkansas,USA,"Las Vegas, NV",2025,4710000,NULL,NULL
4240657,NFL,10,TEN,Titans,RB,Michael,Carter,1999-05-07,"5' 8""",201.0,35,North Carolina,USA,"Navarre, FL",2020,4240657,NULL,NULL
4367567,NFL,10,TEN,Titans,RB,Julius,Chestnut,2000-10-26,"5' 11""",228.0,36,Sacred Heart,USA,"Bowie, MD",2020,4367567,NULL,NULL
4596542,NFL,10,TEN,Titans,C,Pat,Coogan,NULL,"6' 5""",310.0,79,Indiana,USA,"Palos Heights, IL",2025,4596542,NULL,NULL
4426987,NFL,10,TEN,Titans,OT,Brandon,Crenshaw-Dickson,2001-02-22,"6' 7""",316.0,78,Florida,USA,"Inglewood, CA",2023,4426987,NULL,NULL
4242229,NFL,10,TEN,Titans,OT,Austin,Deculus,1999-03-12,"6' 5""",321.0,76,LSU,USA,"Mamou, LA",2021,4242229,NULL,NULL
4431252,NFL,10,TEN,Titans,G,Garrett,Dellinger,2002-02-18,"6' 5""",320.0,71,LSU,USA,"Clarkston, MI",2024,4431252,NULL,NULL
4431268,NFL,10,TEN,Titans,WR,Chimere,Dike,2002-12-14,"6' 1""",196.0,17,Florida,USA,"Waukesha, WI",2023,4431268,NULL,NULL
4039160,NFL,10,TEN,Titans,TE,Kylen,Granson,1998-03-27,"6' 3""",242.0,86,SMU,USA,"Austin, TX",2019,4039160,NULL,NULL
4372091,NFL,10,TEN,Titans,OT,Ryan,Hayes,2000-02-28,"6' 6""",303.0,72,Michigan,USA,"Traverse City, MI",2024,4372091,NULL,NULL
4686728,NFL,10,TEN,Titans,TE,Gunnar,Helm,2002-09-06,"6' 5""",241.0,84,Texas,USA,"Englewood, CO",2023,4686728,NULL,NULL
4240858,NFL,10,TEN,Titans,QB,Hendon,Hooker,1998-01-13,"6' 3""",220.0,16,Tennessee,USA,"Greensboro, NC",2022,4240858,NULL,NULL
4565172,NFL,10,TEN,Titans,WR,Courtney,Jackson,2001-03-13,"5' 11""",183.0,39,Arkansas State,USA,"Monroeville, PA",2024,4565172,NULL,NULL
3932244,NFL,10,TEN,Titans,C,Andre,James,1997-05-02,"6' 4""",300.0,61,UCLA,USA,"Herriman, UT",2019,3932244,NULL,NULL
4877034,NFL,10,TEN,Titans,TE,Jaren,Kanak,NULL,"6' 2""",234.0,81,Oklahoma,USA,"Hays, KS",2025,4877034,NULL,NULL
4057082,NFL,10,TEN,Titans,WR,Mason,Kinsey,1998-08-29,"5' 11""",200.0,12,Berry,USA,"Demorest, GA",2020,4057082,NULL,NULL
4431437,NFL,10,TEN,Titans,OT,JC,Latham,2003-02-08,"6' 6""",342.0,55,Alabama,USA,"Oak Creek, WI",2022,4431437,NULL,NULL
4361418,NFL,10,TEN,Titans,QB,Will,Levis,1999-06-27,"6' 4""",229.0,8,Kentucky,USA,"Madison, CT",2021,4361418,NULL,NULL
4360978,NFL,10,TEN,Titans,TE,David,Martin-Robinson,1999-12-26,"6' 3""",247.0,88,Temple,USA,"Landisville, PA",2022,4360978,NULL,NULL
4247812,NFL,10,TEN,Titans,WR,Lance,McCutcheon,1999-02-28,"6' 3""",202.0,89,Montana State,USA,"Bozeman, MT",2023,4247812,NULL,NULL
4568699,NFL,10,TEN,Titans,OT,Rasheed,Miller,NULL,"6' 7""",301.0,62,Louisville,USA,"Lake Wales, FL",2025,4568699,NULL,NULL
5103197,NFL,10,TEN,Titans,WR,Tyren,Montgomery,NULL,"5' 11""",204.0,19,John Carroll,USA,"Spring, TX",2025,5103197,NULL,NULL
4240920,NFL,10,TEN,Titans,OT,Dan,Moore Jr.,1998-09-28,"6' 5""",315.0,75,Texas A&M,USA,"Beaumont, TX",2019,4240920,NULL,NULL
4879480,NFL,10,TEN,Titans,G,Drew,Moss,2003-05-21,"6' 3""",303.0,67,Colorado State,USA,"Richardson, TX",2023,4879480,NULL,NULL
4429121,NFL,10,TEN,Titans,RB,Kalel,Mullings,2002-10-04,"6' 2""",226.0,31,Michigan,USA,"West Roxbury, MA",2023,4429121,NULL,NULL
4362617,NFL,10,TEN,Titans,WR,Bryce,Oliver,2000-05-19,"6' 1""",214.0,80,Youngstown State,USA,"Fort Lauderdale, FL",2022,4362617,NULL,NULL
3916566,NFL,10,TEN,Titans,WR,K.J.,Osborn,1997-06-10,"5' 11""",203.0,85,Miami,USA,"Ypsilanti, MI",2020,3916566,NULL,NULL
3916148,NFL,10,TEN,Titans,RB,Tony,Pollard,1997-04-30,"6' 0""",209.0,20,Memphis,USA,"Memphis, TN",2019,3916148,NULL,NULL
4431353,NFL,10,TEN,Titans,WR,Xavier,Restrepo,2002-04-22,"5' 10""",202.0,87,Miami,USA,"Coconut Creek, FL",2024,4431353,NULL,NULL
3925357,NFL,10,TEN,Titans,WR,Calvin,Ridley,1994-12-20,"6' 1""",190.0,0,Alabama,USA,"Fort Lauderdale, FL",2018,3925357,NULL,NULL
4569587,NFL,10,TEN,Titans,WR,Wan'Dale,Robinson,2001-01-05,"5' 8""",185.0,4,Kentucky,USA,"Frankfort, KY",2020,4569587,NULL,NULL
4038544,NFL,10,TEN,Titans,C,Austin,Schlottmann,1995-09-18,"6' 6""",300.0,51,TCU,USA,"Brenham, TX",2018,4038544,NULL,NULL
4685555,NFL,10,TEN,Titans,RB,Nicholas,Singleton,NULL,"6' 0""",219.0,32,Penn State,USA,"Shillington, PA",2025,4685555,NULL,NULL
4429100,NFL,10,TEN,Titans,G,Peter,Skoronski,2001-07-31,"6' 4""",313.0,77,Northwestern,USA,"Park Ridge, IL",2021,4429100,NULL,NULL
4876319,NFL,10,TEN,Titans,G,Jackson,Slater,2003-05-30,"6' 3""",311.0,64,Sacramento State,USA,"Bellevue, WA",2023,4876319,NULL,NULL
4428557,NFL,10,TEN,Titans,RB,Tyjae,Spears,2001-06-15,"5' 11""",195.0,2,Tulane,USA,"Ponchatoula, LA",2021,4428557,NULL,NULL
4871023,NFL,10,TEN,Titans,WR,Carnell,Tate,2005-01-19,"6' 2""",192.0,14,Ohio State,USA,"Chicago, IL",2025,4871023,NULL,NULL
3039707,NFL,10,TEN,Titans,QB,Mitchell,Trubisky,1994-08-20,"6' 3""",222.0,10,North Carolina,USA,"Mentor, OH",2017,3039707,NULL,NULL
4040950,NFL,10,TEN,Titans,G,Cordell,Volson,1998-07-20,"6' 6""",315.0,73,North Dakota State,USA,"Balfour, ND",2020,4040950,NULL,NULL
4685564,NFL,10,TEN,Titans,OT,Aamil,Wagner,NULL,"6' 6""",306.0,69,Notre Dame,USA,"Yellow Springs, OH",2025,4685564,NULL,NULL
4688380,NFL,10,TEN,Titans,QB,Cam,Ward,2002-05-25,"6' 2""",219.0,1,Miami,USA,"West Columbia, TX",2023,4688380,NULL,NULL
4362570,NFL,10,TEN,Titans,TE,Joel,Wilson,2000-06-21,"6' 4""",245.0,83,Central Michigan,USA,"Petoskey, MI",2024,4362570,NULL,NULL
4240532,NFL,10,TEN,Titans,S,Tony,Adams,1999-01-24,"5' 11""",203.0,38,Illinois,USA,"Belleville, IL",2020,4240532,NULL,NULL
5144941,NFL,10,TEN,Titans,DE,David Ebuka,Agoha,2001-05-18,"6' 4""",252.0,58,NULL,Nigeria,Aguleri,2024,5144941,NULL,NULL
4431158,NFL,10,TEN,Titans,LB,Shad,Banks Jr.,NULL,"5' 11""",230.0,40,UTSA,USA,"Houston, TX",2025,4431158,NULL,NULL
3926229,NFL,10,TEN,Titans,LB,Cody,Barton,1996-11-13,"6' 2""",237.0,50,Utah,USA,"Salt Lake City, UT",2019,3926229,NULL,NULL
4585317,NFL,10,TEN,Titans,S,Kendell,Brooks,2000-03-03,"6' 0""",206.0,30,Michigan State,USA,"Swansea, SC",2023,4585317,NULL,NULL
4684139,NFL,10,TEN,Titans,LB,Sean,Brown,NULL,"5' 11""",221.0,48,NC State,USA,"Charlotte, NC",2025,4684139,NULL,NULL
4242292,NFL,10,TEN,Titans,DE,Earnest,Brown IV,1999-01-08,"6' 5""",270.0,99,Northwestern,USA,"Aubrey, TX",2022,4242292,NULL,NULL
4606181,NFL,10,TEN,Titans,CB,Keydrain,Calligan,2001-12-04,"6' 0""",200.0,29,SE Louisiana,USA,"New Iberia, LA",2024,4606181,NULL,NULL
4567403,NFL,10,TEN,Titans,LB,Mohamoud,Diabate,2001-05-18,"6' 4""",225.0,44,Utah,USA,"Auburn, AL",2021,4567403,NULL,NULL
4039052,NFL,10,TEN,Titans,DT,Jordan,Elliott,1997-11-23,"6' 4""",303.0,95,Missouri,USA,"Missouri City, TX",2020,4039052,NULL,NULL
4870707,NFL,10,TEN,Titans,DE,Keldric,Faulk,2004-09-07,"6' 5""",274.0,15,Auburn,USA,"Highland Home, AL",2025,4870707,NULL,NULL
5151810,NFL,10,TEN,Titans,S,Bishop,Fitzgerald,NULL,"5' 11""",201.0,31,USC,USA,"Woodbridge, VA",2025,5151810,NULL,NULL
4429607,NFL,10,TEN,Titans,CB,Cor'Dale,Flott,2001-08-24,"6' 2""",175.0,18,LSU,USA,"Saraland, AL",2020,4429607,NULL,NULL
3120464,NFL,10,TEN,Titans,DE,John,Franklin-Myers,1996-09-26,"6' 4""",288.0,91,Stephen F. Austin,USA,"Greenville, TX",2018,3120464,NULL,NULL
4429834,NFL,10,TEN,Titans,LB,Cedric,Gray,2002-10-30,"6' 2""",234.0,33,North Carolina,USA,"Charlotte, NC",2022,4429834,NULL,NULL
4373320,NFL,10,TEN,Titans,S,Erick,Hallett II,2000-04-24,"5' 11""",200.0,41,Pittsburgh,USA,"Cypress, TX",2023,4373320,NULL,NULL
4429058,NFL,10,TEN,Titans,LB,Jaylen,Harrell,2002-05-01,"6' 4""",247.0,92,Michigan,USA,"Tampa, FL",2022,4429058,NULL,NULL
4570469,NFL,10,TEN,Titans,CB,Marcus,Harris,2001-03-06,"5' 11""",188.0,26,California,USA,"Portland, OR",2023,4570469,NULL,NULL
4259547,NFL,10,TEN,Titans,DE,Malik,Herring,1997-11-09,"6' 3""",275.0,93,Georgia,USA,"Forsyth, GA",2019,4259547,NULL,NULL
4870805,NFL,10,TEN,Titans,LB,Anthony,Hill Jr.,2005-02-14,"6' 2""",238.0,53,Texas,USA,"Denton, TX",2025,4870805,NULL,NULL
3121414,NFL,10,TEN,Titans,DE,Jalyn,Holmes,1996-01-25,"6' 5""",283.0,97,Ohio State,USA,"Norfolk, VA",2018,3121414,NULL,NULL
4036134,NFL,10,TEN,Titans,S,Amani,Hooker,1998-06-14,"5' 11""",210.0,37,Iowa,USA,"Minneapolis, MN",2019,4036134,NULL,NULL
4045701,NFL,10,TEN,Titans,DT,Timmy,Horne,1997-10-25,"6' 4""",323.0,94,Kansas State,USA,"Wadesboro, NC",2021,4045701,NULL,NULL
4431147,NFL,10,TEN,Titans,DT,Cam,Horsley,2002-02-06,"6' 3""",312.0,68,Boston College,USA,"Cinnaminson, NJ",2024,4431147,NULL,NULL
4567962,NFL,10,TEN,Titans,DE,Jermaine,Johnson II,1999-01-07,"6' 5""",254.0,11,Florida State,USA,"Eden Prairie, MN",2020,4567962,NULL,NULL
4367828,NFL,10,TEN,Titans,DE,Truman,Jones,2000-05-13,"6' 3""",255.0,56,Harvard,USA,"Atlanta, GA",2023,4367828,NULL,NULL
4430118,NFL,10,TEN,Titans,S,Sanoussi,Kane,2001-10-06,"5' 11""",210.0,42,Purdue,USA,"Harlem, NY",2022,4430118,NULL,NULL
4685444,NFL,10,TEN,Titans,CB,Jeadyn,Lukus,NULL,"6' 2""",205.0,35,Clemson,USA,"Mauldin, SC",2025,4685444,NULL,NULL
5081785,NFL,10,TEN,Titans,DT,Jackie,Marshall,NULL,"6' 2""",293.0,96,Baylor,USA,"Laplace, LA",2025,5081785,NULL,NULL
3138764,NFL,10,TEN,Titans,DE,Jacob,Martin,1995-12-11,"6' 2""",242.0,57,Temple,USA,"Aurora, CO",2018,3138764,NULL,NULL
4573318,NFL,10,TEN,Titans,LB,Dorian,Mausi,2002-03-05,"6' 1""",234.0,54,Auburn,USA,"Detroit, MI",2023,4573318,NULL,NULL
4433972,NFL,10,TEN,Titans,CB,Latrell,McCutchin Sr.,NULL,"6' 2""",191.0,36,Houston,USA,"Austin, TX",2025,4433972,NULL,NULL
4683455,NFL,10,TEN,Titans,CB,Jalen,McMurray,NULL,"5' 11""",184.0,16,Tennessee,USA,"Upper Marlboro, MD",2025,4683455,NULL,NULL
4876057,NFL,10,TEN,Titans,DE,Oluwafemi,Oladejo,2003-09-20,"6' 3""",259.0,7,UCLA,USA,"Elk Grove, CA",2023,4876057,NULL,NULL
4833031,NFL,10,TEN,Titans,LB,Mani,Powell,NULL,"6' 0""",231.0,49,Purdue,USA,"Columbus, OH",2025,4833031,NULL,NULL
4570084,NFL,10,TEN,Titans,S,Jerrick,Reed II,2000-08-07,"5' 9""",197.0,28,New Mexico,USA,"Olive Branch, MS",2021,4570084,NULL,NULL
4695280,NFL,10,TEN,Titans,CB,Micah,Robinson,2002-02-05,"5' 11""",183.0,21,Tulane,USA,"Atlanta, GA",2023,4695280,NULL,NULL
4035369,NFL,10,TEN,Titans,DT,Jeffery,Simmons,1997-07-28,"6' 4""",305.0,98,Mississippi State,USA,"Macon, MS",2019,4035369,NULL,NULL
4369835,NFL,10,TEN,Titans,CB,Alontae,Taylor,1998-12-03,"6' 1""",199.0,24,Tennessee,USA,"Manchester, TN",2020,4369835,NULL,NULL
3117258,NFL,10,TEN,Titans,DT,Solomon,Thomas,1995-12-20,"6' 2""",285.0,90,Stanford,USA,"Coppell, TX",2017,3117258,NULL,NULL
4917635,NFL,10,TEN,Titans,CB,Joshua,Williams,1999-10-17,"6' 3""",193.0,25,Fayetteville State,USA,"Fayetteville, NC",2020,4917635,NULL,NULL
4431613,NFL,10,TEN,Titans,LB,James,Williams Sr.,2003-02-15,"6' 4""",232.0,52,Miami,USA,"Fort Lauderdale, FL",2022,4431613,NULL,NULL
4685617,NFL,10,TEN,Titans,S,Kevin,Winston Jr.,2003-12-02,"6' 2""",213.0,23,Penn State,USA,"Columbia, MD",2023,4685617,NULL,NULL
13848,NFL,10,TEN,Titans,LS,Morgan,Cox,1986-04-26,"6' 4""",233.0,46,Tennessee,USA,"Collierville, TN",2010,13848,NULL,NULL
3124084,NFL,10,TEN,Titans,PK,Joey,Slye,1996-04-10,"5' 11""",213.0,6,Virginia Tech,USA,"Stafford, VA",2019,3124084,NULL,NULL
3915398,NFL,10,TEN,Titans,P,Tommy,Townsend,1996-11-12,"6' 1""",191.0,3,Florida,USA,"Orlando, FL",2020,3915398,NULL,NULL
3115922,NFL,28,WSH,Commanders,G,Nick,Allegretti,1996-04-21,"6' 4""",310.0,67,Illinois,USA,"Frankfort, IL",2019,3115922,NULL,NULL
4685246,NFL,28,WSH,Commanders,RB,Kaytron,Allen,NULL,"5' 11""",217.0,31,Penn State,USA,"Norfolk, VA",2025,4685246,NULL,NULL
4569301,NFL,28,WSH,Commanders,G,Malaesala,Aumavae-Laulu,1999-05-25,"6' 5""",344.0,64,Oregon,USA,"Hilo, HI",2022,4569301,NULL,NULL
4048228,NFL,28,WSH,Commanders,TE,John,Bates,1997-11-06,"6' 6""",256.0,87,Boise State,USA,"Lebanon, OR",2019,4048228,NULL,NULL
4683111,NFL,28,WSH,Commanders,WR,Jaden,Bradley,NULL,"6' 4""",195.0,86,UNLV,USA,"Fayetteville, NC",2025,4683111,NULL,NULL
4361577,NFL,28,WSH,Commanders,WR,Dyami,Brown,1999-11-01,"6' 0""",195.0,6,North Carolina,USA,"Charlotte, NC",2019,4361577,NULL,NULL
4567156,NFL,28,WSH,Commanders,WR,Treylon,Burks,2000-03-23,"6' 2""",225.0,13,Arkansas,USA,"Warren, AR",2020,4567156,NULL,NULL
3917849,NFL,28,WSH,Commanders,TE,Lawrence,Cager,1997-08-20,"6' 5""",220.0,89,Georgia,USA,"Baltimore, MD",2020,3917849,NULL,NULL
4685030,NFL,28,WSH,Commanders,G,Brandon,Coleman,2000-10-12,"6' 6""",320.0,74,TCU,USA,"Denton, TX",2022,4685030,NULL,NULL
4685326,NFL,28,WSH,Commanders,OT,Josh,Conerly Jr.,2003-11-05,"6' 4""",315.0,72,Oregon,USA,"Seattle, WA",2023,4685326,NULL,NULL
4429456,NFL,28,WSH,Commanders,G,Tyler,Cooper,2001-04-20,"6' 5""",302.0,61,Minnesota,USA,"Saint Croix Falls, WI",2024,4429456,NULL,NULL
4262199,NFL,28,WSH,Commanders,G,Sam,Cosmi,1999-02-16,"6' 7""",309.0,76,Texas,USA,"Humble, TX",2019,4262199,NULL,NULL
4575131,NFL,28,WSH,Commanders,RB,Jacory,Croskey-Merritt,2001-04-12,"5' 11""",208.0,22,Arizona,USA,"Montgomery, AL",2023,4575131,NULL,NULL
4426348,NFL,28,WSH,Commanders,QB,Jayden,Daniels,2000-12-18,"6' 4""",210.0,5,LSU,USA,"San Bernardino, CA",2022,4426348,NULL,NULL
3049698,NFL,28,WSH,Commanders,TE,Anthony,Firkser,1995-02-19,"6' 2""",241.0,46,Harvard,USA,"Manalapan, NJ",2017,3049698,NULL,NULL
4372019,NFL,28,WSH,Commanders,RB,Jerome,Ford,1999-09-12,"5' 10""",210.0,34,Cincinnati,USA,"Tampa, FL",2020,4372019,NULL,NULL
3917949,NFL,28,WSH,Commanders,G,Julian,Good-Jones,1997-03-02,"6' 5""",313.0,61,Iowa State,USA,"Cedar Rapids, IA",2020,3917949,NULL,NULL
4683463,NFL,28,WSH,Commanders,C,Matt,Gulbin,NULL,"6' 4""",312.0,66,Michigan State,USA,"Wilton, CT",2025,4683463,NULL,NULL
4361994,NFL,28,WSH,Commanders,QB,Sam,Hartman,1999-07-29,"6' 1""",209.0,15,Notre Dame,USA,"Charlotte, NC",2024,4361994,NULL,NULL
5151317,NFL,28,WSH,Commanders,RB,Robert,Henry Jr.,NULL,"5' 9""",196.0,30,UTSA,USA,"Lumberton, MS",2025,5151317,NULL,NULL
4431334,NFL,28,WSH,Commanders,WR,Chris,Hilton Jr.,NULL,"6' 0""",188.0,10,LSU,USA,"Zachary, LA",2025,4431334,NULL,NULL
3930066,NFL,28,WSH,Commanders,WR,Van,Jefferson,1996-07-26,"6' 1""",200.0,12,Florida,USA,"Brentwood, TN",2020,3930066,NULL,NULL
5083297,NFL,28,WSH,Commanders,WR,Jacoby,Jones,2001-07-18,"6' 3""",228.0,84,UCF,USA,"Tunica, MS",2024,5083297,NULL,NULL
4432722,NFL,28,WSH,Commanders,QB,Athan,Kaliakmanis,NULL,"6' 2""",216.0,16,Rutgers,USA,"Antioch, IL",2025,4432722,NULL,NULL
4602667,NFL,28,WSH,Commanders,WR,Jaylin,Lane,2002-05-01,"5' 10""",196.0,83,Virginia Tech,USA,"Clover, SC",2023,4602667,NULL,NULL
2576980,NFL,28,WSH,Commanders,QB,Marcus,Mariota,1993-10-30,"6' 4""",222.0,8,Oregon,USA,"Honolulu, HI",2015,2576980,NULL,NULL
4426948,NFL,28,WSH,Commanders,WR,Luke,McCaffrey,2001-04-02,"6' 2""",195.0,11,Rice,USA,"Highlands Ranch, CO",2022,4426948,NULL,NULL
4568320,NFL,28,WSH,Commanders,G,Timothy,McKay,2002-01-15,"6' 4""",312.0,68,NC State,USA,"Raleigh, NC",2024,4568320,NULL,NULL
3121422,NFL,28,WSH,Commanders,WR,Terry,McLaurin,1995-09-15,"6' 0""",210.0,17,Ohio State,USA,"Indianapolis, IN",2019,3121422,NULL,NULL
3127586,NFL,28,WSH,Commanders,RB,Jeremy,McNichols,1995-12-26,"5' 9""",205.0,26,Boise State,USA,"Long Beach, CA",2017,3127586,NULL,NULL
4875350,NFL,28,WSH,Commanders,TE,Quentin,Moore,NULL,"6' 5""",260.0,40,Washington,USA,"Kenmore, WA",2025,4875350,NULL,NULL
4570242,NFL,28,WSH,Commanders,WR,Nick,Nash,1999-07-08,"6' 3""",195.0,19,San José State,USA,"Irvine, CA",2024,4570242,NULL,NULL
4360635,NFL,28,WSH,Commanders,TE,Chig,Okonkwo,1999-09-08,"6' 3""",238.0,85,Maryland,USA,"Powder Springs, GA",2020,4360635,NULL,NULL
4244615,NFL,28,WSH,Commanders,G,Chris,Paul,1998-11-19,"6' 4""",324.0,75,Tulsa,USA,"Houston, TX",2020,4244615,NULL,NULL
4242555,NFL,28,WSH,Commanders,OT,Foster,Sarell,1998-08-28,"6' 6""",322.0,79,Stanford,USA,"Graham, WA",2020,4242555,NULL,NULL
3123303,NFL,28,WSH,Commanders,OT,Trent,Scott,1994-01-25,"6' 5""",320.0,73,Grambling,USA,"Huntsville, AL",2018,3123303,NULL,NULL
4690923,NFL,28,WSH,Commanders,TE,Ben,Sinnott,2002-06-14,"6' 4""",245.0,82,Kansas State,USA,"Waterloo, IA",2022,4690923,NULL,NULL
4605488,NFL,28,WSH,Commanders,G,Tanoa,Togiai,NULL,"6' 6""",321.0,62,Utah,USA,"Rigby, ID",2025,4605488,NULL,NULL
3051890,NFL,28,WSH,Commanders,OT,Laremy,Tunsil,1994-08-02,"6' 5""",313.0,78,Ole Miss,USA,"Lake City, FL",2016,3051890,NULL,NULL
4697815,NFL,28,WSH,Commanders,RB,Rachaad,White,1999-01-12,"6' 0""",214.0,1,Arizona State,USA,"Kansas City, MO",2020,4697815,NULL,NULL
5081432,NFL,28,WSH,Commanders,WR,Antonio,Williams,2004-07-14,"5' 11""",195.0,14,Clemson,USA,"Irmo, SC",2025,5081432,NULL,NULL
3042702,NFL,28,WSH,Commanders,G,Andrew,Wylie,1994-08-19,"6' 5""",304.0,71,Eastern Michigan,USA,"Midland, MI",2017,3042702,NULL,NULL
4361088,NFL,28,WSH,Commanders,TE,Colson,Yankoff,2000-03-01,"6' 4""",225.0,80,UCLA,USA,"Coeur d'Alene, ID",2022,4361088,NULL,NULL
4574689,NFL,28,WSH,Commanders,CB,Trey,Amos,2002-03-03,"6' 1""",190.0,23,Ole Miss,USA,"New Iberia, LA",2023,4574689,NULL,NULL
3928979,NFL,28,WSH,Commanders,DE,Dorance,Armstrong,1997-06-10,"6' 4""",255.0,92,Kansas,USA,"Houston, TX",2018,3928979,NULL,NULL
4428343,NFL,28,WSH,Commanders,DT,Ricky,Barber,2001-05-07,"6' 3""",295.0,50,UCF,USA,"Louisville, KY",2024,4428343,NULL,NULL
14471,NFL,28,WSH,Commanders,LB,Nick,Bellore,1989-05-12,"6' 1""",250.0,57,Central Michigan,USA,"Whitefish Bay, WI",2011,14471,NULL,NULL
4363097,NFL,28,WSH,Commanders,S,Percy,Butler,2000-05-29,"6' 0""",190.0,35,Louisiana,USA,"Plaquemine, LA",2020,4363097,NULL,NULL
4577333,NFL,28,WSH,Commanders,LB,Andre,Carter II,2000-03-28,"6' 5""",270.0,55,Army,USA,"Missouri City, TX",2023,4577333,NULL,NULL
4242205,NFL,28,WSH,Commanders,LB,K'Lavon,Chaisson,1999-07-25,"6' 3""",255.0,45,LSU,USA,"Houston, TX",2020,4242205,NULL,NULL
4426901,NFL,28,WSH,Commanders,LB,Leo,Chenal,2000-10-26,"6' 3""",250.0,54,Wisconsin,USA,"Grantsburg, WI",2020,4426901,NULL,NULL
4426403,NFL,28,WSH,Commanders,S,Nick,Cross,2001-09-10,"6' 0""",212.0,25,Maryland,USA,"Bowie, MD",2020,4426403,NULL,NULL
4242899,NFL,28,WSH,Commanders,DT,DJ,Davidson,1997-09-19,"6' 5""",320.0,NULL,Arizona State,USA,"Mesa, AZ",2020,4242899,NULL,NULL
4686092,NFL,28,WSH,Commanders,CB,Fred,Davis II,NULL,"6' 1""",200.0,38,Northwestern,USA,"Jacksonville, FL",2025,4686092,NULL,NULL
3943270,NFL,28,WSH,Commanders,CB,Rasul,Douglas,1995-08-29,"6' 2""",209.0,NULL,West Virginia,USA,"East Orange, NJ",2017,3943270,NULL,NULL
3056354,NFL,28,WSH,Commanders,CB,Antonio,Hamilton Sr.,1993-01-24,"6' 0""",188.0,34,South Carolina State,USA,"Johnston, SC",2016,3056354,NULL,NULL
3915297,NFL,28,WSH,Commanders,S,Will,Harris,1995-12-19,"6' 1""",206.0,3,Boston College,USA,"Suwanee, GA",2019,3915297,NULL,NULL
4686553,NFL,28,WSH,Commanders,CB,Tre,Hawkins III,2000-08-01,"6' 3""",195.0,46,Old Dominion,USA,"Temple, TX",2022,4686553,NULL,NULL
4569511,NFL,28,WSH,Commanders,DE,Drake,Jackson,2001-04-12,"6' 4""",273.0,93,USC,USA,"Corona, CA",2021,4569511,NULL,NULL
4361357,NFL,28,WSH,Commanders,LB,Javontae,Jean-Baptiste,2000-05-16,"6' 4""",260.0,90,Notre Dame,USA,"Spring Valley, NY",2022,4361357,NULL,NULL
4240623,NFL,28,WSH,Commanders,DE,DJ,Johnson,1998-10-21,"6' 4""",260.0,53,Oregon,USA,"Sacramento, CA",2021,4240623,NULL,NULL
5081392,NFL,28,WSH,Commanders,LB,Joshua,Josephs,NULL,"6' 3""",240.0,48,Tennessee,USA,"Kennesaw, GA",2025,5081392,NULL,NULL
4361090,NFL,28,WSH,Commanders,LB,Ale,Kaho,2000-04-07,"6' 2""",230.0,51,UCLA,USA,"Reno, NV",2023,4361090,NULL,NULL
4259491,NFL,28,WSH,Commanders,DT,Javon,Kinlaw,1997-10-03,"6' 5""",319.0,99,South Carolina,USA,"Charleston, SC",2020,4259491,NULL,NULL
4036219,NFL,28,WSH,Commanders,S,Qwuantrezz,Knight,1997-10-10,"6' 0""",199.0,NULL,UCLA,USA,"Quincy, FL",2024,4036219,NULL,NULL
3127273,NFL,28,WSH,Commanders,LB,Frankie,Luvu,1996-09-19,"6' 3""",235.0,4,Washington State,American Samoa,Tafuna,2018,3127273,NULL,NULL
5081056,NFL,28,WSH,Commanders,DT,Jeffrey,M'ba,NULL,"6' 6""",312.0,60,SMU,Gabon,Libreville,2025,5081056,NULL,NULL
4568617,NFL,28,WSH,Commanders,LB,Jordan,Magee,2001-03-24,"6' 3""",225.0,58,Temple,USA,"Dover, DE",2022,4568617,NULL,NULL
5278092,NFL,28,WSH,Commanders,DE,T.J.,Maguranyanga,2002-12-22,"6' 4""",222.0,59,NULL,Zimbabwe,Harare,2024,5278092,NULL,NULL
4360378,NFL,28,WSH,Commanders,S,Quan,Martin,2000-04-17,"6' 0""",195.0,20,Illinois,USA,"Lehigh Acres, FL",2021,4360378,NULL,NULL
4574814,NFL,28,WSH,Commanders,S,Robert,McDaniel,2000-10-18,"6' 2""",207.0,47,Jackson State,USA,"Jackson, MS",2024,4574814,NULL,NULL
4427984,NFL,28,WSH,Commanders,LB,Kain,Medrano,2001-02-16,"6' 3""",230.0,56,UCLA,USA,"Pueblo, CO",2023,4427984,NULL,NULL
4430560,NFL,28,WSH,Commanders,DT,Jer'Zhan,Newton,2002-08-31,"6' 2""",295.0,95,Illinois,USA,"St. Petersburg, FL",2022,4430560,NULL,NULL
3929865,NFL,28,WSH,Commanders,DE,Charles,Omenihu,1997-08-20,"6' 5""",280.0,90,Texas,USA,"Rowlett, TX",2019,3929865,NULL,NULL
4361422,NFL,28,WSH,Commanders,LB,Odafe,Oweh,1998-12-15,"6' 5""",251.0,98,Penn State,USA,"Howell, NJ",2019,4361422,NULL,NULL
4572460,NFL,28,WSH,Commanders,S,Tyler,Owens,2001-05-12,"6' 2""",213.0,18,Texas Tech,USA,"Plano, TX",2022,4572460,NULL,NULL
3925354,NFL,28,WSH,Commanders,DT,Daron,Payne,1997-05-27,"6' 3""",320.0,94,Alabama,USA,"Birmingham, AL",2018,3925354,NULL,NULL
3125248,NFL,28,WSH,Commanders,S,Jeremy,Reaves,1996-08-29,"5' 11""",200.0,39,South Alabama,USA,"Pensacola, FL",2018,3125248,NULL,NULL
4239694,NFL,28,WSH,Commanders,CB,Amik,Robertson,1998-07-06,"5' 9""",183.0,2,Louisiana Tech,USA,"Thibodaux, LA",2020,4239694,NULL,NULL
4362858,NFL,28,WSH,Commanders,CB,Darius,Rush,2000-02-22,"6' 2""",198.0,29,South Carolina,USA,"Kingstree, SC",2023,4362858,NULL,NULL
4428414,NFL,28,WSH,Commanders,CB,Mike,Sainristil,2000-10-03,"5' 10""",182.0,0,Michigan,Haiti,Port-au-prince,2022,4428414,NULL,NULL
3929956,NFL,28,WSH,Commanders,DT,Tim,Settle,1997-07-11,"6' 3""",315.0,97,Virginia Tech,USA,"Manassas, VA",2018,3929956,NULL,NULL
4782664,NFL,28,WSH,Commanders,S,Malik,Spencer,NULL,"6' 1""",191.0,36,Michigan State,USA,"Buford, GA",2025,4782664,NULL,NULL
5081807,NFL,28,WSH,Commanders,LB,Sonny,Styles,2004-11-24,"6' 5""",243.0,52,Ohio State,USA,"Pickerington, OH",2025,5081807,NULL,NULL
3886601,NFL,28,WSH,Commanders,DT,Shy,Tuttle,1995-10-20,"6' 3""",300.0,79,Tennessee,USA,"Midway, NC",2019,3886601,NULL,NULL
4917486,NFL,28,WSH,Commanders,CB,Car'lin,Vigers,2000-08-16,"6' 2""",200.0,37,UL Monroe,USA,"Eunice, LA",2024,4917486,NULL,NULL
2980080,NFL,28,WSH,Commanders,DE,Deatrich,Wise Jr.,1994-07-26,"6' 5""",280.0,91,Arkansas,USA,"Carrollton, TX",2017,2980080,NULL,NULL
3122630,NFL,28,WSH,Commanders,CB,Ahkello,Witherspoon,1995-03-21,"6' 2""",195.0,24,Colorado,USA,"Sacramento, CA",2017,3122630,NULL,NULL
4372066,NFL,28,WSH,Commanders,PK,Jake,Moody,1999-11-23,"6' 1""",210.0,16,Michigan,USA,"Northville, MI",2021,4372066,NULL,NULL
17378,NFL,28,WSH,Commanders,LS,Tyler,Ott,1992-02-28,"6' 3""",252.0,69,Harvard,USA,"Tulsa, OK",2016,17378,NULL,NULL
5081335,NFL,28,WSH,Commanders,PK,Drew,Stevens,NULL,"6' 1""",213.0,19,Iowa,USA,"North Augusta, SC",2025,5081335,NULL,NULL
16166,NFL,28,WSH,Commanders,P,Tress,Way,1990-04-18,"6' 1""",220.0,10,Oklahoma,USA,"Tulsa, OK",2014,16166,NULL,NULL
